movieId,title,genres,rating_count,popularity_percent_rank,avg_rating,quality_percent_rank,balanced_score,quality_focused_score,popularity_focused_score,balanced_position,quality_focused_position,popularity_focused_position,rank_spread
318,"Shawshank Redemption, The (1994)",Crime|Drama,3061,0.9991,4.4699,1.0,0.9995,0.9997,0.9993,1,1,1,0
527,Schindler's List (1993),Drama|War,2475,0.9972,4.2941,0.9981,0.9976,0.9978,0.9975,2,3,2,1
50,"Usual Suspects, The (1995)",Crime|Mystery|Thriller,2357,0.9956,4.3717,0.9991,0.9973,0.998,0.9966,3,2,3,1
858,"Godfather, The (1972)",Crime|Drama,2026,0.9912,4.3882,0.9997,0.9954,0.9971,0.9938,4,4,6,2
260,Star Wars: Episode IV - A New Hope (1977),Action|Adventure|Sci-Fi,2729,0.9984,4.1867,0.9852,0.9918,0.9892,0.9945,5,8,5,3
593,"Silence of the Lambs, The (1991)",Crime|Horror|Thriller,3080,0.9994,4.1797,0.9837,0.9915,0.9884,0.9947,6,10,4,6
2959,Fight Club (1999),Action|Crime|Drama|Thriller,1974,0.9909,4.2201,0.9918,0.9914,0.9916,0.9912,7,5,10,5
1198,Raiders of the Lost Ark (Indiana Jones and the Raiders of the Lost Ark) (1981),Action|Adventure,2181,0.9937,4.1972,0.9884,0.9911,0.99,0.9921,8,7,9,2
2571,"Matrix, The (1999)",Action|Sci-Fi|Thriller,2567,0.9975,4.1776,0.9827,0.9901,0.9872,0.9931,9,11,7,4
296,Pulp Fiction (1994),Comedy|Crime|Drama|Thriller,3320,1.0,4.1494,0.9765,0.9882,0.9835,0.9929,10,17,8,9
1196,Star Wars: Episode V - The Empire Strikes Back (1980),Action|Adventure|Sci-Fi,2296,0.995,4.1592,0.9802,0.9876,0.9847,0.9906,11,13,11,2
1193,One Flew Over the Cuckoo's Nest (1975),Drama,1447,0.9787,4.2284,0.9937,0.9862,0.9892,0.9832,12,8,16,8
1221,"Godfather: Part II, The (1974)",Crime|Drama,1347,0.9746,4.2795,0.9978,0.9862,0.9908,0.9815,13,6,19,13
2858,American Beauty (1999),Comedy|Drama,2234,0.9944,4.1497,0.9771,0.9857,0.9823,0.9892,14,19,12,7
1136,Monty Python and the Holy Grail (1975),Adventure|Comedy|Fantasy,1638,0.9852,4.1795,0.9834,0.9843,0.9839,0.9847,15,14,13,2
1197,"Princess Bride, The (1987)",Action|Adventure|Comedy|Fantasy|Romance,1634,0.9849,4.1781,0.9831,0.984,0.9836,0.9844,16,15,14,2
912,Casablanca (1942),Drama|Romance,1217,0.9692,4.2675,0.9972,0.9832,0.9888,0.9776,17,9,25,16
4226,Memento (2000),Mystery|Thriller,1516,0.9805,4.1837,0.9843,0.9824,0.9832,0.9817,18,18,18,0
750,Dr. Strangelove or: How I Learned to Stop Worrying and Love the Bomb (1964),Comedy|War,1195,0.967,4.2268,0.9931,0.9801,0.9853,0.9749,19,12,29,17
541,Blade Runner (1982),Action|Sci-Fi|Thriller,1527,0.9809,4.1582,0.9793,0.9801,0.9798,0.9804,19,22,21,3
4993,"Lord of the Rings: The Fellowship of the Ring, The (2001)",Adventure|Fantasy,1891,0.9893,4.1341,0.9708,0.9801,0.9764,0.9838,19,24,15,9
1213,Goodfellas (1990),Crime|Drama,1297,0.973,4.1874,0.9856,0.9793,0.9818,0.9768,20,20,27,7
4973,"Amelie (Fabuleux destin d'Amélie Poulain, Le) (2001)",Comedy|Romance,1190,0.9658,4.2168,0.9912,0.9785,0.9836,0.9734,21,16,31,15
7153,"Lord of the Rings: The Return of the King, The (2003)",Action|Adventure|Drama|Fantasy,1541,0.9812,4.1311,0.9689,0.975,0.9726,0.9775,22,27,26,5
5952,"Lord of the Rings: The Two Towers, The (2002)",Adventure|Fantasy,1699,0.9865,4.1045,0.962,0.9743,0.9694,0.9792,23,29,23,6
608,Fargo (1996),Comedy|Crime|Drama|Thriller,2177,0.9931,4.0808,0.9539,0.9735,0.9656,0.9813,24,35,20,15
47,Seven (a.k.a. Se7en) (1995),Mystery|Thriller,2128,0.9925,4.0761,0.951,0.9718,0.9635,0.98,25,38,22,16
58559,"Dark Knight, The (2008)",Action|Crime|Drama|IMAX,983,0.9473,4.2482,0.9956,0.9714,0.9811,0.9618,26,21,43,22
2329,American History X (1998),Crime|Drama,1158,0.962,4.1658,0.9809,0.9714,0.9752,0.9677,26,25,34,9
356,Forrest Gump (1994),Comedy|Drama|Romance|War,3314,0.9997,4.0567,0.941,0.9703,0.9586,0.9821,27,45,17,28
2028,Saving Private Ryan (1998),Action|Drama|War,1882,0.989,4.0656,0.947,0.968,0.9596,0.9764,28,42,28,14
904,Rear Window (1954),Mystery|Thriller,885,0.9397,4.2458,0.9953,0.9675,0.9786,0.9564,29,23,46,23
111,Taxi Driver (1976),Crime|Drama|Thriller,1190,0.9658,4.1218,0.9661,0.9659,0.966,0.9659,30,34,36,6
110,Braveheart (1995),Action|Drama|War,2667,0.9981,4.0409,0.9338,0.9659,0.9531,0.9788,30,52,24,28
2762,"Sixth Sense, The (1999)",Drama|Horror|Mystery,1941,0.9906,4.0479,0.9369,0.9637,0.953,0.9745,31,53,30,23
1617,L.A. Confidential (1997),Crime|Film-Noir|Mystery|Thriller,1332,0.9736,4.0796,0.9526,0.9631,0.9589,0.9673,32,43,35,11
2324,Life Is Beautiful (La Vita è bella) (1997),Comedy|Drama|Romance|War,927,0.9432,4.1753,0.9824,0.9628,0.9707,0.955,33,28,47,19
7361,Eternal Sunshine of the Spotless Mind (2004),Drama|Romance|Sci-Fi,1134,0.9617,4.1107,0.963,0.9623,0.9626,0.9621,34,40,41,7
908,North by Northwest (1959),Action|Adventure|Mystery|Romance|Thriller,786,0.9259,4.2532,0.9959,0.9609,0.9749,0.9469,35,26,62,36
1208,Apocalypse Now (1979),Action|Drama|War,1165,0.963,4.0944,0.9586,0.9608,0.9599,0.9616,36,41,45,9
293,Léon: The Professional (a.k.a. The Professional) (Léon) (1994),Action|Crime|Drama|Thriller,1294,0.9727,4.0676,0.9476,0.9601,0.9551,0.9652,37,51,37,14
1089,Reservoir Dogs (1992),Crime|Mystery|Thriller,1334,0.9739,4.0562,0.9404,0.9572,0.9504,0.9639,38,56,39,18
923,Citizen Kane (1941),Drama|Mystery,878,0.9391,4.1429,0.9736,0.9564,0.9633,0.9495,39,39,56,17
1219,Psycho (1960),Crime|Horror,987,0.9476,4.113,0.9636,0.9556,0.9588,0.9524,40,44,51,11
1252,Chinatown (1974),Crime|Film-Noir|Mystery|Thriller,772,0.924,4.1846,0.9849,0.9545,0.9667,0.9423,41,33,66,33
1234,"Sting, The (1973)",Comedy|Crime,759,0.9212,4.195,0.9868,0.954,0.9671,0.9409,42,32,67,35
1207,To Kill a Mockingbird (1962),Drama,726,0.9162,4.2176,0.9915,0.9539,0.9689,0.9388,43,30,69,39
1291,Indiana Jones and the Last Crusade (1989),Action|Adventure,1598,0.9824,4.0188,0.9247,0.9535,0.942,0.9651,44,67,38,29
1704,Good Will Hunting (1997),Drama|Romance,1407,0.9771,4.0217,0.9259,0.9515,0.9413,0.9617,45,69,44,25
457,"Fugitive, The (1993)",Thriller,2443,0.9969,3.9855,0.9062,0.9515,0.9334,0.9696,45,78,32,46
1210,Star Wars: Episode VI - Return of the Jedi (1983),Action|Adventure|Sci-Fi,2354,0.9953,3.9851,0.9052,0.9503,0.9322,0.9683,46,81,33,48
5618,Spirited Away (Sen to Chihiro no kamikakushi) (2001),Adventure|Animation|Fantasy,671,0.9043,4.2332,0.9947,0.9495,0.9675,0.9314,47,31,84,53
1214,Alien (1979),Horror|Sci-Fi,1554,0.9815,4.0042,0.9162,0.9488,0.9358,0.9619,48,73,42,31
1222,Full Metal Jacket (1987),Drama|War,1106,0.9589,4.0506,0.9375,0.9482,0.9439,0.9525,49,62,50,13
1247,"Graduate, The (1967)",Comedy|Drama|Romance,868,0.9379,4.0853,0.9554,0.9466,0.9502,0.9431,50,57,64,14
1203,12 Angry Men (1957),Drama,651,0.8983,4.232,0.9944,0.9463,0.9655,0.9271,51,36,91,55
1148,Wallace & Gromit: The Wrong Trousers (1993),Animation|Children|Comedy|Crime,769,0.9228,4.1326,0.9699,0.9463,0.9557,0.9369,51,48,75,27
1225,Amadeus (1984),Drama,998,0.9488,4.0586,0.9426,0.9457,0.9444,0.947,52,61,61,9
1201,"Good, the Bad and the Ugly, The (Buono, il brutto, il cattivo, Il) (1966)",Action|Adventure|Western,721,0.9153,4.1456,0.9749,0.9451,0.957,0.9331,53,46,80,34
778,Trainspotting (1996),Comedy|Crime|Drama,1166,0.9633,4.0172,0.9231,0.9432,0.9352,0.9512,54,75,53,22
1230,Annie Hall (1977),Comedy|Romance,801,0.9278,4.0918,0.9583,0.943,0.9491,0.9369,55,59,74,19
6016,City of God (Cidade de Deus) (2002),Action|Adventure|Crime|Drama|Thriller,611,0.8879,4.2643,0.9969,0.9424,0.9642,0.9206,56,37,105,68
1259,Stand by Me (1986),Adventure|Drama,1034,0.9539,4.0348,0.9309,0.9424,0.9378,0.947,57,71,60,14
2692,Run Lola Run (Lola rennt) (1998),Action|Crime,822,0.9325,4.0791,0.952,0.9422,0.9461,0.9384,58,60,70,12
1,Toy Story (1995),Adventure|Animation|Children|Comedy|Fantasy,2442,0.9965,3.9519,0.8876,0.9421,0.9203,0.9639,59,96,39,57
903,Vertigo (1958),Drama|Mystery|Romance|Thriller,713,0.9137,4.1297,0.9683,0.941,0.9519,0.9301,60,55,88,33
4011,Snatch (2000),Comedy|Crime|Thriller,858,0.9363,4.0629,0.9448,0.9405,0.9422,0.9388,61,64,68,7
1200,Aliens (1986),Action|Adventure|Horror|Sci-Fi,1380,0.9761,3.9844,0.9043,0.9402,0.9258,0.9546,62,87,48,39
79132,Inception (2010),Action|Crime|Drama|Mystery|Sci-Fi|Thriller|IMAX,657,0.9008,4.1568,0.979,0.9399,0.9555,0.9243,63,49,96,47
589,Terminator 2: Judgment Day (1991),Action|Sci-Fi,2572,0.9978,3.9473,0.8804,0.9391,0.9156,0.9626,64,100,40,60
913,"Maltese Falcon, The (1941)",Film-Noir|Mystery,636,0.8961,4.1737,0.9818,0.939,0.9561,0.9218,65,47,101,54
1206,"Clockwork Orange, A (1971)",Crime|Drama|Sci-Fi|Thriller,1241,0.9711,3.9827,0.903,0.9371,0.9234,0.9507,66,89,54,35
1258,"Shining, The (1980)",Horror,1173,0.9645,3.9923,0.909,0.9368,0.9256,0.9479,67,88,59,29
4878,Donnie Darko (2001),Drama|Mystery|Sci-Fi|Thriller,908,0.9416,4.0308,0.9288,0.9352,0.9326,0.9378,68,80,71,12
1304,Butch Cassidy and the Sundance Kid (1969),Action|Western,815,0.9316,4.0515,0.9382,0.9349,0.9362,0.9336,69,72,79,10
1204,Lawrence of Arabia (1962),Adventure|Drama|War,645,0.897,4.1372,0.9721,0.9346,0.9496,0.9196,70,58,107,49
745,Wallace & Gromit: A Close Shave (1995),Animation|Children|Comedy,599,0.8839,4.1694,0.9815,0.9327,0.9522,0.9132,71,54,120,66
2019,Seven Samurai (Shichinin no samurai) (1954),Action|Adventure|Drama,564,0.8723,4.2145,0.9909,0.9316,0.9553,0.9078,72,50,127,77
3949,Requiem for a Dream (2000),Drama,706,0.9127,4.0701,0.9488,0.9308,0.938,0.9236,73,70,98,28
1233,"Boot, Das (Boat, The) (1981)",Action|Drama|War,654,0.8992,4.1009,0.9601,0.9297,0.9419,0.9175,74,68,112,44
1250,"Bridge on the River Kwai, The (1957)",Adventure|Drama|War,649,0.898,4.1032,0.9611,0.9295,0.9422,0.9169,75,65,114,49
1036,Die Hard (1988),Action|Crime|Thriller,1570,0.9821,3.9408,0.8745,0.9283,0.9067,0.9498,76,111,55,56
1270,Back to the Future (1985),Adventure|Comedy|Sci-Fi,2085,0.9918,3.9211,0.8622,0.927,0.9011,0.953,77,123,49,74
953,It's a Wonderful Life (1946),Drama|Fantasy|Romance,701,0.9102,4.0592,0.9432,0.9267,0.9333,0.9201,78,79,106,28
48516,"Departed, The (2006)",Crime|Drama|Thriller,677,0.9058,4.0635,0.9454,0.9256,0.9335,0.9177,79,77,111,34
3147,"Green Mile, The (1999)",Crime|Drama,1021,0.952,3.9721,0.8986,0.9253,0.9146,0.936,80,102,77,25
1288,This Is Spinal Tap (1984),Comedy,826,0.9331,4.0067,0.9171,0.9251,0.9219,0.9283,81,94,90,13
1080,Monty Python's Life of Brian (1979),Comedy,1048,0.9551,3.9647,0.8949,0.925,0.9129,0.937,82,104,73,31
3578,Gladiator (2000),Action|Adventure|Drama,1659,0.9862,3.9225,0.8625,0.9244,0.8996,0.9491,83,129,57,72
924,2001: A Space Odyssey (1968),Adventure|Drama|Sci-Fi,1260,0.9721,3.9433,0.8757,0.9239,0.9046,0.9432,84,116,63,53
32,Twelve Monkeys (a.k.a. 12 Monkeys) (1995),Mystery|Sci-Fi|Thriller,2205,0.994,3.9048,0.8534,0.9237,0.8956,0.9519,85,136,52,84
1262,"Great Escape, The (1963)",Action|Adventure|Drama|War,565,0.8726,4.1442,0.9743,0.9234,0.9438,0.9031,86,63,134,71
1240,"Terminator, The (1984)",Action|Sci-Fi|Thriller,1702,0.9868,3.9127,0.8584,0.9226,0.897,0.9483,87,132,58,74
33794,Batman Begins (2005),Action|Crime|IMAX,942,0.9438,3.9777,0.9011,0.9225,0.9139,0.931,88,103,85,18
2542,"Lock, Stock & Two Smoking Barrels (1998)",Comedy|Crime|Thriller,769,0.9228,4.0078,0.9178,0.9203,0.9193,0.9213,89,98,103,14
2502,Office Space (1999),Comedy|Crime,1014,0.9507,3.9546,0.8898,0.9203,0.9081,0.9325,89,109,83,26
919,"Wizard of Oz, The (1939)",Adventure|Children|Fantasy|Musical,1172,0.9642,3.9433,0.876,0.9201,0.9025,0.9378,90,120,71,49
60069,WALL·E (2008),Adventure|Animation|Children|Romance|Sci-Fi,623,0.892,4.0682,0.9479,0.92,0.9311,0.9088,91,82,124,42
2918,Ferris Bueller's Day Off (1986),Comedy,1163,0.9626,3.9437,0.8766,0.9196,0.9024,0.9368,92,121,76,45
1732,"Big Lebowski, The (1998)",Comedy|Crime,1052,0.9557,3.9472,0.8801,0.9179,0.9028,0.9331,93,119,81,38
910,Some Like It Hot (1959),Comedy|Crime,567,0.8738,4.0979,0.9592,0.9165,0.9336,0.8994,94,76,140,64
969,"African Queen, The (1951)",Adventure|Comedy|Romance|War,538,0.866,4.119,0.9655,0.9157,0.9356,0.8958,95,74,147,73
1276,Cool Hand Luke (1967),Drama,587,0.8807,4.0716,0.9501,0.9154,0.9293,0.9015,96,84,137,53
1199,Brazil (1985),Fantasy|Sci-Fi,715,0.9143,4.0028,0.9156,0.9149,0.9152,0.9147,97,101,117,20
2804,"Christmas Story, A (1983)",Children|Comedy,651,0.8983,4.0361,0.9313,0.9148,0.9214,0.9082,98,95,126,31
1267,"Manchurian Candidate, The (1962)",Crime|Thriller|War,473,0.844,4.1808,0.984,0.914,0.942,0.886,99,66,163,97
17,Sense and Sensibility (1995),Drama|Romance,1049,0.9554,3.9371,0.8726,0.914,0.8974,0.9306,99,131,86,45
2997,Being John Malkovich (1999),Comedy|Drama|Fantasy,1355,0.9752,3.9018,0.8503,0.9127,0.8878,0.9377,100,151,72,79
5418,"Bourne Identity, The (2002)",Action|Mystery|Thriller,1029,0.9532,3.9363,0.8716,0.9124,0.8961,0.9288,101,135,89,46
1266,Unforgiven (1992),Drama|Western,729,0.9165,3.9883,0.9071,0.9118,0.9099,0.9137,102,106,119,17
1278,Young Frankenstein (1974),Comedy|Fantasy,775,0.9244,3.9716,0.8983,0.9113,0.9061,0.9165,103,112,115,12
36,Dead Man Walking (1995),Crime|Drama,1027,0.9529,3.9279,0.8663,0.9096,0.8923,0.9269,104,142,92,50
4995,"Beautiful Mind, A (2001)",Drama|Romance,1127,0.9614,3.9099,0.8575,0.9094,0.8887,0.9302,105,150,87,63
899,Singin' in the Rain (1952),Comedy|Musical|Romance,516,0.8616,4.0891,0.9561,0.9088,0.9277,0.8899,106,85,158,73
150,Apollo 13 (1995),Adventure|Drama|IMAX,2398,0.9959,3.8647,0.8189,0.9074,0.872,0.9428,107,191,65,126
48394,"Pan's Labyrinth (Laberinto del fauno, El) (2006)",Drama|Fantasy|Thriller,567,0.8738,4.0538,0.9394,0.9066,0.9197,0.8935,108,97,151,54
6539,Pirates of the Caribbean: The Curse of the Black Pearl (2003),Action|Adventure|Comedy|Fantasy,1249,0.9718,3.8867,0.8409,0.9063,0.8801,0.9325,109,170,82,88
246,Hoop Dreams (1994),Documentary,507,0.8584,4.071,0.9498,0.9041,0.9224,0.8858,110,93,165,72
6874,Kill Bill: Vol. 1 (2003),Action|Crime|Thriller,1107,0.9592,3.8984,0.849,0.9041,0.8821,0.9261,110,166,94,72
8961,"Incredibles, The (2004)",Action|Adventure|Animation|Children|Comedy,1014,0.9507,3.9098,0.8572,0.904,0.8852,0.9227,111,157,100,57
1265,Groundhog Day (1993),Comedy|Fantasy|Romance,1607,0.9831,3.8687,0.8211,0.9021,0.8697,0.9345,112,196,78,118
1172,Cinema Paradiso (Nuovo cinema Paradiso) (1989),Drama,485,0.8481,4.0845,0.9551,0.9016,0.923,0.8802,113,92,171,79
3000,Princess Mononoke (Mononoke-hime) (1997),Action|Adventure|Animation|Drama|Fantasy,438,0.8299,4.1404,0.9727,0.9013,0.9298,0.8727,114,83,189,106
5060,M*A*S*H (a.k.a. MASH) (1970),Comedy|Drama|War,655,0.8999,3.9771,0.9008,0.9003,0.9005,0.9002,115,126,139,24
1242,Glory (1989),Drama|War,616,0.8889,3.9968,0.9109,0.8999,0.9043,0.8955,116,117,149,33
1246,Dead Poets Society (1989),Drama,1031,0.9535,3.8938,0.8453,0.8994,0.8777,0.9211,117,176,104,72
5995,"Pianist, The (2002)",Drama|War,499,0.8528,4.0591,0.9429,0.8978,0.9159,0.8798,118,99,172,73
3996,"Crouching Tiger, Hidden Dragon (Wo hu cang long) (2000)",Action|Drama|Romance,1227,0.9696,3.8749,0.8261,0.8978,0.8691,0.9265,118,199,93,106
4027,"O Brother, Where Art Thou? (2000)",Adventure|Comedy|Crime,1001,0.9495,3.8891,0.8437,0.8966,0.8754,0.9177,119,182,110,72
1961,Rain Man (1988),Drama,1209,0.9689,3.8693,0.8223,0.8956,0.8663,0.925,120,204,95,109
1358,Sling Blade (1996),Drama,657,0.9008,3.9551,0.8901,0.8955,0.8933,0.8976,121,141,143,22
223,Clerks (1994),Comedy,1191,0.9664,3.8715,0.8242,0.8953,0.8669,0.9238,122,203,97,106
48780,"Prestige, The (2006)",Drama|Mystery|Sci-Fi|Thriller,546,0.8672,4.0165,0.9225,0.8949,0.9059,0.8838,123,113,168,55
58,"Postman, The (Postino, Il) (1994)",Comedy|Drama|Romance,620,0.8905,3.9742,0.8992,0.8949,0.8966,0.8931,123,133,152,29
1090,Platoon (1986),Drama|War,784,0.9253,3.9171,0.8613,0.8933,0.8805,0.9061,124,169,130,45
1079,"Fish Called Wanda, A (1988)",Comedy|Crime,992,0.9482,3.8836,0.8374,0.8928,0.8707,0.915,125,193,116,77
44191,V for Vendetta (2006),Action|Sci-Fi|Thriller|IMAX,697,0.909,3.9376,0.8732,0.8911,0.8839,0.8982,126,161,141,35
4886,"Monsters, Inc. (2001)",Adventure|Animation|Children|Comedy|Fantasy,1198,0.968,3.8589,0.8136,0.8908,0.8599,0.9217,127,218,102,116
6377,Finding Nemo (2003),Adventure|Animation|Children|Comedy,1167,0.9636,3.8603,0.8154,0.8895,0.8599,0.9191,128,219,108,111
54286,"Bourne Ultimatum, The (2007)",Action|Crime|Thriller,529,0.8638,3.9896,0.9074,0.8856,0.8943,0.8769,129,139,179,50
1244,Manhattan (1979),Comedy|Drama|Romance,418,0.8183,4.0778,0.9513,0.8848,0.9114,0.8582,130,105,217,112
7438,Kill Bill: Vol. 2 (2004),Action|Drama|Thriller,954,0.9448,3.8716,0.8245,0.8847,0.8606,0.9087,131,216,125,91
68954,Up (2009),Adventure|Animation|Children|Drama,475,0.8449,4.0179,0.9237,0.8843,0.9001,0.8686,132,127,196,69
922,Sunset Blvd. (a.k.a. Sunset Boulevard) (1950),Drama|Film-Noir|Romance,353,0.775,4.2252,0.9928,0.8839,0.9274,0.8403,133,86,255,169
3897,Almost Famous (2000),Drama,915,0.9426,3.8727,0.8252,0.8839,0.8604,0.9073,134,217,129,88
2396,Shakespeare in Love (1998),Comedy|Drama|Romance,1247,0.9714,3.84,0.796,0.8837,0.8486,0.9188,135,245,109,136
4306,Shrek (2001),Adventure|Animation|Children|Comedy|Fantasy|Romance,1614,0.9837,3.8259,0.7831,0.8834,0.8433,0.9235,136,253,99,154
59315,Iron Man (2008),Action|Adventure|Sci-Fi,567,0.8738,3.9568,0.8923,0.8831,0.8868,0.8794,137,153,173,36
1682,"Truman Show, The (1998)",Comedy|Drama|Sci-Fi,1207,0.9686,3.8409,0.7969,0.8828,0.8484,0.9171,138,246,113,133
1228,Raging Bull (1980),Drama,469,0.8431,4.0149,0.9218,0.8825,0.8982,0.8667,139,130,199,69
5989,Catch Me If You Can (2002),Crime|Drama,903,0.941,3.871,0.8239,0.8825,0.859,0.9059,139,225,131,94
898,"Philadelphia Story, The (1940)",Comedy|Drama|Romance,354,0.7753,4.1935,0.9865,0.8809,0.9231,0.8386,140,91,264,173
3114,Toy Story 2 (1999),Adventure|Animation|Children|Comedy|Fantasy,1120,0.9605,3.8429,0.8001,0.8803,0.8482,0.9123,141,247,122,125
1263,"Deer Hunter, The (1978)",Drama|War,529,0.8638,3.966,0.8964,0.8801,0.8866,0.8736,142,154,187,45
1212,"Third Man, The (1949)",Film-Noir|Mystery|Thriller,350,0.7718,4.1971,0.9881,0.8799,0.9232,0.8367,143,90,272,182
1610,"Hunt for Red October, The (1990)",Action|Adventure|Thriller,1088,0.9567,3.8433,0.8013,0.879,0.8479,0.9101,144,248,123,125
2194,"Untouchables, The (1987)",Action|Crime|Drama,757,0.9209,3.8831,0.8362,0.8785,0.8616,0.8955,145,213,149,68
475,In the Name of the Father (1993),Drama,476,0.8456,3.9968,0.9112,0.8784,0.8915,0.8653,146,143,201,58
6,Heat (1995),Action|Crime|Thriller,1196,0.9674,3.8307,0.7863,0.8768,0.8406,0.913,147,260,121,139
720,Wallace & Gromit: The Best of Aardman Animation (1996),Adventure|Animation|Comedy,418,0.8183,4.0443,0.935,0.8766,0.9,0.8533,148,128,224,96
555,True Romance (1993),Crime|Thriller,780,0.925,3.8763,0.828,0.8765,0.8571,0.8959,149,230,146,84
32587,Sin City (2005),Action|Crime|Film-Noir|Mystery|Thriller,813,0.9309,3.8665,0.8202,0.8755,0.8534,0.8977,150,235,142,93
34405,Serenity (2005),Action|Adventure|Sci-Fi,403,0.806,4.0571,0.9413,0.8737,0.9007,0.8466,151,125,237,112
46578,Little Miss Sunshine (2006),Adventure|Comedy|Drama,591,0.882,3.9247,0.8644,0.8732,0.8697,0.8767,152,196,180,44
1293,Gandhi (1982),Drama,490,0.8497,3.9653,0.8958,0.8727,0.882,0.8635,153,168,204,51
497,Much Ado About Nothing (1993),Comedy|Romance,735,0.9175,3.8762,0.8277,0.8726,0.8546,0.8905,154,233,156,79
29,"City of Lost Children, The (Cité des enfants perdus, La) (1995)",Adventure|Drama|Fantasy|Mystery|Sci-Fi,431,0.8252,4.0081,0.9187,0.8719,0.8906,0.8532,155,145,225,80
4262,Scarface (1983),Action|Crime|Drama,523,0.8632,3.9455,0.8788,0.871,0.8741,0.8679,156,187,197,41
1223,"Grand Day Out with Wallace and Gromit, A (1989)",Adventure|Animation|Children|Comedy|Sci-Fi,364,0.7834,4.0907,0.9573,0.8704,0.9051,0.8356,157,114,276,162
4963,Ocean's Eleven (2001),Crime|Thriller,1196,0.9674,3.8085,0.769,0.8682,0.8285,0.9078,158,289,128,161
1307,When Harry Met Sally... (1989),Comedy|Romance,1102,0.9586,3.8181,0.7772,0.8679,0.8316,0.9041,159,279,133,146
16,Casino (1995),Crime|Drama,912,0.9419,3.8383,0.7932,0.8675,0.8378,0.8973,160,266,144,122
1968,"Breakfast Club, The (1985)",Comedy|Drama,1060,0.9561,3.8179,0.7765,0.8663,0.8304,0.9022,161,282,136,146
55820,No Country for Old Men (2007),Crime|Drama,486,0.8484,3.9496,0.8832,0.8658,0.8728,0.8589,162,190,215,53
3160,Magnolia (1999),Drama,591,0.882,3.8985,0.8493,0.8657,0.8591,0.8722,163,224,192,61
3275,"Boondock Saints, The (2000)",Action|Crime|Drama|Thriller,406,0.8104,4.0123,0.9203,0.8653,0.8873,0.8434,164,152,249,97
3481,High Fidelity (2000),Comedy|Drama|Romance,801,0.9278,3.8452,0.8029,0.8653,0.8404,0.8903,164,262,157,105
1299,"Killing Fields, The (1984)",Drama|War,382,0.7935,4.0471,0.9363,0.8649,0.8934,0.8363,165,140,273,133
1269,Arsenic and Old Lace (1944),Comedy|Mystery|Thriller,389,0.7982,4.0334,0.9303,0.8642,0.8907,0.8378,166,144,267,123
364,"Lion King, The (1994)",Adventure|Animation|Children|Drama|Musical|IMAX,1919,0.99,3.7759,0.7382,0.8641,0.8137,0.9144,167,338,118,220
1272,Patton (1970),Drama|War,413,0.8154,3.9976,0.9121,0.8638,0.8831,0.8444,168,164,244,80
920,Gone with the Wind (1939),Drama|Romance|War,723,0.9156,3.8541,0.8104,0.863,0.842,0.884,169,257,167,90
30749,Hotel Rwanda (2004),Drama|War,403,0.806,4.0099,0.9196,0.8628,0.8856,0.8401,170,156,256,100
3671,Blazing Saddles (1974),Comedy|Western,549,0.8682,3.9089,0.8559,0.8621,0.8596,0.8645,171,222,202,51
1625,"Game, The (1997)",Drama|Mystery|Thriller,771,0.9237,3.8431,0.8004,0.8621,0.8374,0.8867,171,268,161,107
515,"Remains of the Day, The (1993)",Drama|Romance,501,0.8537,3.9281,0.8666,0.8602,0.8627,0.8576,172,210,219,47
800,Lone Star (1996),Drama|Mystery|Western,366,0.7841,4.0464,0.936,0.86,0.8904,0.8296,173,146,287,141
5902,Adaptation (2002),Comedy|Drama|Romance,492,0.8503,3.9329,0.8694,0.8599,0.8637,0.856,174,208,223,49
3006,"Insider, The (1999)",Drama|Thriller,424,0.8223,3.967,0.897,0.8597,0.8746,0.8448,175,185,242,67
68157,Inglourious Basterds (2009),Action|Drama|War,457,0.8377,3.9486,0.8814,0.8595,0.8683,0.8508,176,201,227,51
63082,Slumdog Millionaire (2008),Crime|Drama|Romance,443,0.8324,3.9503,0.8864,0.8594,0.8702,0.8486,177,194,233,56
2289,"Player, The (1992)",Comedy|Crime|Drama,403,0.806,3.9938,0.9099,0.858,0.8788,0.8372,178,172,270,98
1284,"Big Sleep, The (1946)",Crime|Film-Noir|Mystery,309,0.7433,4.1392,0.9724,0.8578,0.9036,0.812,179,118,346,228
68358,Star Trek (2009),Action|Adventure|Sci-Fi|IMAX,378,0.7919,4.0172,0.9234,0.8577,0.884,0.8314,180,160,280,120
1220,"Blues Brothers, The (1980)",Action|Comedy|Musical,967,0.9457,3.8108,0.7696,0.8577,0.8224,0.8929,180,314,153,161
49272,Casino Royale (2006),Action|Adventure|Thriller,640,0.8967,3.8617,0.8164,0.8566,0.8405,0.8726,181,261,190,80
1945,On the Waterfront (1954),Crime|Drama,286,0.7235,4.2063,0.9893,0.8564,0.9096,0.8032,182,107,373,266
44555,"Lives of Others, The (Das leben der Anderen) (2006)",Drama|Romance|Thriller,288,0.7257,4.1962,0.9871,0.8564,0.9087,0.8041,182,108,369,261
1235,Harold and Maude (1971),Comedy|Drama|Romance,406,0.8104,3.9815,0.9024,0.8564,0.8748,0.838,182,184,266,84
1387,Jaws (1975),Action|Horror,1101,0.9583,3.7938,0.7542,0.8562,0.8154,0.897,183,331,145,186
1175,Delicatessen (1991),Comedy|Drama|Romance,355,0.7762,4.0408,0.9335,0.8548,0.8863,0.8234,184,155,311,156
1097,E.T. the Extra-Terrestrial (1982),Children|Drama|Sci-Fi,1602,0.9827,3.7547,0.7222,0.8525,0.8004,0.9046,185,381,132,249
306,Three Colors: Red (Trois couleurs: Rouge) (1994),Drama,357,0.7781,4.0252,0.9266,0.8523,0.882,0.8226,186,167,315,148
8874,Shaun of the Dead (2004),Comedy|Horror,606,0.8861,3.8622,0.8173,0.8517,0.8379,0.8654,187,265,200,78
2788,Monty Python's And Now for Something Completely Different (1971),Comedy,303,0.7385,4.1139,0.9642,0.8514,0.8965,0.8062,188,134,361,227
916,Roman Holiday (1953),Comedy|Drama|Romance,307,0.7411,4.1042,0.9617,0.8514,0.8955,0.8073,188,137,358,221
1784,As Good as It Gets (1997),Comedy|Drama|Romance,1107,0.9592,3.7809,0.7436,0.8514,0.8083,0.8945,188,358,150,208
1394,Raising Arizona (1987),Comedy,796,0.9272,3.8172,0.7753,0.8512,0.8208,0.8816,189,316,170,146
926,All About Eve (1950),Drama,268,0.705,4.2276,0.9934,0.8492,0.9069,0.7915,190,110,408,298
2716,Ghostbusters (a.k.a. Ghost Busters) (1984),Action|Comedy|Sci-Fi,1476,0.9796,3.7517,0.7178,0.8487,0.7964,0.9011,191,392,138,254
1256,Duck Soup (1933),Comedy|Musical|War,271,0.7075,4.2085,0.9896,0.8486,0.905,0.7921,192,115,405,290
508,Philadelphia (1993),Drama,936,0.9435,3.7922,0.7517,0.8476,0.8093,0.886,193,356,164,192
8665,"Bourne Supremacy, The (2004)",Action|Crime|Thriller,676,0.9055,3.8328,0.7881,0.8468,0.8234,0.8703,194,305,194,111
1104,"Streetcar Named Desire, A (1951)",Drama,323,0.7561,4.0495,0.9372,0.8467,0.8829,0.8105,195,165,351,186
2268,"Few Good Men, A (1992)",Crime|Drama|Thriller,738,0.9181,3.8164,0.7743,0.8462,0.8175,0.875,196,327,184,143
161,Crimson Tide (1995),Drama|Thriller|War,1162,0.9623,3.7612,0.7279,0.8451,0.7982,0.892,197,386,155,231
6711,Lost in Translation (2003),Comedy|Drama|Romance,803,0.9288,3.7983,0.7596,0.8442,0.8103,0.878,198,351,175,176
1500,Grosse Pointe Blank (1997),Comedy|Crime|Romance,746,0.9193,3.8083,0.7684,0.8438,0.8137,0.874,199,339,186,153
162,Crumb (1994),Documentary,305,0.7401,4.0656,0.9466,0.8434,0.8847,0.8021,200,158,375,217
902,Breakfast at Tiffany's (1961),Drama|Romance,506,0.8566,3.8785,0.8302,0.8434,0.8381,0.8487,200,264,232,64
1953,"French Connection, The (1971)",Action|Crime|Thriller,410,0.8136,3.9366,0.8723,0.8429,0.8546,0.8312,201,232,281,80
265,Like Water for Chocolate (Como agua para chocolate) (1992),Drama|Fantasy|Romance,579,0.8785,3.8515,0.8073,0.8429,0.8287,0.8572,202,288,222,86
930,Notorious (1946),Film-Noir|Romance|Thriller,262,0.6977,4.1966,0.9878,0.8427,0.9008,0.7847,203,124,432,308
474,In the Line of Fire (1993),Action|Thriller,912,0.9419,3.7807,0.7429,0.8424,0.8026,0.8822,204,376,169,207
1254,"Treasure of the Sierra Madre, The (1948)",Action|Adventure|Drama|Western,259,0.6946,4.2085,0.99,0.8423,0.9013,0.7832,205,122,439,317
590,Dances with Wolves (1990),Adventure|Drama|Western,2177,0.9931,3.717,0.6915,0.8423,0.782,0.9026,205,425,135,290
56367,Juno (2007),Comedy|Drama|Romance,519,0.8622,3.869,0.8217,0.842,0.8339,0.8501,206,276,230,70
2395,Rushmore (1998),Comedy|Drama,683,0.9062,3.8177,0.7762,0.8412,0.8152,0.8672,207,333,198,135
27773,Old Boy (2003),Mystery|Thriller,296,0.7323,4.0709,0.9495,0.8409,0.8843,0.7974,208,159,391,232
2186,Strangers on a Train (1951),Crime|Drama|Film-Noir|Thriller,279,0.7153,4.1183,0.9652,0.8402,0.8902,0.7903,209,147,410,263
4034,Traffic (2000),Crime|Drama|Thriller,836,0.9338,3.7853,0.7467,0.8402,0.8028,0.8777,209,374,176,198
1086,Dial M for Murder (1954),Crime|Mystery|Thriller,307,0.7411,4.0521,0.9391,0.8401,0.8797,0.8005,210,171,379,208
1292,Being There (1979),Comedy|Drama,359,0.78,3.9708,0.8977,0.8388,0.8624,0.8153,211,211,335,124
2291,Edward Scissorhands (1990),Drama|Fantasy|Romance,1071,0.9564,3.7535,0.7203,0.8384,0.7911,0.8856,212,401,166,235
1231,"Right Stuff, The (1983)",Drama,407,0.811,3.9251,0.865,0.838,0.8488,0.8272,213,243,296,83
2951,"Fistful of Dollars, A (Per un pugno di dollari) (1964)",Action|Western,361,0.7812,3.9598,0.8933,0.8373,0.8597,0.8148,214,221,336,122
232,Eat Drink Man Woman (Yin shi nan nu) (1994),Comedy|Drama|Romance,310,0.7439,4.0323,0.9294,0.8366,0.8737,0.7995,215,189,384,195
70286,District 9 (2009),Mystery|Sci-Fi|Thriller,400,0.8048,3.93,0.8675,0.8362,0.8487,0.8236,216,244,310,94
4235,Amores Perros (Love's a Bitch) (2000),Drama|Thriller,293,0.7298,4.058,0.9419,0.8358,0.8783,0.7934,217,173,401,228
7147,Big Fish (2003),Drama|Fantasy|Romance,635,0.8955,3.8165,0.775,0.8352,0.8111,0.8593,218,348,211,137
1073,Willy Wonka & the Chocolate Factory (1971),Children|Comedy|Fantasy|Musical,1416,0.9777,3.7182,0.6921,0.8349,0.7778,0.892,219,440,154,286
1641,"Full Monty, The (1997)",Comedy|Drama,788,0.9262,3.7798,0.7423,0.8343,0.7975,0.8711,220,389,193,196
50872,Ratatouille (2007),Animation|Children|Drama,413,0.8154,3.9031,0.8519,0.8336,0.8409,0.8264,221,258,303,82
1035,"Sound of Music, The (1965)",Musical|Romance,690,0.9065,3.8,0.7608,0.8336,0.8045,0.8628,221,367,206,161
3471,Close Encounters of the Third Kind (1977),Adventure|Drama|Sci-Fi,694,0.9077,3.7976,0.7593,0.8335,0.8038,0.8632,222,369,205,164
62,Mr. Holland's Opus (1995),Drama,991,0.9479,3.7528,0.7188,0.8333,0.7875,0.8792,223,411,174,237
1653,Gattaca (1997),Drama|Sci-Fi|Thriller,948,0.9444,3.7542,0.721,0.8327,0.788,0.8774,224,409,177,232
1952,Midnight Cowboy (1969),Drama,323,0.7561,3.9923,0.9087,0.8324,0.8629,0.8019,225,209,377,168
1060,Swingers (1996),Comedy|Drama,493,0.8506,3.857,0.8129,0.8318,0.8242,0.8393,226,303,259,77
3362,Dog Day Afternoon (1975),Crime|Drama,337,0.7637,3.9748,0.8996,0.8316,0.8588,0.8044,227,227,367,140
1084,Bonnie and Clyde (1967),Crime|Drama,458,0.8387,3.8701,0.8236,0.8311,0.8281,0.8341,228,291,278,63
81845,"King's Speech, The (2010)",Drama,285,0.7222,4.0544,0.9397,0.831,0.8745,0.7875,229,186,422,236
1248,Touch of Evil (1958),Crime|Film-Noir|Thriller,240,0.6695,4.2208,0.9922,0.8308,0.8954,0.7663,230,138,496,358
529,Searching for Bobby Fischer (1993),Drama,523,0.8632,3.8413,0.7976,0.8304,0.8172,0.8435,231,328,248,97
30707,Million Dollar Baby (2004),Drama,439,0.8305,3.8781,0.8299,0.8302,0.8301,0.8303,232,283,284,52
31658,Howl's Moving Castle (Hauru no ugoku shiro) (2004),Adventure|Animation|Fantasy|Romance,272,0.7087,4.0735,0.9507,0.8297,0.8781,0.7813,233,175,444,269
2791,Airplane! (1980),Comedy,903,0.941,3.7525,0.7185,0.8297,0.7852,0.8742,233,419,185,234
4979,"Royal Tenenbaums, The (2001)",Comedy|Drama,658,0.9018,3.7956,0.7561,0.8289,0.7998,0.8581,234,383,218,165
78499,Toy Story 3 (2010),Adventure|Animation|Children|Comedy|Fantasy|IMAX,288,0.7257,4.0365,0.9316,0.8286,0.8698,0.7874,235,195,423,228
955,Bringing Up Baby (1938),Comedy|Romance,243,0.6742,4.1749,0.9821,0.8282,0.8897,0.7666,236,148,495,347
1674,Witness (1985),Drama|Romance|Thriller,566,0.8732,3.8251,0.7828,0.828,0.8099,0.8461,237,354,239,117
480,Jurassic Park (1993),Action|Adventure|Sci-Fi|Thriller,2979,0.9987,3.6786,0.6554,0.8271,0.7584,0.8957,238,492,148,344
64614,Gran Torino (2008),Crime|Drama,310,0.7439,3.9919,0.9083,0.8261,0.859,0.7932,239,226,402,176
914,My Fair Lady (1964),Comedy|Drama|Musical|Romance,504,0.855,3.8413,0.7972,0.8261,0.8146,0.8377,239,335,269,96
1283,High Noon (1952),Drama|Western,264,0.7012,4.072,0.9504,0.8258,0.8756,0.776,240,181,467,286
48774,Children of Men (2006),Action|Adventure|Drama|Sci-Fi|Thriller,441,0.8315,3.8651,0.8192,0.8253,0.8229,0.8278,241,310,292,69
3421,Animal House (1978),Comedy,565,0.8726,3.8186,0.7778,0.8252,0.8062,0.8441,242,362,246,120
551,"Nightmare Before Christmas, The (1993)",Animation|Children|Fantasy|Musical,1015,0.9513,3.73,0.699,0.8252,0.7747,0.8756,242,446,182,264
1449,Waiting for Guffman (1996),Comedy,324,0.7577,3.9568,0.8923,0.825,0.8519,0.7981,243,238,388,150
1245,Miller's Crossing (1990),Crime|Drama|Film-Noir|Thriller,302,0.737,4.0,0.9124,0.8247,0.8598,0.7896,244,220,414,194
1527,"Fifth Element, The (1997)",Action|Adventure|Comedy|Sci-Fi,1457,0.979,3.696,0.6701,0.8245,0.7628,0.8863,245,475,162,313
733,"Rock, The (1996)",Action|Adventure|Thriller,1567,0.9818,3.693,0.667,0.8244,0.7614,0.8874,246,482,160,322
2599,Election (1999),Comedy,703,0.9112,3.7745,0.7373,0.8242,0.7895,0.859,247,406,214,192
3911,Best in Show (2000),Comedy,502,0.8544,3.8386,0.7938,0.8241,0.812,0.8362,248,344,274,96
8784,Garden State (2004),Comedy|Drama|Romance,458,0.8387,3.8515,0.8076,0.8231,0.8169,0.8293,249,329,289,80
2288,"Thing, The (1982)",Action|Horror|Sci-Fi|Thriller,389,0.7982,3.8972,0.8475,0.8228,0.8327,0.813,250,277,343,93
741,Ghost in the Shell (Kôkaku kidôtai) (1995),Animation|Sci-Fi,329,0.7611,3.9498,0.8842,0.8227,0.8473,0.7981,251,249,389,140
3435,Double Indemnity (1944),Crime|Drama|Film-Noir,233,0.6588,4.1888,0.9859,0.8223,0.8878,0.7569,252,151,533,382
1224,Henry V (1989),Action|Drama|Romance|War,238,0.6682,4.1492,0.9761,0.8222,0.8838,0.7606,253,162,517,355
2313,"Elephant Man, The (1980)",Drama,328,0.7605,3.9497,0.8836,0.822,0.8466,0.7974,254,251,391,140
247,Heavenly Creatures (1994),Crime|Drama,388,0.7976,3.8956,0.8465,0.822,0.8318,0.8122,254,278,344,90
588,Aladdin (1992),Adventure|Animation|Children|Comedy|Musical,2056,0.9915,3.6749,0.6519,0.8217,0.7538,0.8896,255,511,159,352
5971,My Neighbor Totoro (Tonari no Totoro) (1988),Animation|Children|Drama|Fantasy,247,0.6783,4.1134,0.9639,0.8211,0.8782,0.764,256,174,503,329
2336,Elizabeth (1998),Drama,436,0.8283,3.8589,0.8139,0.8211,0.8182,0.824,256,325,309,69
1041,Secrets & Lies (1996),Drama,273,0.71,4.0366,0.9319,0.8209,0.8653,0.7766,257,207,462,255
933,To Catch a Thief (1955),Crime|Mystery|Romance|Thriller,266,0.7034,4.0508,0.9379,0.8206,0.8675,0.7737,258,202,476,274
72998,Avatar (2009),Action|Adventure|Sci-Fi|IMAX,457,0.8377,3.8468,0.8035,0.8206,0.8138,0.8275,258,337,294,79
1188,Strictly Ballroom (1992),Comedy|Romance,382,0.7935,3.894,0.8456,0.8195,0.8299,0.8091,259,284,353,94
2501,October Sky (1999),Drama,389,0.7982,3.8856,0.8402,0.8192,0.8276,0.8108,260,292,349,89
2064,Roger & Me (1989),Documentary,398,0.8041,3.8819,0.834,0.8191,0.825,0.8131,261,300,342,81
5782,"Professional, The (Le professionnel) (1981)",Action|Drama|Thriller,240,0.6695,4.1208,0.9658,0.8176,0.8769,0.7584,262,178,524,346
3363,American Graffiti (1973),Comedy|Drama,371,0.7881,3.8962,0.8468,0.8175,0.8292,0.8057,263,287,363,100
1217,Ran (1985),Drama|War,240,0.6695,4.1146,0.9645,0.817,0.876,0.758,264,180,527,347
1249,"Femme Nikita, La (Nikita) (1990)",Action|Crime|Romance|Thriller,473,0.844,3.833,0.7884,0.8162,0.8051,0.8273,265,366,295,101
2020,Dangerous Liaisons (1988),Drama|Romance,395,0.801,3.8785,0.8305,0.8158,0.8217,0.8099,266,315,352,86
7502,Band of Brothers (2001),Action|Drama|War,213,0.6309,4.3779,0.9994,0.8151,0.8888,0.7414,267,149,588,439
2300,"Producers, The (1968)",Comedy,323,0.7561,3.9396,0.8741,0.8151,0.8387,0.7915,267,263,407,144
5445,Minority Report (2002),Action|Crime|Mystery|Sci-Fi|Thriller,1186,0.9655,3.691,0.6648,0.8151,0.755,0.8753,267,502,183,319
68237,Moon (2009),Drama|Mystery|Sci-Fi|Thriller,247,0.6783,4.0789,0.9517,0.815,0.8696,0.7603,268,197,518,321
44195,Thank You for Smoking (2006),Comedy|Drama,386,0.7954,3.8821,0.8346,0.815,0.8228,0.8071,268,311,359,91
33166,Crash (2004),Crime|Drama,466,0.8421,3.8315,0.7869,0.8145,0.8035,0.8255,269,372,306,103
1466,Donnie Brasco (1997),Crime|Drama,570,0.876,3.793,0.7527,0.8143,0.7897,0.839,270,404,262,142
1287,Ben-Hur (1959),Action|Adventure|Drama,469,0.8431,3.8294,0.7853,0.8142,0.8026,0.8257,271,377,304,106
1260,M (1931),Crime|Film-Noir|Thriller,219,0.6406,4.1963,0.9874,0.814,0.8834,0.7447,272,163,577,414
1357,Shine (1996),Drama|Romance,412,0.8145,3.8568,0.8126,0.8136,0.8132,0.8139,273,340,338,67
2761,"Iron Giant, The (1999)",Adventure|Animation|Children|Drama|Sci-Fi,420,0.8198,3.85,0.806,0.8129,0.8102,0.8157,274,353,334,79
5669,Bowling for Columbine (2002),Documentary,625,0.893,3.7696,0.7329,0.8129,0.7809,0.8449,274,429,241,188
2067,Doctor Zhivago (1965),Drama|Romance|War,301,0.7357,3.9535,0.8892,0.8125,0.8432,0.7818,275,255,441,186
25,Leaving Las Vegas (1995),Drama|Romance,1041,0.9545,3.696,0.6704,0.8125,0.7556,0.8693,275,501,195,306
1374,Star Trek II: The Wrath of Khan (1982),Action|Adventure|Sci-Fi|Thriller,784,0.9253,3.7302,0.6993,0.8123,0.7671,0.8575,276,464,220,244
1185,My Left Foot (1989),Drama,318,0.7527,3.934,0.8701,0.8114,0.8348,0.7879,277,274,420,146
1209,Once Upon a Time in the West (C'era una volta il West) (1968),Action|Drama|Western,236,0.6642,4.0911,0.9579,0.811,0.8698,0.7523,278,195,551,356
2000,Lethal Weapon (1987),Action|Comedy|Crime|Drama,843,0.9347,3.7147,0.6874,0.811,0.7616,0.8605,278,480,209,271
1215,Army of Darkness (1993),Action|Adventure|Comedy|Fantasy|Horror,606,0.8861,3.7723,0.7354,0.8107,0.7806,0.8409,279,432,253,179
2248,Say Anything... (1989),Comedy|Drama|Romance,465,0.8415,3.8204,0.7793,0.8104,0.798,0.8228,280,388,313,108
928,Rebecca (1940),Drama|Mystery|Romance|Thriller,233,0.6588,4.1009,0.9598,0.8093,0.8695,0.7491,281,198,563,365
1748,Dark City (1998),Adventure|Film-Noir|Sci-Fi|Thriller,576,0.8779,3.7786,0.7407,0.8093,0.7819,0.8368,282,426,271,155
307,Three Colors: Blue (Trois couleurs: Bleu) (1993),Drama,325,0.7583,3.9138,0.8597,0.809,0.8293,0.7887,283,286,418,135
11,"American President, The (1995)",Comedy|Drama|Romance,857,0.936,3.71,0.682,0.809,0.7582,0.8598,283,493,210,283
49530,Blood Diamond (2006),Action|Adventure|Crime|Drama|Thriller|War,338,0.7646,3.9038,0.8525,0.8085,0.8261,0.791,284,296,409,125
905,It Happened One Night (1934),Comedy|Romance,226,0.6488,4.1283,0.9677,0.8082,0.872,0.7444,285,191,578,387
954,Mr. Smith Goes to Washington (1939),Drama,296,0.7323,3.9493,0.8829,0.8076,0.8377,0.7775,286,267,458,191
3504,Network (1976),Comedy|Drama,258,0.6927,4.0136,0.9215,0.8071,0.8529,0.7614,287,236,513,277
951,His Girl Friday (1940),Comedy|Romance,214,0.634,4.1589,0.9799,0.807,0.8761,0.7378,288,179,600,421
1960,"Last Emperor, The (1987)",Drama,338,0.7646,3.8979,0.8484,0.8065,0.8233,0.7897,289,306,412,123
1281,"Great Dictator, The (1940)",Comedy|Drama|War,214,0.634,4.1519,0.978,0.806,0.8748,0.7372,290,183,606,423
1237,"Seventh Seal, The (Sjunde inseglet, Det) (1957)",Drama,226,0.6488,4.1128,0.9633,0.806,0.8689,0.7431,290,200,580,380
337,What's Eating Gilbert Grape (1993),Drama,882,0.9394,3.6984,0.6723,0.8059,0.7524,0.8593,291,520,212,308
911,Charade (1963),Comedy|Crime|Mystery|Romance|Thriller,215,0.6356,4.1488,0.9758,0.8057,0.8738,0.7377,292,188,601,413
8368,Harry Potter and the Prisoner of Azkaban (2004),Adventure|Fantasy|IMAX,666,0.9033,3.7387,0.7075,0.8054,0.7662,0.8446,293,465,243,222
909,"Apartment, The (1960)",Comedy|Drama|Romance,252,0.6833,4.0258,0.9269,0.8051,0.8538,0.7564,294,234,537,303
6787,All the President's Men (1976),Drama|Thriller,236,0.6642,4.0636,0.9457,0.8049,0.8612,0.7486,295,215,566,351
34,Babe (1995),Children|Drama,1613,0.9834,3.6386,0.6252,0.8043,0.7327,0.8759,296,599,181,418
5225,And Your Mother Too (Y tu mamá también) (2001),Drama|Romance,256,0.6893,4.0078,0.9181,0.8037,0.8494,0.7579,297,241,528,287
595,Beauty and the Beast (1991),Animation|Children|Fantasy|Musical|Romance|IMAX,1708,0.9874,3.6338,0.6196,0.8035,0.7299,0.8771,298,608,178,430
1253,"Day the Earth Stood Still, The (1951)",Drama|Sci-Fi|Thriller,302,0.737,3.9338,0.8697,0.8034,0.8299,0.7768,299,285,461,176
349,Clear and Present Danger (1994),Action|Crime|Drama|Thriller,1439,0.9783,3.6411,0.6281,0.8032,0.7331,0.8733,300,595,188,407
7090,Hero (Ying xiong) (2002),Action|Adventure|Drama,361,0.7812,3.8726,0.8249,0.803,0.8118,0.7943,301,345,398,97
357,Four Weddings and a Funeral (1994),Comedy|Romance,1398,0.9768,3.6416,0.6293,0.803,0.7336,0.8725,301,593,191,402
51255,Hot Fuzz (2007),Action|Comedy|Crime|Mystery,366,0.7841,3.8689,0.8214,0.8027,0.8102,0.7953,302,352,395,93
1282,Fantasia (1940),Animation|Children|Fantasy|Musical,628,0.8939,3.7436,0.7112,0.8026,0.766,0.8391,303,468,260,208
6807,Monty Python's The Meaning of Life (1983),Comedy,443,0.8324,3.8149,0.7724,0.8024,0.7904,0.8144,304,402,337,98
2944,"Dirty Dozen, The (1967)",Action|Drama|War,358,0.7784,3.8743,0.8258,0.8021,0.8116,0.7926,305,347,403,98
2115,Indiana Jones and the Temple of Doom (1984),Action|Adventure|Fantasy,1096,0.9579,3.6665,0.645,0.8015,0.7389,0.8641,306,568,203,365
2947,Goldfinger (1964),Action|Adventure|Thriller,573,0.8766,3.7574,0.7244,0.8005,0.7701,0.831,307,454,283,171
3424,Do the Right Thing (1989),Drama,303,0.7385,3.9175,0.8616,0.8001,0.8247,0.7755,308,301,470,169
300,Quiz Show (1994),Drama,1017,0.9517,3.6696,0.6481,0.7999,0.7392,0.8606,309,565,208,357
2010,Metropolis (1927),Drama|Sci-Fi,271,0.7075,3.9557,0.8911,0.7993,0.836,0.7626,310,270,507,237
1095,Glengarry Glen Ross (1992),Drama,314,0.7473,3.9029,0.8512,0.7993,0.8201,0.7785,310,319,455,145
3967,Billy Elliot (2000),Drama,355,0.7762,3.8676,0.8205,0.7983,0.8072,0.7895,311,360,415,104
950,"Thin Man, The (1934)",Comedy|Crime,196,0.6017,4.2423,0.995,0.7983,0.877,0.7197,312,177,679,502
4848,Mulholland Drive (2001),Crime|Drama|Film-Noir|Mystery|Thriller,481,0.8471,3.7869,0.7489,0.798,0.7784,0.8177,313,438,328,125
1356,Star Trek: First Contact (1996),Action|Adventure|Sci-Fi|Thriller,973,0.9463,3.6716,0.6497,0.798,0.7387,0.8573,313,570,221,349
2467,"Name of the Rose, The (Name der Rose, Der) (1986)",Crime|Drama|Mystery|Thriller,287,0.7238,3.9355,0.871,0.7974,0.8268,0.768,314,294,492,198
6870,Mystic River (2003),Crime|Drama|Mystery,407,0.811,3.8268,0.7837,0.7974,0.7919,0.8029,314,398,374,84
1028,Mary Poppins (1964),Children|Comedy|Fantasy|Musical,694,0.9077,3.7147,0.6871,0.7974,0.7533,0.8415,314,515,251,264
3083,All About My Mother (Todo sobre mi madre) (1999),Drama,219,0.6406,4.0799,0.9529,0.7968,0.8592,0.7343,315,223,618,395
91529,"Dark Knight Rises, The (2012)",Action|Adventure|Crime|IMAX,225,0.6472,4.0644,0.9463,0.7968,0.8566,0.7369,315,231,607,376
628,Primal Fear (1996),Crime|Drama|Mystery|Thriller,554,0.8694,3.7563,0.7238,0.7966,0.7675,0.8257,316,463,305,158
1285,Heathers (1989),Comedy,567,0.8738,3.7504,0.7169,0.7954,0.764,0.8267,317,474,299,175
1954,Rocky (1976),Drama,730,0.9168,3.7007,0.6739,0.7954,0.7468,0.8439,317,536,247,289
509,"Piano, The (1993)",Drama|Romance,845,0.935,3.6781,0.6541,0.7946,0.7384,0.8508,318,573,228,345
1077,Sleeper (1973),Comedy|Sci-Fi,349,0.7715,3.861,0.8161,0.7938,0.8027,0.7849,319,375,431,112
915,Sabrina (1954),Comedy|Romance,274,0.7116,3.9416,0.8751,0.7933,0.826,0.7606,320,298,517,219
74458,Shutter Island (2010),Drama|Mystery|Thriller,293,0.7298,3.9096,0.8566,0.7932,0.8185,0.7678,321,322,493,172
76093,How to Train Your Dragon (2010),Adventure|Animation|Children|Fantasy|IMAX,223,0.6441,4.0561,0.9401,0.7921,0.8513,0.7329,322,240,624,384
1303,"Man Who Would Be King, The (1975)",Adventure|Drama,205,0.6174,4.122,0.9664,0.7919,0.8617,0.7221,323,212,661,449
2076,Blue Velvet (1986),Drama|Mystery|Thriller,429,0.8245,3.7972,0.7586,0.7916,0.7784,0.8048,324,437,366,113
1127,"Abyss, The (1989)",Action|Adventure|Sci-Fi|Thriller,892,0.9404,3.6637,0.6428,0.7916,0.7321,0.8511,324,600,226,374
1211,"Wings of Desire (Himmel über Berlin, Der) (1987)",Drama|Fantasy|Romance,204,0.6152,4.1275,0.967,0.7911,0.8615,0.7207,325,214,672,458
6502,28 Days Later (2002),Action|Horror|Sci-Fi,600,0.8842,3.7292,0.6981,0.7911,0.7539,0.8283,325,509,291,218
5291,Rashomon (Rashômon) (1950),Crime|Drama|Mystery,196,0.6017,4.1556,0.9787,0.7902,0.8656,0.7148,326,206,701,495
1396,Sneakers (1992),Action|Comedy|Crime|Drama|Sci-Fi,620,0.8905,3.7161,0.6896,0.79,0.7498,0.8302,327,528,285,243
1147,When We Were Kings (1996),Documentary,186,0.5844,4.2312,0.994,0.7892,0.8712,0.7073,328,192,728,536
3462,Modern Times (1936),Comedy|Drama|Romance,193,0.5979,4.1632,0.9805,0.7892,0.8658,0.7127,328,205,709,504
44199,Inside Man (2006),Crime|Drama|Thriller,259,0.6946,3.9498,0.8839,0.7892,0.8271,0.7514,328,293,555,262
2871,Deliverance (1972),Adventure|Drama|Thriller,397,0.8023,3.8174,0.7759,0.7891,0.7838,0.7944,329,420,397,91
1947,West Side Story (1961),Drama|Musical|Romance,453,0.8362,3.7792,0.7417,0.7889,0.77,0.8078,330,455,356,125
994,Big Night (1996),Comedy|Drama,277,0.7134,3.9242,0.8638,0.7886,0.8187,0.7585,331,321,523,202
553,Tombstone (1993),Action|Drama|Western,746,0.9193,3.6816,0.6576,0.7884,0.7361,0.8408,332,582,254,328
8970,Finding Neverland (2004),Drama,341,0.7668,3.8534,0.8098,0.7883,0.7969,0.7797,333,390,451,118
21,Get Shorty (1995),Comedy|Crime|Thriller,1181,0.9652,3.6236,0.6114,0.7883,0.7175,0.859,333,659,213,446
1302,Field of Dreams (1989),Children|Drama|Fantasy,625,0.893,3.7096,0.6817,0.7874,0.7451,0.8296,334,545,288,257
1243,Rosencrantz and Guildenstern Are Dead (1990),Comedy|Drama,225,0.6472,4.0267,0.9272,0.7872,0.8432,0.7312,335,254,631,377
308,Three Colors: White (Trzy kolory: Bialy) (1994),Comedy|Drama,260,0.6962,3.9442,0.8773,0.7867,0.8229,0.7505,336,309,560,251
51662,300 (2007),Action|Fantasy|War|IMAX,533,0.865,3.7392,0.7078,0.7864,0.755,0.8179,337,503,327,176
2700,"South Park: Bigger, Longer and Uncut (1999)",Animation|Comedy|Musical,860,0.9372,3.6506,0.6356,0.7864,0.7261,0.8467,337,621,236,385
44665,Lucky Number Slevin (2006),Crime|Drama|Mystery,282,0.7178,3.9043,0.8528,0.7853,0.8123,0.7583,338,343,525,187
3468,"Hustler, The (1961)",Drama,194,0.5986,4.1314,0.9692,0.7839,0.858,0.7098,339,229,721,492
1333,"Birds, The (1963)",Horror|Thriller,569,0.8754,3.7188,0.6924,0.7839,0.7473,0.8205,339,535,321,214
1296,"Room with a View, A (1986)",Drama|Romance,345,0.7687,3.842,0.7985,0.7836,0.7895,0.7776,340,405,457,117
2908,Boys Don't Cry (1999),Drama,387,0.7969,3.8114,0.7702,0.7836,0.7782,0.7889,340,439,416,99
3681,For a Few Dollars More (Per qualche dollaro in più) (1965),Action|Drama|Thriller|Western,250,0.682,3.95,0.8845,0.7833,0.8238,0.7428,341,304,582,278
1997,"Exorcist, The (1973)",Horror|Mystery,634,0.8952,3.6932,0.6673,0.7812,0.7357,0.8268,342,585,298,287
3793,X-Men (2000),Action|Adventure|Sci-Fi,1354,0.9749,3.599,0.5873,0.7811,0.7035,0.8586,343,719,216,503
6333,X2: X-Men United (2003),Action|Adventure|Sci-Fi|Thriller,805,0.9291,3.6466,0.6318,0.7804,0.721,0.8399,344,648,258,390
1584,Contact (1997),Drama|Sci-Fi,998,0.9488,3.6232,0.6108,0.7798,0.7122,0.8474,345,682,235,447
4014,Chocolat (2000),Drama|Romance,530,0.8644,3.7226,0.6949,0.7797,0.7458,0.8136,346,539,341,198
440,Dave (1993),Comedy|Romance,981,0.9466,3.6269,0.6127,0.7797,0.7129,0.8465,347,678,238,440
7143,"Last Samurai, The (2003)",Action|Adventure|Drama|War,511,0.8597,3.727,0.6965,0.7781,0.7454,0.8107,348,541,350,193
1408,"Last of the Mohicans, The (1992)",Action|Romance|War|Western,632,0.8945,3.6859,0.6607,0.7776,0.7309,0.8244,349,606,308,298
3683,Blood Simple (1984),Crime|Drama|Film-Noir,227,0.6503,3.9846,0.9046,0.7775,0.8283,0.7266,350,290,644,354
1274,Akira (1988),Action|Adventure|Animation|Sci-Fi,402,0.8051,3.7886,0.7495,0.7773,0.7662,0.7884,351,466,419,115
4720,"Others, The (2001)",Drama|Horror|Mystery|Thriller,501,0.8537,3.7315,0.7009,0.7773,0.7467,0.8079,351,537,354,186
1639,Chasing Amy (1997),Comedy|Drama|Romance,698,0.9096,3.6648,0.6444,0.777,0.7239,0.83,352,632,286,346
1580,Men in Black (a.k.a. MIB) (1997),Action|Comedy|Sci-Fi,1824,0.9887,3.5729,0.565,0.7768,0.6921,0.8616,353,763,207,556
3175,Galaxy Quest (1999),Adventure|Comedy|Sci-Fi,693,0.9074,3.6681,0.646,0.7767,0.7244,0.829,354,629,290,339
348,Bullets Over Broadway (1994),Comedy,413,0.8154,3.7748,0.7376,0.7765,0.761,0.7921,355,484,406,129
1103,Rebel Without a Cause (1955),Drama,316,0.7502,3.8449,0.8026,0.7764,0.7868,0.7659,356,413,498,142
1393,Jerry Maguire (1996),Drama|Romance,1123,0.9611,3.6028,0.5917,0.7764,0.7025,0.8503,356,724,229,495
3361,Bull Durham (1988),Comedy|Drama|Romance,351,0.7728,3.8191,0.7784,0.7756,0.7767,0.7745,357,442,475,118
1921,Pi (1998),Drama|Sci-Fi|Thriller,483,0.8478,3.7319,0.7015,0.7746,0.7454,0.8039,358,542,370,184
3060,"Commitments, The (1991)",Comedy|Drama|Musical,294,0.731,3.8639,0.818,0.7745,0.7919,0.7571,359,399,532,173
3499,Misery (1990),Drama|Horror|Thriller,440,0.8308,3.7523,0.7181,0.7745,0.7519,0.797,359,523,393,164
6942,Love Actually (2003),Comedy|Drama|Romance,456,0.8374,3.7434,0.7109,0.7742,0.7489,0.7995,360,532,385,172
2797,Big (1988),Comedy|Drama|Fantasy|Romance,981,0.9466,3.6121,0.6014,0.774,0.705,0.8431,361,710,250,460
81591,Black Swan (2010),Drama|Thriller,252,0.6833,3.9246,0.8641,0.7737,0.8099,0.7375,362,355,604,249
55247,Into the Wild (2007),Action|Adventure|Drama,230,0.6547,3.9565,0.8914,0.7731,0.8204,0.7257,363,318,649,331
1178,Paths of Glory (1957),Drama|War,180,0.5722,4.1417,0.973,0.7726,0.8528,0.6924,364,237,774,537
1257,Better Off Dead... (1985),Comedy|Romance,297,0.7329,3.8552,0.811,0.772,0.7876,0.7563,365,410,538,173
1094,"Crying Game, The (1992)",Drama|Romance|Thriller,609,0.8873,3.6798,0.6563,0.7718,0.7256,0.818,366,623,326,297
3198,Papillon (1973),Crime|Drama,214,0.634,3.993,0.9093,0.7717,0.8267,0.7166,367,295,695,400
3448,"Good Morning, Vietnam (1987)",Comedy|Drama|War,623,0.892,3.6734,0.6513,0.7717,0.7235,0.8198,367,634,322,312
1261,Evil Dead II (Dead by Dawn) (1987),Action|Comedy|Fantasy|Horror,382,0.7935,3.7866,0.7483,0.7709,0.7618,0.7799,368,477,450,109
1280,Raise the Red Lantern (Da hong deng long gao gao gua) (1991),Drama,168,0.5499,4.2113,0.9906,0.7702,0.8584,0.6821,369,228,815,587
4022,Cast Away (2000),Drama,992,0.9482,3.6023,0.591,0.7696,0.6982,0.8411,370,737,252,485
1131,Jean de Florette (1986),Drama|Mystery,175,0.5631,4.1457,0.9752,0.7691,0.8516,0.6867,371,239,792,553
66934,Dr. Horrible's Sing-Along Blog (2008),Comedy|Drama|Musical|Sci-Fi,177,0.5675,4.1328,0.9702,0.7688,0.8494,0.6883,372,242,787,545
3095,"Grapes of Wrath, The (1940)",Drama,184,0.58,4.087,0.9557,0.7679,0.843,0.6927,373,256,773,517
2359,Waking Ned Devine (a.k.a. Waking Ned) (1998),Comedy,307,0.7411,3.8371,0.7928,0.7669,0.7773,0.7566,374,441,535,161
838,Emma (1996),Comedy|Drama|Romance,392,0.7997,3.7679,0.731,0.7654,0.7516,0.7791,375,524,452,149
1673,Boogie Nights (1997),Drama,696,0.9087,3.6358,0.6221,0.7654,0.7081,0.8227,375,697,314,383
3916,Remember the Titans (2000),Drama,366,0.7841,3.7842,0.7464,0.7652,0.7577,0.7728,376,495,478,119
56782,There Will Be Blood (2007),Drama|Western,233,0.6588,3.9356,0.8713,0.7651,0.8076,0.7226,377,359,659,300
272,"Madness of King George, The (1994)",Comedy|Drama,381,0.7932,3.7743,0.737,0.7651,0.7538,0.7763,377,510,465,133
3030,Yojimbo (1961),Action|Adventure,173,0.5581,4.1358,0.9711,0.7646,0.8472,0.682,378,250,817,567
5377,About a Boy (2002),Comedy|Drama|Romance,477,0.8459,3.7107,0.683,0.7644,0.7319,0.797,379,602,394,223
235,Ed Wood (1994),Comedy|Drama,816,0.9319,3.6054,0.596,0.764,0.6968,0.8311,380,744,282,462
89745,"Avengers, The (2012)",Action|Adventure|Sci-Fi|IMAX,236,0.6642,3.9237,0.8635,0.7638,0.8037,0.7239,381,370,655,285
3527,Predator (1987),Action|Sci-Fi|Thriller,748,0.9206,3.6183,0.6067,0.7637,0.7009,0.8264,382,729,301,428
3730,"Conversation, The (1974)",Drama|Mystery,185,0.5829,4.0622,0.9441,0.7635,0.8358,0.6912,383,272,777,505
46976,Stranger than Fiction (2006),Comedy|Drama|Fantasy|Romance,327,0.7599,3.8073,0.7671,0.7635,0.7649,0.7621,383,471,509,126
2916,Total Recall (1990),Action|Adventure|Sci-Fi|Thriller,1024,0.9526,3.585,0.5741,0.7633,0.6876,0.839,384,779,261,518
3735,Serpico (1973),Crime|Drama,217,0.6387,3.9516,0.887,0.7629,0.8125,0.7132,385,341,704,363
345,"Adventures of Priscilla, Queen of the Desert, The (1994)",Comedy|Drama,506,0.8566,3.6947,0.6692,0.7629,0.7254,0.8003,385,625,380,245
3104,Midnight Run (1988),Action|Comedy|Crime|Thriller,264,0.7012,3.8693,0.8227,0.7619,0.7862,0.7376,386,415,602,216
290,Once Were Warriors (1994),Crime|Drama,190,0.5926,4.0342,0.9306,0.7616,0.8292,0.694,387,287,767,480
2355,"Bug's Life, A (1998)",Adventure|Animation|Children|Comedy,1022,0.9523,3.5788,0.5703,0.7613,0.6849,0.8377,388,788,268,520
7099,Nausicaä of the Valley of the Wind (Kaze no tani no Naushika) (1984),Adventure|Animation|Drama|Fantasy|Sci-Fi,169,0.5534,4.1302,0.9686,0.761,0.844,0.6779,389,252,826,574
40815,Harry Potter and the Goblet of Fire (2005),Adventure|Fantasy|Thriller|IMAX,498,0.8522,3.6948,0.6695,0.7608,0.7243,0.7974,390,630,392,240
3360,Hoosiers (a.k.a. Best Shot) (1986),Drama|Romance,244,0.6755,3.8914,0.8446,0.76,0.7939,0.7262,391,397,646,255
215,Before Sunrise (1995),Drama|Romance,268,0.705,3.8601,0.8151,0.76,0.7821,0.738,392,424,598,206
805,"Time to Kill, A (1996)",Drama|Thriller,586,0.8798,3.6553,0.6387,0.7593,0.711,0.8075,393,689,357,332
47610,"Illusionist, The (2006)",Drama|Fantasy|Mystery|Romance,299,0.7338,3.8278,0.7844,0.7591,0.7692,0.749,394,459,564,170
1950,In the Heat of the Night (1967),Drama|Mystery,183,0.5788,4.0519,0.9388,0.7588,0.8308,0.6868,395,281,790,509
1884,Fear and Loathing in Las Vegas (1998),Adventure|Comedy|Drama,397,0.8023,3.7481,0.7153,0.7588,0.7414,0.7762,395,555,466,160
471,"Hudsucker Proxy, The (1994)",Comedy,559,0.8707,3.6682,0.6463,0.7585,0.7136,0.8034,396,677,372,305
431,Carlito's Way (1993),Crime|Drama,393,0.8001,3.7494,0.7159,0.758,0.7412,0.7748,397,557,473,160
3105,Awakenings (1990),Drama|Mystery,348,0.7706,3.783,0.7451,0.7578,0.7528,0.7629,398,518,505,120
33660,Cinderella Man (2005),Drama|Romance,225,0.6472,3.9311,0.8682,0.7577,0.8019,0.7135,399,378,703,325
3751,Chicken Run (2000),Animation|Children|Comedy,807,0.9297,3.5967,0.5854,0.7575,0.6887,0.8264,400,771,302,469
3168,Easy Rider (1969),Adventure|Drama,273,0.71,3.848,0.8048,0.7574,0.7763,0.7384,401,443,594,193
1635,"Ice Storm, The (1997)",Drama,283,0.72,3.8392,0.7944,0.7572,0.7721,0.7423,402,451,585,183
1962,Driving Miss Daisy (1989),Drama,442,0.8321,3.7093,0.6811,0.7566,0.7264,0.7868,403,620,424,217
1729,Jackie Brown (1997),Crime|Drama|Thriller,582,0.8792,3.6486,0.6331,0.7561,0.7069,0.8053,404,701,364,337
8949,Sideways (2004),Comedy|Drama|Romance,373,0.7894,3.7547,0.7225,0.756,0.7426,0.7693,405,549,491,144
1271,Fried Green Tomatoes (1991),Comedy|Crime|Drama,453,0.8362,3.7031,0.6751,0.7556,0.7234,0.7879,406,635,421,229
534,Shadowlands (1993),Drama|Romance,247,0.6783,3.8806,0.8321,0.7552,0.7859,0.7244,407,417,653,246
1663,Stripes (1981),Comedy|War,403,0.806,3.7357,0.7043,0.7552,0.7348,0.7755,407,589,469,182
539,Sleepless in Seattle (1993),Comedy|Drama|Romance,1429,0.978,3.5318,0.532,0.755,0.6658,0.8442,408,865,245,620
377,Speed (1994),Action|Romance|Thriller,2086,0.9922,3.5084,0.5173,0.7547,0.6597,0.8497,409,895,231,664
165,Die Hard: With a Vengeance (1995),Action|Crime|Thriller,1718,0.9881,3.514,0.5207,0.7544,0.6609,0.8479,410,889,234,655
3039,Trading Places (1983),Comedy,443,0.8324,3.7032,0.6755,0.7539,0.7225,0.7853,411,641,430,230
2686,"Red Violin, The (Violon rouge, Le) (1998)",Drama|Mystery,254,0.6871,3.8681,0.8208,0.7539,0.7807,0.7272,412,431,642,230
319,Shallow Grave (1994),Comedy|Drama|Thriller,343,0.7674,3.7784,0.7404,0.7539,0.7485,0.7593,412,533,521,121
1834,"Spanish Prisoner, The (1997)",Crime|Drama|Mystery|Thriller,227,0.6503,3.9097,0.8569,0.7536,0.7949,0.7123,413,396,711,315
2005,"Goonies, The (1985)",Action|Adventure|Children|Comedy|Fantasy,547,0.8675,3.6581,0.6397,0.7536,0.708,0.7992,413,698,386,312
1923,There's Something About Mary (1998),Comedy|Romance,1230,0.9699,3.5398,0.5367,0.7533,0.6667,0.8399,414,860,257,603
1275,Highlander (1986),Action|Adventure|Fantasy,569,0.8754,3.6441,0.6306,0.753,0.704,0.8019,415,716,376,340
5349,Spider-Man (2002),Action|Adventure|Sci-Fi|Thriller,1191,0.9664,3.5428,0.5395,0.753,0.6676,0.8384,415,855,265,590
40819,Walk the Line (2005),Drama|Musical|Romance,317,0.7514,3.7934,0.7536,0.7525,0.753,0.7521,416,517,552,136
2321,Pleasantville (1998),Comedy|Drama|Fantasy,703,0.9112,3.6046,0.5938,0.7525,0.689,0.816,416,769,333,436
1300,My Life as a Dog (Mitt liv som hund) (1985),Comedy|Drama,182,0.5766,4.0302,0.9281,0.7524,0.8227,0.682,417,312,816,504
4327,"Magnificent Seven, The (1960)",Adventure|Western,207,0.6221,3.9493,0.8826,0.7524,0.8045,0.7003,417,368,750,382
594,Snow White and the Seven Dwarfs (1937),Animation|Children|Drama|Fantasy|Musical,898,0.9407,3.5713,0.5634,0.752,0.6766,0.8275,418,830,293,537
1719,"Sweet Hereafter, The (1997)",Drama,187,0.5873,4.0053,0.9165,0.7519,0.8177,0.686,419,326,797,471
2529,Planet of the Apes (1968),Action|Drama|Sci-Fi,610,0.8876,3.6303,0.6161,0.7519,0.6976,0.8062,419,740,362,378
4896,Harry Potter and the Sorcerer's Stone (a.k.a. Harry Potter and the Philosopher's Stone) (2001),Adventure|Children|Fantasy,874,0.9385,3.5744,0.5653,0.7519,0.6772,0.8265,419,824,300,524
2231,Rounders (1998),Drama,340,0.7662,3.7735,0.7367,0.7514,0.7455,0.7573,420,540,531,120
3052,Dogma (1999),Adventure|Comedy|Fantasy,814,0.9313,3.5805,0.5716,0.7514,0.6795,0.8234,421,813,312,501
36529,Lord of War (2005),Action|Crime|Drama|Thriller|War,291,0.7285,3.8162,0.774,0.7513,0.7604,0.7422,422,487,586,164
8360,Shrek 2 (2004),Adventure|Animation|Children|Comedy|Musical|Romance,747,0.92,3.5944,0.5825,0.7513,0.6838,0.8187,422,796,323,473
99114,Django Unchained (2012),Action|Drama|Western,204,0.6152,3.951,0.8867,0.7509,0.8052,0.6966,423,365,760,395
866,Bound (1996),Crime|Drama|Romance|Thriller,303,0.7385,3.802,0.7633,0.7509,0.7559,0.746,423,499,574,151
3408,Erin Brockovich (2000),Drama,806,0.9294,3.5825,0.5725,0.7509,0.6796,0.8223,423,812,318,494
971,Cat on a Hot Tin Roof (1958),Drama,160,0.5333,4.1281,0.9674,0.7503,0.8371,0.6635,424,269,885,616
3098,"Natural, The (1984)",Drama,256,0.6893,3.8555,0.8114,0.7503,0.7747,0.7259,424,445,647,223
2353,Enemy of the State (1998),Action|Thriller,730,0.9168,3.5945,0.5829,0.7498,0.6831,0.8166,425,800,331,469
2132,Who's Afraid of Virginia Woolf? (1966),Drama,156,0.5217,4.1506,0.9774,0.7495,0.8407,0.6584,426,259,904,645
194,Smoke (1995),Comedy|Drama,319,0.7546,3.7821,0.7445,0.7495,0.7475,0.7515,426,534,554,128
454,"Firm, The (1993)",Drama|Thriller,1269,0.9724,3.5268,0.5267,0.7495,0.6604,0.8387,426,892,263,629
38061,Kiss Kiss Bang Bang (2005),Comedy|Crime|Mystery|Thriller,240,0.6695,3.8771,0.8286,0.7491,0.7809,0.7172,427,430,692,265
7254,The Butterfly Effect (2004),Drama|Sci-Fi|Thriller,453,0.8362,3.6876,0.6616,0.7489,0.714,0.7838,428,675,435,247
1132,Manon of the Spring (Manon des sources) (1986),Drama,159,0.5308,4.1258,0.9667,0.7487,0.8359,0.6616,429,271,891,620
2987,Who Framed Roger Rabbit? (1988),Adventure|Animation|Children|Comedy|Crime|Fantasy|Mystery,1092,0.9573,3.543,0.5399,0.7486,0.6651,0.8321,430,868,279,589
31410,"Downfall (Untergang, Der) (2004)",Drama|War,205,0.6174,3.9463,0.8795,0.7484,0.8008,0.696,431,380,762,382
6350,Laputa: Castle in the Sky (Tenkû no shiro Rapyuta) (1986),Action|Adventure|Animation|Children|Fantasy|Sci-Fi,174,0.5609,4.046,0.9357,0.7483,0.8232,0.6733,432,307,847,540
3037,Little Big Man (1970),Western,213,0.6309,3.9272,0.8657,0.7483,0.7952,0.7013,432,395,747,352
965,"39 Steps, The (1935)",Drama|Mystery|Thriller,211,0.6277,3.9313,0.8685,0.7481,0.7963,0.7,433,394,751,357
73017,Sherlock Holmes (2009),Action|Crime|Mystery|Thriller,301,0.7357,3.799,0.7605,0.7481,0.7531,0.7432,433,516,579,146
3386,JFK (1991),Drama|Mystery|Thriller,403,0.806,3.7159,0.6893,0.7476,0.7243,0.771,434,630,483,196
4223,Enemy at the Gates (2001),Drama|War,358,0.7784,3.75,0.7163,0.7473,0.7349,0.7598,435,588,519,153
3252,Scent of a Woman (1992),Drama,377,0.7906,3.7347,0.704,0.7473,0.73,0.7647,435,607,501,172
4776,Training Day (2001),Crime|Drama|Thriller,404,0.8082,3.7141,0.6861,0.7472,0.7228,0.7716,436,640,481,204
5878,Talk to Her (Hable con Ella) (2002),Drama|Romance,168,0.5499,4.0625,0.9444,0.7472,0.8261,0.6683,437,297,869,572
2948,From Russia with Love (1963),Action|Adventure|Thriller,348,0.7706,3.7557,0.7235,0.747,0.7376,0.7564,438,575,536,137
441,Dazed and Confused (1993),Comedy,419,0.8192,3.7017,0.6742,0.7467,0.7177,0.7757,439,658,468,219
57669,In Bruges (2008),Comedy|Crime|Drama|Thriller,230,0.6547,3.8848,0.8387,0.7467,0.7835,0.7099,440,421,720,299
380,True Lies (1994),Action|Adventure|Comedy|Romance|Thriller,2161,0.9928,3.4852,0.5003,0.7465,0.6481,0.845,441,948,240,708
5010,Black Hawk Down (2001),Action|Drama|War,506,0.8566,3.6492,0.6337,0.7451,0.7006,0.7897,442,731,413,318
2352,"Big Chill, The (1983)",Comedy|Drama,351,0.7728,3.7507,0.7172,0.745,0.7339,0.7561,443,591,539,148
2160,Rosemary's Baby (1968),Drama|Horror|Thriller,354,0.7753,3.7472,0.7147,0.745,0.7329,0.7571,443,596,532,153
2302,My Cousin Vinny (1992),Comedy,709,0.9134,3.5889,0.5763,0.7448,0.6774,0.8122,444,823,345,478
69122,"Hangover, The (2009)",Comedy|Crime,371,0.7881,3.7318,0.7012,0.7447,0.7273,0.7621,445,619,510,174
2318,Happiness (1998),Comedy|Drama,189,0.5904,3.9709,0.898,0.7442,0.8057,0.6827,446,364,811,447
5903,Equilibrium (2002),Action|Sci-Fi|Thriller,344,0.7677,3.7529,0.7191,0.7434,0.7337,0.7531,447,592,547,145
3552,Caddyshack (1980),Comedy,450,0.8352,3.6733,0.651,0.7431,0.7062,0.7799,448,704,449,256
2144,Sixteen Candles (1984),Comedy|Romance,437,0.8289,3.6808,0.6566,0.7428,0.7083,0.7772,449,695,460,246
1957,Chariots of Fire (1981),Drama,346,0.7693,3.7486,0.7156,0.7425,0.7317,0.7532,450,604,546,154
253,Interview with the Vampire: The Vampire Chronicles (1994),Drama|Horror,1385,0.9765,3.4946,0.5078,0.7422,0.6484,0.8359,451,945,275,670
1183,"English Patient, The (1996)",Drama|Romance|War,764,0.9218,3.57,0.5618,0.7418,0.6698,0.8138,452,851,339,512
5064,The Count of Monte Cristo (2002),Action|Adventure|Drama|Romance|Thriller,298,0.7332,3.7886,0.7498,0.7415,0.7449,0.7382,453,546,596,143
8638,Before Sunset (2004),Drama|Romance,186,0.5844,3.9677,0.8974,0.7409,0.8035,0.6783,454,371,824,453
1411,Hamlet (1996),Crime|Drama|Romance,289,0.7269,3.7941,0.7549,0.7409,0.7465,0.7353,454,538,614,160
80463,"Social Network, The (2010)",Drama,253,0.6861,3.8399,0.7954,0.7407,0.7626,0.7189,455,476,684,229
3418,Thelma & Louise (1991),Adventure|Crime|Drama,611,0.8879,3.6039,0.5935,0.7407,0.6819,0.7996,455,805,383,422
6378,"Italian Job, The (2003)",Action|Crime,499,0.8528,3.6413,0.6284,0.7406,0.6957,0.7855,456,748,429,319
8464,Super Size Me (2004),Comedy|Documentary|Drama,425,0.823,3.6812,0.6569,0.74,0.7067,0.7732,457,702,477,245
1376,Star Trek IV: The Voyage Home (1986),Adventure|Comedy|Sci-Fi,663,0.9027,3.5897,0.5772,0.74,0.6749,0.8051,457,834,365,469
88125,Harry Potter and the Deathly Hallows: Part 2 (2011),Action|Adventure|Drama|Fantasy|Mystery|IMAX,194,0.5986,3.9485,0.881,0.7398,0.7963,0.6833,458,393,807,414
5464,Road to Perdition (2002),Crime|Drama,395,0.801,3.7063,0.6786,0.7398,0.7153,0.7643,458,670,502,212
28,Persuasion (1995),Drama|Romance,159,0.5308,4.0692,0.9485,0.7396,0.8232,0.6561,459,308,912,604
71535,Zombieland (2009),Action|Comedy|Horror,238,0.6682,3.855,0.8107,0.7395,0.768,0.711,460,460,715,255
8636,Spider-Man 2 (2004),Action|Adventure|Sci-Fi|IMAX,823,0.9328,3.5492,0.5458,0.7393,0.6619,0.8167,461,880,330,550
8798,Collateral (2004),Action|Crime|Drama|Thriller,384,0.7944,3.7109,0.6836,0.739,0.7169,0.7612,462,663,515,201
2949,Dr. No (1962),Action|Adventure|Thriller,362,0.7828,3.7224,0.6946,0.7387,0.7211,0.7563,463,646,538,183
2078,"Jungle Book, The (1967)",Animation|Children|Comedy|Musical,461,0.8396,3.654,0.6378,0.7387,0.6983,0.7791,463,734,453,281
428,"Bronx Tale, A (1993)",Drama,248,0.6802,3.8407,0.7966,0.7384,0.7617,0.7151,464,479,699,235
8950,"Machinist, The (Maquinista, El) (2004)",Mystery|Thriller,259,0.6946,3.8243,0.7822,0.7384,0.7559,0.7209,464,500,670,206
69757,(500) Days of Summer (2009),Comedy|Drama|Romance,259,0.6946,3.8224,0.7806,0.7376,0.7548,0.7204,465,506,674,209
2728,Spartacus (1960),Action|Drama|Romance|War,229,0.6529,3.869,0.822,0.7374,0.7713,0.7036,466,453,740,287
1061,Sleepers (1996),Thriller,450,0.8352,3.6556,0.639,0.7371,0.6979,0.7764,467,738,464,274
2731,"400 Blows, The (Les quatre cents coups) (1959)",Crime|Drama,147,0.5006,4.1429,0.9733,0.737,0.8315,0.6424,468,280,967,687
4857,Fiddler on the Roof (1971),Drama|Musical,160,0.5333,4.0563,0.9407,0.737,0.8185,0.6555,468,323,916,593
3088,Harvey (1950),Comedy|Fantasy,183,0.5788,3.9617,0.8942,0.7365,0.7996,0.6734,469,385,846,461
26614,"Bourne Identity, The (1988)",Action|Adventure|Drama|Mystery|Thriller,153,0.5135,4.0948,0.9589,0.7362,0.8253,0.6471,470,299,950,651
59369,Taken (2008),Action|Crime|Drama|Thriller,243,0.6742,3.8416,0.7979,0.736,0.7608,0.7113,471,485,714,243
1264,Diva (1981),Action|Drama|Mystery|Romance|Thriller,162,0.5383,4.0401,0.9331,0.7357,0.8147,0.6567,472,334,907,573
678,Some Folks Call It a Sling Blade (1993),Drama|Thriller,141,0.4862,4.1844,0.9846,0.7354,0.8351,0.6357,473,273,993,720
2278,Ronin (1998),Action|Crime|Thriller,494,0.8515,3.6326,0.618,0.7348,0.6881,0.7815,474,777,443,334
4308,Moulin Rouge (2001),Drama|Musical|Romance,603,0.8854,3.592,0.5804,0.7329,0.6719,0.7939,475,844,399,445
141,"Birdcage, The (1996)",Comedy,1090,0.957,3.495,0.5082,0.7326,0.6428,0.8223,476,970,317,653
446,Farewell My Concubine (Ba wang bie ji) (1993),Drama|Romance,200,0.6089,3.905,0.8537,0.7313,0.7803,0.6824,477,433,814,381
5816,Harry Potter and the Chamber of Secrets (2002),Adventure|Fantasy,714,0.914,3.5525,0.5483,0.7312,0.658,0.8043,478,901,368,533
8132,Gladiator (1992),Action|Drama,168,0.5499,3.997,0.9118,0.7309,0.8032,0.6585,479,373,903,530
942,Laura (1944),Crime|Film-Noir|Mystery,147,0.5006,4.102,0.9605,0.7305,0.8225,0.6386,480,313,982,669
2795,National Lampoon's Vacation (1983),Comedy,273,0.71,3.7912,0.7511,0.7305,0.7388,0.7223,480,569,660,180
353,"Crow, The (1994)",Action|Crime|Fantasy|Thriller,840,0.9341,3.5256,0.5264,0.7302,0.6487,0.8118,481,944,347,597
2174,Beetlejuice (1988),Comedy|Fantasy,1006,0.9501,3.499,0.5104,0.7302,0.6423,0.8182,481,974,325,649
3210,Fast Times at Ridgemont High (1982),Comedy|Drama|Romance,386,0.7954,3.6904,0.6635,0.7294,0.7031,0.7558,482,721,540,239
3910,Dancer in the Dark (2000),Drama|Musical,193,0.5979,3.9145,0.86,0.729,0.7814,0.6766,483,427,832,405
3100,"River Runs Through It, A (1992)",Drama,282,0.7178,3.7784,0.7401,0.729,0.7334,0.7245,483,594,652,169
4641,Ghost World (2001),Comedy|Drama,315,0.7486,3.7413,0.7087,0.7287,0.7207,0.7366,484,649,608,165
261,Little Women (1994),Drama,521,0.8625,3.6046,0.5942,0.7283,0.6747,0.782,485,837,440,397
592,Batman (1989),Action|Crime|Thriller,2293,0.9947,3.4307,0.4617,0.7282,0.6216,0.8348,486,1054,277,777
4239,Blow (2001),Crime|Drama,367,0.7853,3.6962,0.6707,0.728,0.7051,0.7509,487,708,559,221
1238,Local Hero (1983),Comedy,165,0.5439,3.997,0.9115,0.7277,0.8012,0.6542,488,379,921,542
54503,Superbad (2007),Comedy,318,0.7527,3.7327,0.7024,0.7276,0.7175,0.7376,489,660,603,171
3089,Bicycle Thieves (a.k.a. The Bicycle Thief) (a.k.a. The Bicycle Thieves) (Ladri di biciclette) (1948),Drama,155,0.5191,4.0452,0.9353,0.7272,0.8105,0.644,490,350,961,611
562,Welcome to the Dollhouse (1995),Comedy|Drama,299,0.7338,3.7542,0.7207,0.7272,0.7246,0.7299,490,628,632,142
2890,Three Kings (1999),Action|Adventure|Comedy|Drama|War,590,0.8814,3.5839,0.5731,0.7272,0.6656,0.7889,490,867,417,450
60684,Watchmen (2009),Action|Drama|Mystery|Sci-Fi|Thriller|IMAX,287,0.7238,3.7666,0.7304,0.7271,0.7284,0.7258,491,616,648,157
3081,Sleepy Hollow (1999),Fantasy|Horror|Mystery|Romance,673,0.9049,3.5505,0.5474,0.7261,0.6546,0.7976,492,918,390,528
3148,"Cider House Rules, The (1999)",Drama,358,0.7784,3.6997,0.6736,0.726,0.705,0.747,493,709,572,216
6953,21 Grams (2003),Crime|Drama|Mystery|Romance|Thriller,298,0.7332,3.7517,0.7175,0.7254,0.7222,0.7285,494,642,636,148
339,While You Were Sleeping (1995),Comedy|Romance,1173,0.9645,3.4689,0.4862,0.7254,0.6297,0.821,494,1020,320,700
587,Ghost (1990),Comedy|Drama|Fantasy|Romance|Thriller,1466,0.9793,3.4465,0.4714,0.7254,0.6238,0.8269,494,1045,297,748
3307,City Lights (1931),Comedy|Drama|Romance,129,0.4526,4.2713,0.9975,0.725,0.834,0.6161,495,275,1075,800
1251,8 1/2 (8½) (1963),Drama|Fantasy,164,0.5417,3.9909,0.908,0.7249,0.7981,0.6516,496,387,933,546
2081,"Little Mermaid, The (1989)",Animation|Children|Comedy|Musical|Romance,719,0.9149,3.5376,0.5348,0.7249,0.6489,0.8009,496,941,378,563
314,"Secret of Roan Inish, The (1994)",Children|Drama|Fantasy|Mystery,215,0.6356,3.8581,0.8132,0.7244,0.7599,0.6889,497,489,785,296
4361,Tootsie (1982),Comedy|Romance,407,0.811,3.6536,0.6375,0.7243,0.6895,0.759,498,768,522,270
61240,Let the Right One In (Låt den rätte komma in) (2008),Drama|Fantasy|Horror|Romance,141,0.4862,4.1028,0.9608,0.7235,0.8184,0.6286,499,324,1022,698
1967,Labyrinth (1986),Adventure|Fantasy|Musical,412,0.8145,3.6456,0.6315,0.723,0.6864,0.7596,500,785,520,285
1912,Out of Sight (1998),Comedy|Crime|Drama|Romance|Thriller,403,0.806,3.6551,0.6384,0.7222,0.6887,0.7557,501,770,541,269
3983,You Can Count on Me (2000),Drama|Romance,145,0.4959,4.069,0.9482,0.7221,0.8125,0.6316,502,342,1004,662
3317,Wonder Boys (2000),Comedy|Drama,322,0.7552,3.7158,0.689,0.7221,0.7088,0.7353,502,693,614,191
342,Muriel's Wedding (1994),Comedy,573,0.8766,3.5759,0.5669,0.7218,0.6598,0.7837,503,894,436,458
535,Short Cuts (1993),Drama,281,0.7163,3.7598,0.7263,0.7213,0.7233,0.7193,504,638,683,179
2140,"Dark Crystal, The (1982)",Adventure|Fantasy,421,0.8208,3.6354,0.6218,0.7213,0.6815,0.7611,504,809,516,305
5218,Ice Age (2002),Adventure|Animation|Children|Comedy,558,0.8704,3.5815,0.5719,0.7211,0.6614,0.7808,505,884,447,437
2580,Go (1999),Comedy|Crime,434,0.8267,3.6279,0.6139,0.7203,0.6778,0.7629,506,822,506,316
5690,Grave of the Fireflies (Hotaru no haka) (1988),Animation|Drama|War,146,0.4981,4.0582,0.9422,0.7202,0.809,0.6314,507,357,1006,649
4085,Beverly Hills Cop (1984),Action|Comedy|Crime|Drama,506,0.8566,3.5958,0.5838,0.7202,0.6656,0.7747,507,866,474,392
3359,Breaking Away (1979),Comedy|Drama,140,0.4837,4.0893,0.9564,0.72,0.8146,0.6255,508,335,1035,700
599,"Wild Bunch, The (1969)",Adventure|Western,158,0.527,4.0,0.9124,0.7197,0.7968,0.6426,509,391,966,575
350,"Client, The (1994)",Drama|Mystery|Thriller,812,0.9303,3.4963,0.5088,0.7196,0.6352,0.8039,510,1003,371,632
3256,Patriot Games (1992),Action|Thriller,438,0.8299,3.621,0.6083,0.7191,0.6748,0.7634,511,835,504,331
2973,Crimes and Misdemeanors (1989),Comedy|Crime|Drama,202,0.6124,3.8738,0.8255,0.7189,0.7616,0.6763,512,481,834,353
2968,Time Bandits (1981),Adventure|Comedy|Fantasy|Sci-Fi,434,0.8267,3.6221,0.6095,0.7181,0.6747,0.7616,513,836,512,324
1059,William Shakespeare's Romeo + Juliet (1996),Drama|Romance,504,0.855,3.5923,0.5807,0.7178,0.663,0.7727,514,874,480,394
1537,Shall We Dance? (Shall We Dansu?) (1996),Comedy|Drama|Romance,199,0.6067,3.8769,0.8283,0.7175,0.7618,0.6732,515,478,848,370
2763,"Thomas Crown Affair, The (1999)",Action|Mystery,598,0.8836,3.5569,0.5515,0.7175,0.6511,0.7839,515,933,434,499
10,GoldenEye (1995),Action|Adventure|Thriller,1480,0.9799,3.4226,0.4545,0.7172,0.6121,0.8223,516,1090,319,771
3108,"Fisher King, The (1991)",Comedy|Drama|Fantasy|Romance,372,0.7888,3.6667,0.6453,0.717,0.6884,0.7457,517,775,575,258
3703,"Road Warrior, The (Mad Max 2) (1981)",Action|Adventure|Sci-Fi,415,0.8164,3.6325,0.6174,0.7169,0.6771,0.7567,518,827,534,309
597,Pretty Woman (1990),Comedy|Romance,1712,0.9878,3.413,0.446,0.7169,0.6085,0.8252,518,1103,307,796
6947,Master and Commander: The Far Side of the World (2003),Adventure|Drama|War,315,0.7486,3.7127,0.6849,0.7167,0.704,0.7295,519,717,635,198
30810,"Life Aquatic with Steve Zissou, The (2004)",Adventure|Comedy|Fantasy,290,0.7279,3.7362,0.705,0.7164,0.7118,0.721,520,684,668,164
38038,Wallace & Gromit in The Curse of the Were-Rabbit (2005),Adventure|Animation|Children|Comedy,229,0.6529,3.821,0.7797,0.7163,0.7416,0.6909,521,553,779,258
1747,Wag the Dog (1997),Comedy,554,0.8694,3.5704,0.5625,0.7159,0.6546,0.7773,522,919,459,460
2176,Rope (1948),Crime|Drama|Thriller,148,0.5035,4.027,0.9275,0.7155,0.8003,0.6307,523,382,1009,627
8873,"Motorcycle Diaries, The (Diarios de motocicleta) (2004)",Adventure|Drama,205,0.6174,3.8561,0.8117,0.7145,0.7534,0.6757,524,513,836,323
2011,Back to the Future Part II (1989),Adventure|Comedy|Sci-Fi,964,0.9451,3.4673,0.4837,0.7144,0.6221,0.8067,525,1052,360,692
2819,Three Days of the Condor (3 Days of the Condor) (1975),Drama|Mystery|Romance|Thriller,158,0.527,3.9778,0.9018,0.7144,0.7893,0.6394,526,407,978,571
1344,Cape Fear (1962),Crime|Drama|Thriller,228,0.6513,3.818,0.7768,0.7141,0.7392,0.689,527,566,784,257
2966,"Straight Story, The (1999)",Adventure|Drama,174,0.5609,3.9282,0.8669,0.7139,0.7751,0.6527,528,444,929,485
151,Rob Roy (1995),Action|Drama|Romance|War,670,0.904,3.5231,0.5239,0.7139,0.6379,0.7899,528,993,411,582
596,Pinocchio (1940),Animation|Children|Fantasy|Musical,616,0.8889,3.5414,0.5383,0.7136,0.6435,0.7837,529,968,437,531
7445,Man on Fire (2004),Action|Crime|Drama|Mystery|Thriller,244,0.6755,3.7889,0.7505,0.713,0.728,0.698,530,617,757,227
2917,Body Heat (1981),Crime|Thriller,199,0.6067,3.8643,0.8183,0.7125,0.7548,0.6702,531,505,864,359
2739,"Color Purple, The (1985)",Drama,277,0.7134,3.7437,0.7116,0.7125,0.7121,0.7129,531,683,708,177
69844,Harry Potter and the Half-Blood Prince (2009),Adventure|Fantasy|Mystery|Romance|IMAX,224,0.646,3.8192,0.7787,0.7123,0.7389,0.6858,532,568,799,267
2863,"Hard Day's Night, A (1964)",Adventure|Comedy|Musical,216,0.6378,3.831,0.7866,0.7122,0.7419,0.6824,533,552,813,280
3072,Moonstruck (1987),Comedy|Romance,390,0.7991,3.6385,0.6249,0.712,0.6772,0.7469,534,825,573,291
79702,Scott Pilgrim vs. the World (2010),Action|Comedy|Fantasy|Musical|Romance,181,0.5747,3.8978,0.8481,0.7114,0.7661,0.6567,535,467,908,441
3196,Stalag 17 (1953),Drama|War,129,0.4526,4.1318,0.9696,0.7111,0.8145,0.6077,536,336,1115,779
3510,Frequency (2000),Drama|Thriller,418,0.8183,3.6148,0.603,0.7106,0.6675,0.7537,537,856,545,319
1189,"Thin Blue Line, The (1988)",Documentary,123,0.4341,4.1911,0.9862,0.7101,0.8206,0.5997,538,317,1151,834
1078,Bananas (1971),Comedy|War,180,0.5722,3.8972,0.8478,0.71,0.7651,0.6549,539,470,919,449
266,Legends of the Fall (1994),Drama|Romance|War|Western,769,0.9228,3.4798,0.4972,0.71,0.6249,0.7951,539,1038,396,642
39,Clueless (1995),Comedy|Romance,1360,0.9758,3.411,0.4435,0.7097,0.6032,0.8161,540,1121,332,789
2150,"Gods Must Be Crazy, The (1980)",Adventure|Comedy,459,0.8393,3.5915,0.5794,0.7094,0.6574,0.7613,541,905,514,391
39292,"Good Night, and Good Luck. (2005)",Crime|Drama,183,0.5788,3.8852,0.8393,0.709,0.7611,0.6569,542,483,906,423
2080,Lady and the Tramp (1955),Animation|Children|Comedy|Romance,521,0.8625,3.5624,0.5552,0.7089,0.6474,0.7703,543,950,486,464
3429,Creature Comforts (1989),Animation|Comedy,118,0.4181,4.3347,0.9987,0.7084,0.8245,0.5923,544,302,1178,876
2406,Romancing the Stone (1984),Action|Adventure|Comedy|Romance,663,0.9027,3.5053,0.5141,0.7084,0.6307,0.7861,544,1018,427,591
2109,"Jerk, The (1979)",Comedy,350,0.7718,3.6657,0.6447,0.7083,0.6828,0.7337,545,801,619,256
2391,"Simple Plan, A (1998)",Crime|Drama|Thriller,302,0.737,3.707,0.6792,0.7081,0.6965,0.7196,546,745,680,199
2161,"NeverEnding Story, The (1984)",Adventure|Children|Fantasy,533,0.865,3.5563,0.5508,0.7079,0.6451,0.7708,547,960,484,476
41,Richard III (1995),Drama|War,238,0.6682,3.7857,0.747,0.7076,0.7234,0.6919,548,636,776,228
5954,25th Hour (2002),Crime|Drama,228,0.6513,3.8026,0.7637,0.7075,0.7299,0.685,549,609,801,252
54259,Stardust (2007),Adventure|Comedy|Fantasy|Romance,218,0.64,3.8165,0.7746,0.7073,0.7342,0.6804,550,590,819,269
292,Outbreak (1995),Action|Drama|Sci-Fi|Thriller,1306,0.9733,3.4096,0.4413,0.7073,0.6009,0.8137,550,1130,340,790
368,Maverick (1994),Adventure|Comedy|Western,886,0.9401,3.452,0.4739,0.707,0.6138,0.8002,551,1088,381,707
2208,"Lady Vanishes, The (1938)",Drama|Mystery|Thriller,123,0.4341,4.1585,0.9796,0.7068,0.8159,0.5977,552,330,1159,829
48738,"Last King of Scotland, The (2006)",Drama|Thriller,191,0.5935,3.8665,0.8198,0.7067,0.7519,0.6614,553,523,893,370
4855,Dirty Harry (1971),Action|Crime|Thriller,265,0.7028,3.7434,0.7106,0.7067,0.7083,0.7051,553,696,733,180
671,Mystery Science Theater 3000: The Movie (1996),Comedy|Sci-Fi,301,0.7357,3.706,0.6777,0.7067,0.6951,0.7183,553,752,687,199
3396,"Muppet Movie, The (1979)",Adventure|Children|Comedy|Musical,346,0.7693,3.6647,0.6441,0.7067,0.6816,0.7317,553,807,628,254
1907,Mulan (1998),Adventure|Animation|Children|Comedy|Drama|Musical|Romance,379,0.7922,3.6346,0.6212,0.7067,0.6725,0.7409,553,843,589,290
780,Independence Day (a.k.a. ID4) (1996),Action|Adventure|Sci-Fi|Thriller,2418,0.9962,3.3766,0.4171,0.7067,0.5909,0.8225,553,1163,316,847
1348,"Nosferatu (Nosferatu, eine Symphonie des Grauens) (1922)",Horror,192,0.596,3.862,0.8167,0.7064,0.7505,0.6622,554,526,889,363
6385,Whale Rider (2002),Drama,181,0.5747,3.884,0.8377,0.7062,0.7588,0.6536,555,490,926,436
54001,Harry Potter and the Order of the Phoenix (2007),Adventure|Drama|Fantasy|IMAX,307,0.7411,3.6971,0.6714,0.7062,0.6923,0.7202,555,762,677,207
1517,Austin Powers: International Man of Mystery (1997),Action|Adventure|Comedy,1121,0.9608,3.4184,0.451,0.7059,0.604,0.8078,556,1114,355,759
3178,"Hurricane, The (1999)",Drama,205,0.6174,3.839,0.7941,0.7057,0.7411,0.6704,557,558,862,305
3753,"Patriot, The (2000)",Action|Drama|War,635,0.8955,3.5063,0.5157,0.7056,0.6296,0.7815,558,1021,442,579
1120,"People vs. Larry Flynt, The (1996)",Comedy|Drama,453,0.8362,3.585,0.5744,0.7053,0.6529,0.7576,559,926,529,397
6867,"Station Agent, The (2003)",Comedy|Drama,160,0.5333,3.9438,0.877,0.7051,0.7739,0.6364,560,448,989,541
4103,Empire of the Sun (1987),Action|Adventure|Drama|War,182,0.5766,3.8819,0.8336,0.7051,0.7565,0.6537,560,498,925,427
7156,"Fog of War: Eleven Lessons from the Life of Robert S. McNamara, The (2003)",Documentary|War,124,0.4382,4.1371,0.9718,0.705,0.8117,0.5982,561,346,1157,811
6331,Spellbound (2002),Documentary,143,0.4918,4.007,0.9175,0.7046,0.7898,0.6195,562,403,1060,657
500,Mrs. Doubtfire (1993),Comedy|Drama,1702,0.9868,3.3807,0.4225,0.7046,0.5918,0.8175,562,1158,329,829
3255,"League of Their Own, A (1992)",Comedy|Drama,506,0.8566,3.5593,0.5524,0.7045,0.6437,0.7653,563,966,499,467
262,"Little Princess, A (1995)",Children|Drama,219,0.6406,3.8082,0.768,0.7043,0.7298,0.6788,564,610,822,258
92259,Intouchables (2011),Comedy|Drama,117,0.4153,4.2222,0.9925,0.7039,0.8193,0.5884,565,320,1189,869
3948,Meet the Parents (2000),Comedy,776,0.9247,3.4665,0.4831,0.7039,0.6155,0.7922,566,1080,404,676
648,Mission: Impossible (1996),Action|Adventure|Mystery|Thriller,1920,0.9903,3.3747,0.4168,0.7035,0.5889,0.8182,567,1170,324,846
2203,Shadow of a Doubt (1943),Crime|Drama|Thriller,127,0.4473,4.0984,0.9595,0.7034,0.8058,0.6009,568,363,1147,784
1022,Cinderella (1950),Animation|Children|Fantasy|Musical|Romance,447,0.834,3.5828,0.5728,0.7034,0.6512,0.7556,568,931,543,388
7022,Battle Royale (Batoru rowaiaru) (2000),Action|Drama|Horror|Thriller,231,0.6573,3.7879,0.7492,0.7032,0.7216,0.6848,569,645,803,234
2423,Christmas Vacation (National Lampoon's Christmas Vacation) (1989),Comedy,310,0.7439,3.6887,0.6623,0.7031,0.6868,0.7194,570,784,681,214
2664,Invasion of the Body Snatchers (1956),Horror|Sci-Fi|Thriller,247,0.6783,3.7611,0.7276,0.7029,0.7128,0.6931,571,681,771,200
1289,Koyaanisqatsi (a.k.a. Koyaanisqatsi: Life Out of Balance) (1983),Documentary,145,0.4959,3.9931,0.9096,0.7028,0.7855,0.62,572,418,1056,638
3556,"Virgin Suicides, The (1999)",Drama|Romance,332,0.7627,3.6627,0.6425,0.7026,0.6786,0.7266,573,817,643,244
968,Night of the Living Dead (1968),Horror|Sci-Fi|Thriller,397,0.8023,3.6146,0.6026,0.7024,0.6625,0.7424,574,877,584,303
2333,Gods and Monsters (1998),Drama,201,0.6105,3.8383,0.7935,0.702,0.7386,0.6654,575,571,879,308
1354,Breaking the Waves (1996),Drama|Mystery,191,0.5935,3.8534,0.8101,0.7018,0.7451,0.6585,576,544,902,358
3994,Unbreakable (2000),Drama|Sci-Fi,698,0.9096,3.4764,0.4934,0.7015,0.6183,0.7847,577,1066,432,634
6218,Bend It Like Beckham (2002),Comedy|Drama|Romance,369,0.7866,3.6287,0.6158,0.7012,0.667,0.7353,578,858,613,280
1298,Pink Floyd: The Wall (1982),Drama|Musical,308,0.7426,3.6851,0.6594,0.701,0.6844,0.7177,579,792,689,213
3551,Marathon Man (1976),Crime|Drama|Thriller,177,0.5675,3.8814,0.833,0.7003,0.7534,0.6471,580,514,949,435
3022,"General, The (1926)",Comedy|War,119,0.4222,4.1513,0.9777,0.6999,0.811,0.5888,581,349,1187,838
3629,"Gold Rush, The (1925)",Adventure|Comedy|Romance,115,0.4109,4.2043,0.9887,0.6998,0.8153,0.5842,582,332,1201,869
1959,Out of Africa (1985),Drama|Romance,255,0.6886,3.7431,0.7103,0.6995,0.7038,0.6951,583,718,765,182
4019,Finding Forrester (2000),Drama,299,0.7338,3.689,0.6626,0.6982,0.684,0.7125,584,794,710,210
1944,From Here to Eternity (1953),Drama|Romance|War,145,0.4959,3.9759,0.9002,0.6981,0.7789,0.6172,585,435,1068,633
7256,Touching the Void (2003),Adventure|Documentary,125,0.4416,4.08,0.9532,0.6974,0.7997,0.5951,586,384,1169,785
832,Ransom (1996),Crime|Thriller,691,0.9068,3.4711,0.4881,0.6974,0.6137,0.7812,586,1089,445,644
3543,Diner (1982),Comedy|Drama,169,0.5534,3.8876,0.8412,0.6973,0.7548,0.6397,587,504,977,473
5013,Gosford Park (2001),Comedy|Drama|Mystery,326,0.7593,3.6503,0.6353,0.6973,0.6725,0.7221,587,843,662,256
1032,Alice in Wonderland (1951),Adventure|Animation|Children|Fantasy|Musical,377,0.7906,3.6154,0.6039,0.6973,0.6599,0.7346,587,893,616,306
940,"Adventures of Robin Hood, The (1938)",Action|Adventure|Romance,187,0.5873,3.8503,0.8067,0.697,0.7408,0.6531,588,559,928,369
1343,Cape Fear (1991),Thriller,441,0.8315,3.5692,0.5609,0.6962,0.6421,0.7503,589,977,561,416
64839,"Wrestler, The (2008)",Drama,169,0.5534,3.8846,0.838,0.6957,0.7526,0.6388,590,519,980,461
52,Mighty Aphrodite (1995),Comedy|Drama|Romance,457,0.8377,3.5602,0.5534,0.6955,0.6387,0.7524,591,988,549,439
230,Dolores Claiborne (1995),Drama|Thriller,361,0.7812,3.6219,0.6089,0.6951,0.6606,0.7295,592,890,634,298
125,Flirting With Disaster (1996),Comedy,200,0.6089,3.8225,0.7809,0.6949,0.7293,0.6605,593,611,895,302
3253,Wayne's World (1992),Comedy,672,0.9046,3.468,0.4852,0.6949,0.611,0.7788,593,1096,454,642
3654,"Guns of Navarone, The (1961)",Action|Adventure|Drama|War,172,0.5571,3.8808,0.8324,0.6948,0.7498,0.6397,594,529,976,447
1721,Titanic (1997),Drama|Romance,1642,0.9856,3.356,0.404,0.6948,0.5784,0.8111,595,1205,348,857
2648,Frankenstein (1931),Drama|Horror|Sci-Fi,173,0.5581,3.8786,0.8308,0.6944,0.749,0.6399,596,531,975,444
2058,"Negotiator, The (1998)",Action|Crime|Drama|Mystery|Thriller,434,0.8267,3.5703,0.5621,0.6944,0.6415,0.7474,596,978,570,408
1273,Down by Law (1986),Comedy|Drama|Film-Noir,132,0.4636,4.0189,0.925,0.6943,0.7866,0.602,597,414,1145,731
3508,"Outlaw Josey Wales, The (1976)",Action|Adventure|Drama|Thriller|Western,176,0.565,3.8693,0.8227,0.6938,0.7454,0.6423,598,543,968,425
2398,Miracle on 34th Street (1947),Comedy|Drama,244,0.6755,3.7439,0.7122,0.6938,0.7012,0.6865,598,728,795,197
69481,"Hurt Locker, The (2008)",Action|Drama|Thriller|War,186,0.5844,3.8441,0.8019,0.6932,0.7367,0.6497,599,577,940,363
6440,Barton Fink (1991),Drama|Thriller,165,0.5439,3.8879,0.8415,0.6927,0.7522,0.6332,600,522,999,477
2859,Stop Making Sense (1984),Documentary|Musical,114,0.4065,4.1535,0.9783,0.6924,0.8068,0.578,601,361,1222,861
54997,3:10 to Yuma (2007),Action|Crime|Drama|Western,224,0.646,3.7768,0.7389,0.6924,0.711,0.6738,601,690,845,244
1645,"Devil's Advocate, The (1997)",Drama|Mystery|Thriller,606,0.8861,3.4835,0.4987,0.6924,0.6149,0.7699,601,1083,489,594
1096,Sophie's Choice (1982),Drama,182,0.5766,3.8516,0.8079,0.6922,0.7385,0.646,602,572,953,381
2125,Ever After: A Cinderella Story (1998),Comedy|Drama|Romance,310,0.7439,3.6597,0.6406,0.6922,0.6716,0.7129,602,846,707,244
2915,Risky Business (1983),Comedy,404,0.8082,3.5866,0.5753,0.6918,0.6452,0.7384,603,959,595,364
1956,Ordinary People (1980),Drama,215,0.6356,3.786,0.7473,0.6915,0.7138,0.6691,604,676,866,262
5617,Secretary (2002),Comedy|Drama|Romance,211,0.6277,3.7938,0.7546,0.6911,0.7165,0.6658,605,666,877,272
2108,L.A. Story (1991),Comedy|Romance,386,0.7954,3.5972,0.586,0.6907,0.6488,0.7325,606,942,625,336
76251,Kick-Ass (2010),Action|Comedy,241,0.6711,3.7427,0.71,0.6905,0.6983,0.6827,607,735,810,203
2640,Superman (1978),Action|Adventure|Sci-Fi,742,0.9184,3.4292,0.4605,0.6894,0.5978,0.781,608,1142,446,696
55765,American Gangster (2007),Crime|Drama|Thriller,228,0.6513,3.761,0.7272,0.6893,0.7045,0.6741,609,711,844,235
1179,"Grifters, The (1990)",Crime|Drama|Film-Noir,325,0.7583,3.6338,0.6199,0.6891,0.6614,0.7168,610,884,694,274
2139,"Secret of NIMH, The (1982)",Adventure|Animation|Children|Drama,243,0.6742,3.7346,0.7034,0.6888,0.6946,0.683,611,756,808,197
47099,"Pursuit of Happyness, The (2006)",Drama,187,0.5873,3.8342,0.79,0.6886,0.7292,0.6481,612,612,947,335
1965,Repo Man (1984),Comedy|Sci-Fi,331,0.7621,3.6284,0.6152,0.6886,0.6593,0.718,613,898,688,285
6708,Matchstick Men (2003),Comedy|Crime|Drama,255,0.6886,3.7157,0.6883,0.6885,0.6884,0.6885,614,774,786,172
33493,Star Wars: Episode III - Revenge of the Sith (2005),Action|Adventure|Sci-Fi,623,0.892,3.4679,0.4849,0.6885,0.6071,0.7699,614,1110,488,622
101,Bottle Rocket (1996),Adventure|Comedy|Crime|Romance,208,0.6234,3.7933,0.7533,0.6883,0.7143,0.6623,615,673,888,273
802,Phenomenon (1996),Drama|Romance,654,0.8992,3.4587,0.4774,0.6883,0.604,0.7727,615,1114,479,635
2193,Willow (1988),Action|Adventure|Fantasy,487,0.8487,3.5277,0.5276,0.6882,0.6239,0.7524,616,1043,550,493
1777,"Wedding Singer, The (1998)",Comedy|Romance,692,0.9071,3.4429,0.4683,0.6877,0.5999,0.7755,617,1134,471,663
1370,Die Hard 2 (1990),Action|Adventure|Thriller,812,0.9303,3.4119,0.4448,0.6875,0.5904,0.7847,618,1165,433,732
280,Murder in the First (1995),Drama|Thriller,253,0.6861,3.7154,0.688,0.6871,0.6874,0.6867,619,780,793,174
4105,"Evil Dead, The (1981)",Fantasy|Horror|Thriller,258,0.6927,3.7093,0.6814,0.6871,0.6848,0.6893,619,789,781,170
8622,Fahrenheit 9/11 (2004),Documentary,432,0.8258,3.5509,0.5477,0.6868,0.6311,0.7424,620,1016,584,432
1101,Top Gun (1986),Action|Romance,1038,0.9542,3.3781,0.4193,0.6868,0.5798,0.7937,621,1203,400,803
41997,Munich (2005),Action|Crime|Drama|Thriller,236,0.6642,3.7415,0.709,0.6866,0.6956,0.6776,622,749,827,205
35836,"40-Year-Old Virgin, The (2005)",Comedy|Romance,487,0.8487,3.5236,0.5242,0.6864,0.6215,0.7513,623,1055,556,499
81834,Harry Potter and the Deathly Hallows: Part 1 (2010),Action|Adventure|Fantasy|IMAX,184,0.58,3.837,0.7922,0.6861,0.7286,0.6437,624,615,963,348
67255,"Girl with the Dragon Tattoo, The (Män som hatar kvinnor) (2009)",Crime|Drama|Mystery|Thriller,153,0.5135,3.9118,0.8581,0.6858,0.7547,0.6169,625,507,1072,565
2243,Broadcast News (1987),Comedy|Drama|Romance,293,0.7298,3.6604,0.6416,0.6857,0.668,0.7033,626,854,741,228
1277,Cyrano de Bergerac (1990),Comedy|Drama|Romance,223,0.6441,3.7601,0.7269,0.6855,0.7021,0.6689,627,725,867,240
3334,Key Largo (1948),Crime|Drama|Film-Noir|Thriller,138,0.4793,3.9565,0.8914,0.6853,0.7678,0.6029,628,461,1140,679
1339,Dracula (Bram Stoker's Dracula) (1992),Fantasy|Horror|Romance|Thriller,548,0.8679,3.4891,0.5022,0.685,0.6119,0.7582,629,1092,526,566
2671,Notting Hill (1999),Comedy|Romance,648,0.8977,3.4468,0.4718,0.6847,0.5995,0.7699,630,1136,487,649
176,Living in Oblivion (1995),Comedy,132,0.4636,3.9848,0.9049,0.6842,0.7725,0.596,631,450,1165,715
82,Antonia's Line (Antonia) (1995),Comedy|Drama,140,0.4837,3.95,0.8845,0.6841,0.7642,0.6039,632,473,1135,662
180,Mallrats (1995),Comedy|Romance,409,0.8132,3.5611,0.5546,0.6839,0.6322,0.7357,633,1012,612,400
1186,"Sex, Lies, and Videotape (1989)",Drama,368,0.7856,3.5924,0.581,0.6833,0.6424,0.7242,634,973,654,339
3067,Women on the Verge of a Nervous Breakdown (Mujeres al borde de un ataque de nervios) (1988),Comedy|Drama,142,0.489,3.9437,0.8763,0.6827,0.7601,0.6052,635,488,1127,639
329,Star Trek: Generations (1994),Adventure|Drama|Sci-Fi,1338,0.9743,3.3374,0.3905,0.6824,0.5656,0.7991,636,1257,387,870
3260,Howards End (1992),Drama,153,0.5135,3.902,0.8506,0.682,0.7495,0.6146,637,530,1085,555
3020,Falling Down (1993),Action|Drama,314,0.7473,3.6306,0.6164,0.6819,0.6557,0.7081,638,914,725,276
1949,"Man for All Seasons, A (1966)",Drama,118,0.4181,4.0636,0.9457,0.6819,0.7874,0.5764,639,412,1231,819
4246,Bridget Jones's Diary (2001),Comedy|Drama|Romance,620,0.8905,3.4484,0.4727,0.6816,0.598,0.7651,640,1140,500,640
4326,Mississippi Burning (1988),Crime|Drama|Thriller,185,0.5829,3.8189,0.7781,0.6805,0.7195,0.6414,641,653,971,330
4901,Spy Game (2001),Action|Crime|Drama|Thriller,284,0.7207,3.6585,0.6403,0.6805,0.6644,0.6965,641,871,761,230
104,Happy Gilmore (1996),Comedy,943,0.9441,3.3733,0.4165,0.6803,0.5748,0.7858,642,1221,428,793
6620,American Splendor (2003),Comedy|Drama,188,0.5885,3.8138,0.7715,0.68,0.7166,0.6434,643,665,964,321
714,Dead Man (1995),Drama|Mystery|Western,188,0.5885,3.8138,0.7715,0.68,0.7166,0.6434,643,665,964,321
8644,"I, Robot (2004)",Action|Adventure|Sci-Fi|Thriller,493,0.8506,3.497,0.5094,0.68,0.6118,0.7482,643,1093,567,526
4881,"Man Who Wasn't There, The (2001)",Crime|Drama,214,0.634,3.7593,0.7257,0.6798,0.6982,0.6615,644,736,892,248
163,Desperado (1995),Action|Romance|Western,697,0.909,3.4182,0.4504,0.6797,0.588,0.7714,645,1174,482,692
1680,Sliding Doors (1998),Drama|Romance,351,0.7728,3.5983,0.5863,0.6795,0.6422,0.7168,646,975,693,329
4016,"Emperor's New Groove, The (2000)",Adventure|Animation|Children|Comedy|Fantasy,292,0.7291,3.6421,0.6296,0.6794,0.6595,0.6993,647,897,754,250
494,Executive Decision (1996),Action|Adventure|Thriller,602,0.8851,3.4518,0.4736,0.6794,0.5971,0.7617,647,1145,511,634
2594,Open Your Eyes (Abre los ojos) (1997),Drama|Romance|Sci-Fi|Thriller,127,0.4473,3.9961,0.9105,0.6789,0.7716,0.5863,648,452,1195,743
1029,Dumbo (1941),Animation|Children|Drama|Musical,433,0.8264,3.5312,0.5314,0.6789,0.6199,0.7379,648,1059,599,460
91658,"Girl with the Dragon Tattoo, The (2011)",Drama|Thriller,113,0.4024,4.0841,0.9548,0.6786,0.7891,0.5681,649,408,1263,855
316,Stargate (1994),Action|Adventure|Sci-Fi,1617,0.984,3.3089,0.3704,0.6772,0.5545,0.7999,650,1295,382,913
3702,Mad Max (1979),Action|Adventure|Sci-Fi,430,0.8249,3.5291,0.5292,0.677,0.6179,0.7362,651,1068,609,459
7323,"Good bye, Lenin! (2003)",Comedy|Drama,205,0.6174,3.7732,0.7363,0.6769,0.7007,0.6531,652,730,928,276
281,Nobody's Fool (1994),Comedy|Drama|Romance,199,0.6067,3.7839,0.7461,0.6764,0.7043,0.6485,653,714,945,292
3176,"Talented Mr. Ripley, The (1999)",Drama|Mystery|Thriller,705,0.9121,3.4057,0.4404,0.6762,0.5819,0.7706,654,1196,485,711
708,"Truth About Cats & Dogs, The (1996)",Comedy|Romance,791,0.9269,3.385,0.4256,0.6762,0.576,0.7765,654,1216,463,753
3152,"Last Picture Show, The (1971)",Drama,136,0.4743,3.9449,0.8776,0.6759,0.7566,0.5953,655,497,1168,671
1573,Face/Off (1997),Action|Crime|Drama|Thriller,966,0.9454,3.3582,0.4058,0.6756,0.5677,0.7835,656,1250,438,812
3035,Mister Roberts (1955),Comedy|Drama|War,122,0.4306,4.0123,0.92,0.6753,0.7732,0.5774,657,449,1226,777
524,Rudy (1993),Drama,380,0.7925,3.5658,0.5574,0.675,0.628,0.722,658,1027,663,369
2572,10 Things I Hate About You (1999),Comedy|Romance,573,0.8766,3.4503,0.4733,0.675,0.5943,0.7556,658,1152,542,610
82459,True Grit (2010),Western,168,0.5499,3.8423,0.7988,0.6744,0.7241,0.6246,659,631,1039,408
3174,Man on the Moon (1999),Comedy|Drama,377,0.7906,3.5663,0.5578,0.6742,0.6276,0.7208,660,1028,671,368
1227,Once Upon a Time in America (1984),Crime|Drama,176,0.565,3.8267,0.7834,0.6742,0.7179,0.6305,661,656,1010,354
7371,Dogville (2003),Drama|Mystery|Thriller,137,0.4768,3.9343,0.8704,0.6736,0.7523,0.5949,662,521,1171,650
2921,High Plains Drifter (1973),Western,150,0.5091,3.8833,0.8365,0.6728,0.7383,0.6073,663,574,1118,544
55118,Eastern Promises (2007),Crime|Drama|Thriller,147,0.5006,3.8912,0.8443,0.6725,0.7412,0.6037,664,556,1138,582
2303,Nashville (1975),Drama|Musical,121,0.4284,4.0041,0.9159,0.6722,0.7696,0.5747,665,457,1238,781
30812,"Aviator, The (2004)",Drama,275,0.7128,3.6436,0.6303,0.6715,0.655,0.688,666,915,788,249
2729,Lolita (1962),Drama|Romance,158,0.527,3.8608,0.8158,0.6714,0.7291,0.6136,667,613,1094,481
5991,Chicago (2002),Comedy|Crime|Drama|Musical,431,0.8252,3.5093,0.5176,0.6714,0.6099,0.7329,667,1100,623,477
2232,Cube (1997),Horror|Mystery|Sci-Fi|Thriller,310,0.7439,3.6081,0.5986,0.6712,0.6422,0.7003,668,976,749,308
27611,Battlestar Galactica (2003),Drama|Sci-Fi|War,149,0.5066,3.8826,0.8352,0.6709,0.7366,0.6052,669,579,1128,549
3062,"Longest Day, The (1962)",Action|Drama|War,141,0.4862,3.9078,0.855,0.6706,0.7444,0.5968,670,547,1162,615
3044,Dead Again (1991),Mystery|Romance|Thriller,198,0.6051,3.7727,0.7357,0.6704,0.6965,0.6443,671,745,959,288
4874,K-PAX (2001),Drama|Fantasy|Mystery|Sci-Fi,330,0.7618,3.5909,0.5785,0.6701,0.6335,0.7068,672,1007,730,335
3365,"Searchers, The (1956)",Drama|Western,118,0.4181,4.0127,0.9206,0.6693,0.7698,0.5688,673,456,1259,803
1994,Poltergeist (1982),Horror|Thriller,447,0.834,3.4911,0.5044,0.6692,0.6033,0.7351,674,1119,615,504
40629,Pride & Prejudice (2005),Drama|Romance,181,0.5747,3.8011,0.7624,0.6685,0.7061,0.631,675,705,1008,333
1446,Kolya (Kolja) (1996),Comedy|Drama,120,0.4244,4.0,0.9124,0.6684,0.766,0.5708,676,469,1250,781
7,Sabrina (1995),Comedy|Romance,668,0.9036,3.3937,0.4319,0.6678,0.5734,0.7621,677,1227,508,719
6565,Seabiscuit (2003),Drama,236,0.6642,3.697,0.6711,0.6676,0.669,0.6662,678,852,875,197
3451,Guess Who's Coming to Dinner (1967),Drama,143,0.4918,3.8881,0.8418,0.6668,0.7368,0.5968,679,576,1162,586
72226,Fantastic Mr. Fox (2009),Adventure|Animation|Children|Comedy|Crime,144,0.4931,3.8854,0.8399,0.6665,0.7359,0.5971,680,583,1160,577
109374,"Grand Budapest Hotel, The (2014)",Comedy|Drama,106,0.3792,4.0802,0.9535,0.6664,0.7812,0.5515,681,428,1322,894
5299,My Big Fat Greek Wedding (2002),Comedy|Romance,553,0.8691,3.4313,0.462,0.6656,0.5841,0.747,682,1188,571,617
36517,"Constant Gardener, The (2005)",Drama|Thriller,181,0.5747,3.7956,0.7558,0.6653,0.7015,0.629,683,726,1020,337
2706,American Pie (1999),Comedy|Romance,1202,0.9683,3.2962,0.3616,0.6649,0.5436,0.7863,684,1338,426,912
8228,"Maltese Falcon, The (a.k.a. Dangerous Female) (1931)",Mystery,125,0.4416,3.952,0.8879,0.6648,0.754,0.5755,685,508,1234,726
1124,On Golden Pond (1981),Drama,228,0.6513,3.7061,0.678,0.6646,0.67,0.6593,686,850,899,213
5630,Red Dragon (2002),Crime|Mystery|Thriller,256,0.6893,3.6582,0.64,0.6646,0.6548,0.6745,686,917,840,231
1226,"Quiet Man, The (1952)",Drama|Romance,124,0.4382,3.9556,0.8908,0.6645,0.755,0.5739,687,502,1242,740
1734,My Life in Pink (Ma vie en rose) (1997),Comedy|Drama,103,0.365,4.1068,0.9623,0.6637,0.7831,0.5442,688,422,1354,932
2919,"Year of Living Dangerously, The (1982)",Drama|Romance|War,136,0.4743,3.9044,0.8531,0.6637,0.7395,0.5879,688,563,1191,628
2690,"Ideal Husband, An (1999)",Comedy|Romance,144,0.4931,3.8819,0.8343,0.6637,0.7319,0.5954,688,601,1167,566
8910,I Heart Huckabees (2004),Comedy,192,0.596,3.7656,0.7298,0.6629,0.6896,0.6362,689,766,991,302
3868,"Naked Gun: From the Files of Police Squad!, The (1988)",Action|Comedy|Crime|Romance,363,0.7831,3.5468,0.5421,0.6626,0.6144,0.7108,690,1084,717,394
2360,"Celebration, The (Festen) (1998)",Drama,104,0.3707,4.0817,0.9542,0.6624,0.7791,0.5457,691,434,1347,913
6979,WarGames (1983),Drama|Sci-Fi|Thriller,246,0.678,3.6687,0.6469,0.6624,0.6562,0.6686,691,911,868,220
945,Top Hat (1935),Comedy|Musical|Romance,118,0.4181,3.9873,0.9065,0.6623,0.7599,0.5646,692,489,1276,787
45722,Pirates of the Caribbean: Dead Man's Chest (2006),Action|Adventure|Fantasy,480,0.8465,3.4594,0.478,0.6623,0.5886,0.736,692,1173,610,563
37741,Capote (2005),Crime|Drama,168,0.5499,3.8155,0.7734,0.6616,0.7063,0.6169,693,703,1071,378
2565,"King and I, The (1956)",Drama|Musical|Romance,194,0.5986,3.7577,0.7247,0.6616,0.6869,0.6364,693,782,988,295
3246,Malcolm X (1992),Drama,201,0.6105,3.7438,0.7119,0.6612,0.6815,0.6409,694,810,972,278
1218,"Killer, The (Die xue shuang xiong) (1989)",Action|Crime|Drama|Thriller,118,0.4181,3.9831,0.9036,0.6609,0.758,0.5637,695,494,1283,789
249,Immortal Beloved (1994),Drama|Romance,247,0.6783,3.664,0.6434,0.6609,0.6539,0.6678,695,922,871,227
224,Don Juan DeMarco (1995),Comedy|Drama|Romance,468,0.8427,3.4594,0.4783,0.6605,0.5877,0.7334,696,1176,620,556
3545,Cabaret (1972),Drama|Musical,154,0.5169,3.8474,0.8038,0.6604,0.7178,0.603,697,657,1139,482
3819,Tampopo (1985),Comedy,95,0.3311,4.2053,0.989,0.6601,0.7917,0.5285,698,400,1406,1006
1171,Bob Roberts (1992),Comedy,180,0.5722,3.7861,0.7476,0.6599,0.695,0.6248,699,753,1038,339
2357,Central Station (Central do Brasil) (1998),Drama,114,0.4065,4.0,0.9124,0.6594,0.7606,0.5583,700,486,1301,815
1963,Take the Money and Run (1969),Comedy|Crime,117,0.4153,3.9829,0.9033,0.6593,0.7569,0.5617,701,496,1290,794
6773,"Triplets of Belleville, The (Les triplettes de Belleville) (2003)",Animation|Comedy|Fantasy,158,0.527,3.8354,0.7916,0.6593,0.7122,0.6064,701,682,1122,440
333,Tommy Boy (1995),Comedy,539,0.8663,3.4193,0.4517,0.659,0.5761,0.7419,702,1215,587,628
4967,No Man's Land (2001),Drama|War,97,0.3409,4.1495,0.9768,0.6588,0.786,0.5316,703,416,1398,982
3505,No Way Out (1987),Drama|Mystery|Thriller,133,0.4661,3.9023,0.8509,0.6585,0.7355,0.5815,704,587,1213,626
2662,"War of the Worlds, The (1953)",Action|Drama|Sci-Fi,236,0.6642,3.6758,0.6525,0.6583,0.656,0.6607,705,912,894,207
3507,"Odd Couple, The (1968)",Comedy,165,0.5439,3.8152,0.7728,0.6583,0.7041,0.6126,706,715,1096,390
4002,"Planes, Trains & Automobiles (1987)",Comedy,340,0.7662,3.5559,0.5505,0.6583,0.6152,0.7015,706,1082,746,376
2273,Rush Hour (1998),Action|Comedy|Crime|Thriller,465,0.8415,3.4527,0.4743,0.6579,0.5844,0.7313,707,1186,630,556
4007,Wall Street (1987),Drama,221,0.6428,3.6991,0.6726,0.6577,0.6637,0.6518,708,872,932,224
2096,Sleeping Beauty (1959),Animation|Children|Musical,326,0.7593,3.5629,0.5559,0.6576,0.6169,0.6982,709,1076,755,367
87232,X-Men: First Class (2011),Action|Adventure|Sci-Fi|Thriller|War,168,0.5499,3.8036,0.7646,0.6573,0.7002,0.6143,710,732,1088,378
26662,Kiki's Delivery Service (Majo no takkyûbin) (1989),Adventure|Animation|Children|Drama|Fantasy,120,0.4244,3.9542,0.8895,0.6569,0.75,0.5639,711,527,1282,755
1380,Grease (1978),Comedy|Musical|Romance,819,0.9322,3.323,0.3817,0.6569,0.5468,0.767,711,1320,494,826
1125,"Return of the Pink Panther, The (1975)",Comedy|Crime,270,0.7065,3.6204,0.607,0.6568,0.6369,0.6767,712,997,831,285
3186,"Girl, Interrupted (1999)",Drama,258,0.6927,3.6337,0.6193,0.656,0.6413,0.6707,713,979,861,266
2137,Charlotte's Web (1973),Animation|Children,281,0.7163,3.605,0.5951,0.6557,0.6315,0.6799,714,1014,821,300
1441,Benny & Joon (1993),Comedy|Romance,316,0.7502,3.5696,0.5612,0.6557,0.6179,0.6935,715,1068,770,353
2872,Excalibur (1981),Adventure|Fantasy,317,0.7514,3.5678,0.5599,0.6557,0.6174,0.694,715,1071,768,356
1023,Winnie the Pooh and the Blustery Day (1968),Animation|Children|Musical,148,0.5035,3.8514,0.807,0.6552,0.7159,0.5945,716,667,1173,506
4144,In the Mood For Love (Fa yeung nin wa) (2000),Drama|Romance,106,0.3792,4.033,0.93,0.6546,0.7648,0.5444,717,472,1353,881
531,"Secret Garden, The (1993)",Children|Drama,370,0.7872,3.5162,0.522,0.6546,0.6015,0.7076,717,1127,726,410
1019,"20,000 Leagues Under the Sea (1954)",Adventure|Drama|Sci-Fi,311,0.7461,3.5707,0.5628,0.6544,0.6178,0.6911,718,1070,778,352
647,Courage Under Fire (1996),Action|Crime|Drama|War,384,0.7944,3.5013,0.5135,0.654,0.5978,0.7101,719,1143,719,424
2001,Lethal Weapon 2 (1989),Action|Comedy|Crime|Drama,656,0.9005,3.3613,0.4074,0.654,0.5553,0.7526,719,1292,548,744
37729,Corpse Bride (2005),Animation|Comedy|Fantasy|Musical|Romance,230,0.6547,3.6761,0.6529,0.6538,0.6534,0.6542,720,924,922,204
288,Natural Born Killers (1994),Action|Crime|Thriller,1168,0.9639,3.2658,0.3434,0.6536,0.5295,0.7777,721,1389,456,933
931,Spellbound (1945),Mystery|Romance|Thriller,124,0.4382,3.9315,0.8688,0.6535,0.7396,0.5674,722,562,1265,703
1678,"Joy Luck Club, The (1993)",Drama|Romance,233,0.6588,3.6695,0.6478,0.6533,0.6511,0.6555,723,932,915,209
736,Twister (1996),Action|Adventure|Romance|Thriller,1652,0.9859,3.2267,0.3208,0.6533,0.5203,0.7863,723,1428,425,1003
45,To Die For (1995),Comedy|Drama|Thriller,463,0.8402,3.4384,0.4661,0.6532,0.5783,0.728,724,1206,639,567
6104,Monty Python Live at the Hollywood Bowl (1982),Comedy,122,0.4306,3.9426,0.8754,0.653,0.742,0.5641,725,551,1280,729
4642,Hedwig and the Angry Inch (2000),Comedy|Drama|Musical,123,0.4341,3.935,0.8707,0.6524,0.7397,0.5651,726,561,1274,713
1955,Kramer vs. Kramer (1979),Drama,230,0.6547,3.6717,0.65,0.6524,0.6514,0.6533,726,930,927,204
2,Jumanji (1995),Adventure|Children|Fantasy,1111,0.9601,3.2642,0.3424,0.6513,0.5277,0.7748,727,1400,472,928
2018,Bambi (1942),Animation|Children|Drama,366,0.7841,3.5096,0.5182,0.6511,0.598,0.7043,728,1141,736,413
6365,"Matrix Reloaded, The (2003)",Action|Adventure|Sci-Fi|Thriller|IMAX,877,0.9388,3.2976,0.3628,0.6508,0.5356,0.766,729,1368,497,871
3019,Drugstore Cowboy (1989),Crime|Drama,172,0.5571,3.782,0.7442,0.6507,0.6881,0.6132,730,778,1095,365
2490,Payback (1999),Action|Thriller,422,0.8211,3.4609,0.4799,0.6505,0.5823,0.7187,731,1195,685,510
6283,Cowboy Bebop: The Movie (Cowboy Bebop: Tengoku no Tobira) (2001),Action|Animation|Sci-Fi|Thriller,135,0.4711,3.8778,0.8293,0.6502,0.7218,0.5786,732,643,1221,578
906,Gaslight (1944),Drama|Thriller,99,0.3503,4.0707,0.9492,0.6497,0.7695,0.5299,733,458,1402,944
373,Red Rock West (1992),Thriller,171,0.5562,3.7807,0.7429,0.6496,0.6869,0.6122,734,781,1099,365
4427,"Lion in Winter, The (1968)",Drama,92,0.3176,4.1685,0.9812,0.6494,0.7821,0.5167,735,423,1452,1029
1301,Forbidden Planet (1956),Drama|Sci-Fi,189,0.5904,3.7407,0.7084,0.6494,0.673,0.6258,735,842,1031,296
112,Rumble in the Bronx (Hont faan kui) (1995),Action|Adventure|Comedy|Crime,592,0.8826,3.3725,0.4156,0.6491,0.5557,0.7425,736,1290,583,707
66097,Coraline (2009),Animation|Fantasy|Thriller,160,0.5333,3.8031,0.7643,0.6488,0.695,0.6026,737,754,1144,407
3535,American Psycho (2000),Crime|Horror|Mystery|Thriller,434,0.8267,3.4459,0.4708,0.6488,0.5776,0.72,737,1209,678,531
4128,"Lost Boys, The (1987)",Comedy|Horror|Thriller,284,0.7207,3.588,0.576,0.6483,0.6194,0.6772,738,1060,830,322
3741,Badlands (1973),Crime|Drama|Thriller,93,0.322,4.1452,0.9746,0.6483,0.7788,0.5178,739,436,1445,1009
2087,Peter Pan (1953),Animation|Children|Fantasy|Musical,327,0.7599,3.5398,0.5364,0.6481,0.6035,0.6928,740,1118,772,378
2105,Tron (1982),Action|Adventure|Sci-Fi,512,0.86,3.3994,0.4363,0.6481,0.5634,0.7329,740,1263,622,641
39183,Brokeback Mountain (2005),Drama|Romance,270,0.7065,3.6,0.5882,0.6474,0.6237,0.671,741,1046,860,305
55269,"Darjeeling Limited, The (2007)",Adventure|Comedy|Drama,149,0.5066,3.8322,0.7878,0.6472,0.7035,0.591,742,720,1181,461
2023,"Godfather: Part III, The (1990)",Crime|Drama|Mystery|Thriller,510,0.8594,3.398,0.435,0.6472,0.5623,0.7321,742,1266,626,640
3498,Midnight Express (1978),Drama,131,0.4589,3.8817,0.8333,0.6461,0.721,0.5712,743,647,1248,601
3101,Fatal Attraction (1987),Drama|Thriller,445,0.8333,3.427,0.4586,0.646,0.571,0.7209,744,1236,669,567
5956,Gangs of New York (2002),Crime|Drama,361,0.7812,3.4972,0.5097,0.6455,0.5912,0.6998,745,1160,752,415
98809,"Hobbit: An Unexpected Journey, The (2012)",Adventure|Fantasy|IMAX,141,0.4862,3.8475,0.8045,0.6453,0.709,0.5817,746,692,1212,520
3033,Spaceballs (1987),Comedy|Sci-Fi,586,0.8798,3.3643,0.4109,0.6453,0.5515,0.7391,746,1304,593,711
8533,"Notebook, The (2004)",Drama|Romance,190,0.5926,3.7289,0.6977,0.6452,0.6662,0.6241,747,863,1043,296
27831,Layer Cake (2004),Crime|Drama|Thriller,140,0.4837,3.85,0.806,0.6449,0.7093,0.5804,748,691,1215,524
1321,"American Werewolf in London, An (1981)",Comedy|Horror|Thriller,370,0.7872,3.4892,0.5025,0.6449,0.5879,0.7018,748,1175,744,431
2371,Fletch (1985),Comedy|Crime|Mystery,323,0.7561,3.5341,0.5333,0.6447,0.6001,0.6893,749,1133,782,384
1608,Air Force One (1997),Action|Thriller,705,0.9121,3.3156,0.3751,0.6436,0.5362,0.751,750,1365,558,807
3328,Ghost Dog: The Way of the Samurai (1999),Crime|Drama,201,0.6105,3.704,0.6764,0.6434,0.6566,0.6303,751,908,1012,261
1958,Terms of Endearment (1983),Comedy|Drama,252,0.6833,3.6151,0.6036,0.6434,0.6275,0.6594,751,1029,898,278
5673,Punch-Drunk Love (2002),Comedy|Drama|Romance,272,0.7087,3.5901,0.5782,0.6434,0.6173,0.6696,751,1073,865,322
154,Beauty of the Day (Belle de jour) (1967),Drama,166,0.5471,3.7771,0.7392,0.6431,0.6815,0.6047,752,808,1130,378
8958,Ray (2004),Drama,192,0.596,3.7161,0.6899,0.643,0.6617,0.6242,753,881,1042,289
34162,Wedding Crashers (2005),Comedy|Romance,347,0.7702,3.5058,0.5154,0.6428,0.5918,0.6938,754,1157,769,403
1909,"X-Files: Fight the Future, The (1998)",Action|Crime|Mystery|Sci-Fi|Thriller,600,0.8842,3.3525,0.4014,0.6428,0.5463,0.7394,754,1326,591,735
1042,That Thing You Do! (1996),Comedy|Drama,423,0.8214,3.4338,0.4639,0.6427,0.5712,0.7142,755,1234,702,532
1643,"Mrs. Brown (a.k.a. Her Majesty, Mrs. Brown) (1997)",Drama|Romance,133,0.4661,3.8647,0.8186,0.6423,0.7128,0.5718,756,679,1247,568
5679,"Ring, The (2002)",Horror|Mystery|Thriller,504,0.855,3.3919,0.4297,0.6423,0.5573,0.7274,756,1286,641,645
367,"Mask, The (1994)",Action|Comedy|Crime|Fantasy,1735,0.9884,3.187,0.2963,0.6423,0.5039,0.7808,756,1502,448,1054
5992,"Hours, The (2002)",Drama|Romance,189,0.5904,3.7222,0.694,0.6422,0.6629,0.6215,757,875,1052,295
6323,Identity (2003),Crime|Horror|Mystery|Thriller,245,0.677,3.6204,0.6073,0.6422,0.6282,0.6561,757,1026,911,269
282,Nell (1994),Drama,587,0.8807,3.3543,0.4027,0.6417,0.5461,0.7373,758,1327,605,722
198,Strange Days (1995),Action|Crime|Drama|Mystery|Sci-Fi|Thriller,471,0.8437,3.4045,0.4391,0.6414,0.5605,0.7223,759,1272,660,612
6188,Old School (2003),Comedy,282,0.7178,3.5727,0.5647,0.6412,0.6106,0.6719,760,1097,856,337
2985,RoboCop (1987),Action|Crime|Drama|Sci-Fi|Thriller,702,0.9105,3.3105,0.3716,0.6411,0.5333,0.7489,761,1375,565,810
4873,Waking Life (2001),Animation|Drama|Fantasy,163,0.5402,3.7791,0.7414,0.6408,0.681,0.6005,762,811,1150,388
5135,Monsoon Wedding (2001),Comedy|Romance,139,0.4812,3.8417,0.7982,0.6397,0.7031,0.5763,763,722,1233,511
2012,Back to the Future Part III (1990),Adventure|Comedy|Sci-Fi|Western,1007,0.9504,3.2354,0.3289,0.6397,0.5154,0.764,763,1454,503,951
225,Disclosure (1994),Drama|Thriller,617,0.8895,3.3363,0.3895,0.6395,0.5395,0.7395,764,1353,590,763
538,Six Degrees of Separation (1993),Drama,216,0.6378,3.6597,0.6409,0.6394,0.64,0.6387,765,982,981,217
2857,Yellow Submarine (1968),Adventure|Animation|Comedy|Fantasy|Musical,237,0.667,3.6245,0.6117,0.6394,0.6283,0.6504,766,1025,936,259
46723,Babel (2006),Drama|Thriller,201,0.6105,3.694,0.6679,0.6392,0.6507,0.6277,767,936,1025,258
5103,"Sandlot, The (1993)",Children|Comedy|Drama,186,0.5844,3.7177,0.6918,0.6381,0.6596,0.6166,768,896,1074,306
1597,Conspiracy Theory (1997),Drama|Mystery|Romance|Thriller,530,0.8644,3.3642,0.4105,0.6375,0.5467,0.7282,769,1322,637,685
1464,Lost Highway (1997),Crime|Drama|Fantasy|Film-Noir|Mystery|Romance,213,0.6309,3.6643,0.6438,0.6373,0.6399,0.6347,770,983,996,226
2726,"Killing, The (1956)",Crime|Film-Noir,98,0.3456,4.0306,0.9284,0.637,0.7536,0.5204,771,512,1432,920
2022,"Last Temptation of Christ, The (1988)",Drama,135,0.4711,3.8444,0.8023,0.6367,0.7029,0.5705,772,723,1253,530
6796,Boyz N the Hood (1991),Crime|Drama,185,0.5829,3.7162,0.6902,0.6365,0.658,0.6151,773,902,1080,307
947,My Man Godfrey (1936),Comedy|Romance,95,0.3311,4.0579,0.9416,0.6364,0.7585,0.5143,774,491,1464,973
581,"Celluloid Closet, The (1995)",Documentary,105,0.3754,3.9667,0.8967,0.6361,0.7403,0.5318,775,560,1395,835
1693,Amistad (1997),Drama|Mystery,235,0.6626,3.6213,0.6086,0.6356,0.6248,0.6464,776,1039,951,263
6863,School of Rock (2003),Comedy|Musical,475,0.8449,3.3853,0.4262,0.6356,0.5519,0.7193,776,1303,682,621
2683,Austin Powers: The Spy Who Shagged Me (1999),Action|Adventure|Comedy,1239,0.9708,3.1953,0.3004,0.6356,0.5015,0.7697,776,1509,490,1019
2732,Jules and Jim (Jules et Jim) (1961),Drama|Romance,98,0.3456,4.0204,0.9256,0.6356,0.7516,0.5196,777,525,1435,910
73,"Misérables, Les (1995)",Drama|War,148,0.5035,3.8074,0.7674,0.6354,0.6882,0.5826,778,776,1206,430
728,Cold Comfort Farm (1995),Comedy,177,0.5675,3.7345,0.7031,0.6353,0.6624,0.6082,779,878,1113,334
1092,Basic Instinct (1992),Crime|Mystery|Thriller,573,0.8766,3.3421,0.3939,0.6353,0.5387,0.7318,779,1358,627,731
3068,"Verdict, The (1982)",Drama|Mystery,113,0.4024,3.9292,0.8672,0.6348,0.7278,0.5418,780,618,1361,743
1407,Scream (1996),Comedy|Horror|Mystery|Thriller,842,0.9344,3.2476,0.3352,0.6348,0.515,0.7546,780,1456,544,912
96079,Skyfall (2012),Action|Adventure|Thriller|IMAX,134,0.4683,3.8433,0.801,0.6347,0.7012,0.5681,781,727,1263,536
3476,Jacob's Ladder (1990),Horror|Mystery,243,0.6742,3.6049,0.5948,0.6345,0.6186,0.6504,782,1064,937,282
2183,"Man Who Knew Too Much, The (1956)",Adventure|Drama|Mystery|Thriller,119,0.4222,3.895,0.8462,0.6342,0.719,0.5494,783,654,1332,678
56174,I Am Legend (2007),Action|Horror|Sci-Fi|Thriller|IMAX,324,0.7577,3.5,0.5107,0.6342,0.5848,0.6836,783,1184,804,401
22,Copycat (1995),Crime|Drama|Horror|Mystery|Thriller,512,0.86,3.3623,0.4083,0.6342,0.5438,0.7245,783,1337,652,685
53123,Once (2006),Drama|Musical|Romance,106,0.3792,3.9528,0.8886,0.6339,0.7358,0.532,784,584,1394,810
89492,Moneyball (2011),Drama,108,0.3845,3.9491,0.882,0.6332,0.7327,0.5337,785,598,1389,791
5791,Frida (2002),Drama|Romance,149,0.5066,3.7987,0.7599,0.6332,0.6839,0.5826,785,795,1207,422
2366,King Kong (1933),Action|Adventure|Fantasy|Horror,301,0.7357,3.5299,0.5308,0.6332,0.5922,0.6742,785,1156,842,371
2294,Antz (1998),Adventure|Animation|Children|Comedy|Fantasy,500,0.8534,3.367,0.4131,0.6332,0.5452,0.7213,785,1332,667,665
59784,Kung Fu Panda (2008),Action|Animation|Children|Comedy|IMAX,209,0.6246,3.6603,0.6412,0.6329,0.6363,0.6296,786,999,1016,230
8983,House of Flying Daggers (Shi mian mai fu) (2004),Action|Drama|Romance,210,0.6259,3.6571,0.6394,0.6326,0.6353,0.6299,787,1002,1014,227
2455,"Fly, The (1986)",Drama|Horror|Sci-Fi|Thriller,505,0.8562,3.3624,0.4087,0.6325,0.5429,0.722,788,1342,664,678
1873,"Misérables, Les (1998)",Crime|Drama|Romance|War,137,0.4768,3.8321,0.7875,0.6321,0.6943,0.57,789,757,1256,499
2301,History of the World: Part I (1981),Comedy|Musical,219,0.6406,3.637,0.6237,0.6321,0.6288,0.6355,789,1024,994,235
4406,"Man Who Shot Liberty Valance, The (1962)",Crime|Drama|Western,113,0.4024,3.9159,0.861,0.6317,0.7234,0.54,790,637,1370,733
55442,Persepolis (2007),Animation|Drama,104,0.3707,3.9567,0.892,0.6314,0.7356,0.5271,791,586,1412,826
97304,Argo (2012),Drama|Thriller,114,0.4065,3.9079,0.8553,0.6309,0.7207,0.5411,792,650,1364,714
37733,"History of Violence, A (2005)",Action|Crime|Drama|Thriller,188,0.5885,3.6995,0.6733,0.6309,0.6478,0.6139,792,949,1089,297
51540,Zodiac (2007),Crime|Drama|Thriller,191,0.5935,3.6937,0.6676,0.6306,0.6454,0.6158,793,957,1077,284
1885,"Opposite of Sex, The (1998)",Comedy|Drama|Romance,200,0.6089,3.675,0.6522,0.6306,0.6392,0.6219,793,985,1051,258
1361,Paradise Lost: The Child Murders at Robin Hood Hills (1996),Documentary,83,0.2706,4.2108,0.9903,0.6304,0.7744,0.4865,794,447,1566,1119
4467,"Adventures of Baron Munchausen, The (1988)",Adventure|Comedy|Fantasy,176,0.565,3.7244,0.6955,0.6303,0.6564,0.6041,795,910,1133,338
653,Dragonheart (1996),Action|Adventure|Fantasy,742,0.9184,3.2642,0.3421,0.6303,0.515,0.7455,795,1455,576,879
1982,Halloween (1978),Horror,310,0.7439,3.5065,0.516,0.6299,0.5844,0.6755,796,1187,838,391
2407,Cocoon (1985),Comedy|Sci-Fi,560,0.871,3.3348,0.3889,0.6299,0.5335,0.7264,796,1373,645,728
2065,"Purple Rose of Cairo, The (1985)",Comedy|Drama|Fantasy|Romance,200,0.6089,3.6725,0.6507,0.6298,0.6381,0.6214,797,992,1053,256
1047,"Long Kiss Goodnight, The (1996)",Action|Drama|Thriller,405,0.8095,3.4173,0.4498,0.6296,0.5577,0.7016,798,1284,745,539
236,French Kiss (1995),Action|Comedy|Romance,603,0.8854,3.3134,0.3729,0.6292,0.5266,0.7317,799,1405,629,776
2117,1984 (Nineteen Eighty-Four) (1984),Drama|Sci-Fi,167,0.5483,3.7425,0.7094,0.6288,0.661,0.5966,800,887,1164,364
2677,Buena Vista Social Club (1999),Documentary|Musical,119,0.4222,3.8824,0.8349,0.6285,0.7111,0.546,801,688,1345,657
5608,"Das Experiment (Experiment, The) (2001)",Drama|Thriller,112,0.3992,3.9107,0.8578,0.6285,0.7202,0.5368,802,652,1377,725
53972,Live Free or Die Hard (2007),Action|Adventure|Crime|Thriller,215,0.6356,3.6349,0.6215,0.6285,0.6257,0.6314,802,1035,1007,233
6993,Hannah and Her Sisters (1986),Comedy|Drama|Romance,101,0.3559,3.9752,0.8999,0.6279,0.7367,0.5191,803,578,1438,860
8914,Primer (2004),Drama|Sci-Fi,140,0.4837,3.8143,0.7721,0.6279,0.6856,0.5702,803,786,1254,468
3668,Romeo and Juliet (1968),Drama|Romance,150,0.5091,3.7833,0.7454,0.6273,0.6745,0.58,804,838,1216,412
1150,"Return of Martin Guerre, The (Retour de Martin Guerre, Le) (1982)",Drama,98,0.3456,3.9898,0.9077,0.6266,0.7391,0.5142,805,567,1465,898
6879,Runaway Jury (2003),Drama|Thriller,158,0.527,3.7595,0.726,0.6265,0.6663,0.5867,806,861,1194,388
1345,Carrie (1976),Drama|Fantasy|Horror|Thriller,423,0.8214,3.3924,0.4306,0.626,0.5479,0.7042,807,1317,737,580
31878,Kung Fu Hustle (Gong fu) (2004),Action|Comedy,190,0.5926,3.6842,0.6588,0.6257,0.639,0.6125,808,986,1097,289
59387,"Fall, The (2006)",Adventure|Drama|Fantasy,97,0.3409,3.9948,0.9102,0.6255,0.7394,0.5117,809,564,1477,913
4033,Thirteen Days (2000),Drama|Thriller|War,173,0.5581,3.7197,0.6927,0.6254,0.6523,0.5985,810,928,1154,344
7139,In America (2002),Drama|Romance,120,0.4244,3.875,0.8264,0.6254,0.7058,0.545,811,707,1350,643
2730,Barry Lyndon (1975),Drama|Romance|War,138,0.4793,3.8116,0.7706,0.6249,0.6832,0.5667,812,798,1266,468
34072,"March of the Penguins (Marche de l'empereur, La) (2005)",Documentary,146,0.4981,3.7911,0.7508,0.6245,0.675,0.5739,813,833,1243,430
4499,Dirty Rotten Scoundrels (1988),Comedy,206,0.6199,3.6408,0.6274,0.6237,0.6252,0.6222,814,1036,1049,235
41285,Match Point (2005),Crime|Drama|Romance,169,0.5534,3.7219,0.6937,0.6235,0.6516,0.5954,815,929,1167,352
85414,Source Code (2011),Action|Drama|Mystery|Sci-Fi|Thriller,158,0.527,3.7532,0.7194,0.6232,0.6617,0.5847,816,882,1200,384
81847,Tangled (2010),Animation|Children|Comedy|Fantasy|Musical|Romance|IMAX,131,0.4589,3.8321,0.7872,0.623,0.6887,0.5574,817,770,1306,536
5502,Signs (2002),Horror|Sci-Fi|Thriller,555,0.8701,3.3162,0.376,0.623,0.5242,0.7218,817,1416,665,751
2657,"Rocky Horror Picture Show, The (1975)",Comedy|Horror|Musical|Sci-Fi,702,0.9105,3.2493,0.3355,0.623,0.508,0.738,817,1490,597,893
785,Kingpin (1996),Comedy,543,0.8666,3.3214,0.3792,0.6229,0.5254,0.7204,818,1409,676,733
1350,"Omen, The (1976)",Horror|Mystery|Thriller,275,0.7128,3.5327,0.5326,0.6227,0.5867,0.6588,819,1179,901,360
1485,Liar Liar (1997),Comedy,851,0.9353,3.2133,0.3101,0.6227,0.4977,0.7478,819,1521,569,952
3267,"Mariachi, El (1992)",Action|Crime|Thriller|Western,209,0.6246,3.634,0.6205,0.6226,0.6218,0.6234,820,1053,1045,233
48385,Borat: Cultural Learnings of America for Make Benefit Glorious Nation of Kazakhstan (2006),Comedy,360,0.7809,3.4347,0.4642,0.6226,0.5592,0.6859,820,1278,798,480
900,"American in Paris, An (1951)",Musical|Romance,175,0.5631,3.7086,0.6808,0.6219,0.6455,0.5984,821,956,1156,335
2167,Blade (1998),Action|Horror|Thriller,586,0.8798,3.2995,0.3641,0.6219,0.5188,0.7251,821,1437,651,786
6380,Capturing the Friedmans (2003),Documentary,91,0.3136,4.033,0.9297,0.6216,0.7449,0.4984,822,546,1525,979
3034,Robin Hood (1973),Adventure|Animation|Children|Comedy|Musical,213,0.6309,3.6268,0.6124,0.6216,0.6179,0.6253,822,1067,1036,245
376,"River Wild, The (1994)",Action|Thriller,551,0.8688,3.3149,0.3741,0.6215,0.5225,0.7204,823,1424,675,749
3526,Parenthood (1989),Comedy|Drama,252,0.6833,3.5675,0.5593,0.6213,0.5965,0.6461,824,1147,952,323
3097,"Shop Around the Corner, The (1940)",Comedy|Drama|Romance,91,0.3136,4.0275,0.9278,0.6207,0.7435,0.4978,825,548,1529,981
277,Miracle on 34th Street (1994),Drama,463,0.8402,3.3521,0.4011,0.6207,0.5329,0.7085,825,1378,723,655
1372,Star Trek VI: The Undiscovered Country (1991),Action|Mystery|Sci-Fi,562,0.8716,3.3043,0.3679,0.6197,0.519,0.7205,826,1436,673,763
84152,Limitless (2011),Sci-Fi|Thriller,122,0.4306,3.8525,0.8085,0.6196,0.6952,0.544,827,750,1356,606
786,Eraser (1996),Action|Drama|Thriller,797,0.9275,3.2133,0.3104,0.619,0.4955,0.7424,828,1532,584,948
1305,"Paris, Texas (1984)",Drama|Romance,130,0.4561,3.8231,0.7812,0.6186,0.6837,0.5536,829,797,1317,520
949,East of Eden (1955),Drama,104,0.3707,3.9279,0.866,0.6183,0.7174,0.5193,830,661,1437,776
2707,Arlington Road (1999),Thriller,344,0.7677,3.4433,0.4686,0.6182,0.5583,0.678,831,1281,825,456
1279,Night on Earth (1991),Comedy|Drama,140,0.4837,3.7929,0.7524,0.618,0.6718,0.5643,832,845,1278,446
1129,Escape from New York (1981),Action|Adventure|Sci-Fi|Thriller,428,0.8239,3.3657,0.4121,0.618,0.5357,0.7004,832,1367,748,619
1375,Star Trek III: The Search for Spock (1984),Action|Adventure|Sci-Fi,545,0.8669,3.3055,0.3685,0.6177,0.518,0.7174,833,1441,691,750
2006,"Mask of Zorro, The (1998)",Action|Comedy|Romance,629,0.8942,3.2591,0.3402,0.6172,0.5064,0.728,834,1495,638,857
58998,Forgetting Sarah Marshall (2008),Comedy|Romance,168,0.5499,3.7113,0.6839,0.6169,0.6437,0.5901,835,965,1183,348
5444,Lilo & Stitch (2002),Adventure|Animation|Children|Sci-Fi,262,0.6977,3.5382,0.5358,0.6168,0.5844,0.6492,836,1187,943,351
852,Tin Cup (1996),Comedy|Drama|Romance,536,0.8657,3.3041,0.3675,0.6166,0.517,0.7162,837,1445,697,748
8645,"Maria Full of Grace (Maria, Llena eres de gracia) (2004)",Crime|Drama,109,0.3886,3.8899,0.844,0.6163,0.7074,0.5252,838,699,1416,717
72011,Up in the Air (2009),Drama|Romance,147,0.5006,3.7687,0.732,0.6163,0.6626,0.57,839,876,1255,416
2993,Thunderball (1965),Action|Adventure|Thriller,203,0.6133,3.633,0.6186,0.616,0.617,0.6149,840,1074,1082,242
3675,White Christmas (1954),Comedy|Musical|Romance,103,0.365,3.9272,0.8653,0.6152,0.7153,0.5151,841,671,1462,791
2935,"Lady Eve, The (1941)",Comedy|Romance,77,0.2338,4.2597,0.9962,0.615,0.7675,0.4626,842,462,1663,1201
362,"Jungle Book, The (1994)",Adventure|Children|Romance,369,0.7866,3.4106,0.4429,0.6147,0.546,0.6835,843,1328,806,522
616,"Aristocats, The (1970)",Animation|Children,394,0.8004,3.3896,0.4291,0.6147,0.5405,0.689,843,1350,783,567
1297,Real Genius (1985),Comedy,223,0.6441,3.5964,0.5844,0.6142,0.6023,0.6262,844,1125,1029,281
94959,Moonrise Kingdom (2012),Comedy|Drama|Romance,109,0.3886,3.8853,0.8396,0.6141,0.7043,0.5239,845,713,1422,709
921,My Favorite Year (1982),Comedy,135,0.4711,3.7963,0.7564,0.6138,0.6708,0.5567,846,848,1307,461
2617,"Mummy, The (1999)",Action|Adventure|Comedy|Fantasy|Horror|Thriller,859,0.9369,3.1781,0.2906,0.6138,0.4845,0.743,846,1574,581,993
2712,Eyes Wide Shut (1999),Drama|Mystery|Thriller,747,0.92,3.2102,0.3073,0.6136,0.4911,0.7362,847,1551,609,942
2003,Gremlins (1984),Comedy|Horror,560,0.871,3.2839,0.3556,0.6133,0.5102,0.7164,848,1479,696,783
4321,City Slickers (1991),Comedy|Western,386,0.7954,3.3925,0.4309,0.6132,0.5403,0.686,849,1351,797,554
1722,Tomorrow Never Dies (1997),Action|Adventure|Thriller,615,0.8886,3.2545,0.3377,0.6132,0.503,0.7233,849,1503,658,845
97,"Hate (Haine, La) (1995)",Crime|Drama,91,0.3136,4.0,0.9124,0.613,0.7328,0.4932,850,597,1540,943
70,From Dusk Till Dawn (1996),Action|Comedy|Horror|Thriller,657,0.9008,3.2321,0.3245,0.6127,0.4974,0.7279,851,1522,640,882
54272,"Simpsons Movie, The (2007)",Animation|Comedy,285,0.7222,3.4895,0.5028,0.6125,0.5686,0.6564,852,1249,910,397
2021,Dune (1984),Adventure|Sci-Fi,481,0.8471,3.3202,0.3779,0.6125,0.5187,0.7064,852,1438,731,707
2083,"Muppet Christmas Carol, The (1992)",Children|Comedy|Musical,176,0.565,3.6847,0.6591,0.6121,0.6309,0.5932,853,1017,1176,323
69,Friday (1995),Comedy,215,0.6356,3.6,0.5882,0.6119,0.6024,0.6214,854,1124,1054,270
95,Broken Arrow (1996),Action|Adventure|Thriller,1109,0.9598,3.1285,0.264,0.6119,0.4727,0.7511,854,1625,557,1068
3469,Inherit the Wind (1960),Drama,89,0.3007,4.0169,0.9228,0.6117,0.7362,0.4873,855,581,1564,983
586,Home Alone (1990),Children|Comedy,1408,0.9774,3.1037,0.2461,0.6117,0.4655,0.758,855,1657,527,1130
105,"Bridges of Madison County, The (1995)",Drama|Romance,498,0.8522,3.3082,0.3697,0.611,0.5145,0.7074,856,1460,727,733
299,Priest (1994),Drama,131,0.4589,3.8015,0.7627,0.6108,0.6716,0.55,857,847,1328,481
1295,"Unbearable Lightness of Being, The (1988)",Drama,164,0.5417,3.7073,0.6798,0.6108,0.6384,0.5832,857,989,1204,347
3082,"World Is Not Enough, The (1999)",Action|Adventure|Thriller,437,0.8289,3.3387,0.3917,0.6103,0.5229,0.6978,858,1421,758,663
4571,Bill & Ted's Excellent Adventure (1989),Adventure|Comedy|Sci-Fi,428,0.8239,3.347,0.3964,0.6102,0.5247,0.6957,859,1413,763,650
514,"Ref, The (1994)",Comedy,254,0.6871,3.5335,0.533,0.61,0.5792,0.6408,860,1204,973,344
2628,Star Wars: Episode I - The Phantom Menace (1999),Action|Adventure|Sci-Fi,1506,0.9802,3.0827,0.2379,0.6091,0.4606,0.7575,861,1677,530,1147
1914,Smoke Signals (1998),Comedy|Drama,127,0.4473,3.811,0.7699,0.6086,0.6731,0.5441,862,841,1355,514
2403,First Blood (Rambo: First Blood) (1982),Action|Adventure|Drama|Thriller,262,0.6977,3.5115,0.5195,0.6086,0.5729,0.6443,862,1230,960,368
2427,"Thin Red Line, The (1998)",Action|Drama|War,405,0.8095,3.3617,0.4077,0.6086,0.5282,0.689,862,1397,784,613
175,Kids (1995),Drama,264,0.7012,3.5057,0.5151,0.6081,0.5709,0.6454,863,1237,956,374
1797,Everest (1998),Documentary|IMAX,108,0.3845,3.8796,0.8315,0.608,0.6974,0.5186,864,741,1442,701
6552,Dirty Pretty Things (2002),Crime|Drama|Thriller,125,0.4416,3.816,0.7737,0.6077,0.6741,0.5412,865,839,1362,523
3972,"Legend of Drunken Master, The (Jui kuen II) (1994)",Action|Comedy,153,0.5135,3.732,0.7018,0.6077,0.6453,0.57,865,958,1256,391
64957,"Curious Case of Benjamin Button, The (2008)",Drama|Fantasy|Mystery|Romance,205,0.6174,3.6073,0.5979,0.6077,0.6038,0.6116,865,1115,1102,250
492,Manhattan Murder Mystery (1993),Comedy|Mystery,189,0.5904,3.6376,0.6246,0.6075,0.6143,0.6007,866,1085,1149,283
30793,Charlie and the Chocolate Factory (2005),Adventure|Children|Comedy|Fantasy|IMAX,396,0.8019,3.3662,0.4124,0.6072,0.5293,0.6851,867,1390,800,590
41566,"Chronicles of Narnia: The Lion, the Witch and the Wardrobe, The (2005)",Adventure|Children|Fantasy,346,0.7693,3.4118,0.4444,0.6069,0.5419,0.6718,868,1346,857,489
3740,Big Trouble in Little China (1986),Action|Adventure|Comedy|Fantasy,263,0.6996,3.5038,0.5138,0.6067,0.5696,0.6439,869,1244,962,375
317,"Santa Clause, The (1994)",Comedy|Drama|Fantasy,807,0.9297,3.1667,0.2837,0.6067,0.4775,0.7359,869,1610,611,999
185,"Net, The (1995)",Action|Crime|Thriller,1236,0.9702,3.0939,0.2429,0.6066,0.4611,0.752,870,1675,553,1122
213,Burnt by the Sun (Utomlyonnye solntsem) (1994),Drama,89,0.3007,4.0,0.9124,0.6066,0.7289,0.4842,871,614,1577,963
222,Circle of Friends (1995),Drama|Romance,292,0.7291,3.4675,0.484,0.6066,0.5575,0.6556,871,1285,914,414
5147,Wild Strawberries (Smultronstället) (1957),Drama,82,0.2649,4.0671,0.9473,0.6061,0.7426,0.4696,872,550,1628,1078
96610,Looper (2012),Action|Crime|Sci-Fi,136,0.4743,3.7757,0.7379,0.6061,0.6588,0.5534,872,899,1319,447
8641,Anchorman: The Legend of Ron Burgundy (2004),Comedy,267,0.7043,3.4944,0.5075,0.6059,0.5666,0.6453,873,1254,957,381
2100,Splash (1984),Comedy|Fantasy|Romance,580,0.8788,3.2414,0.3324,0.6056,0.4963,0.7149,874,1527,700,827
3107,Backdraft (1991),Action|Drama,368,0.7856,3.3845,0.4253,0.6055,0.5334,0.6775,875,1374,829,545
53322,Ocean's Thirteen (2007),Crime|Thriller,213,0.6309,3.5915,0.5797,0.6053,0.5951,0.6155,876,1150,1078,274
2539,Analyze This (1999),Comedy,448,0.8349,3.3158,0.3757,0.6053,0.5135,0.6971,876,1465,759,706
1676,Starship Troopers (1997),Action|Sci-Fi,802,0.9284,3.1633,0.2822,0.6053,0.4761,0.7346,876,1617,617,1000
7981,Infernal Affairs (Mou gaan dou) (2002),Crime|Drama|Thriller,90,0.3076,3.9778,0.9014,0.6045,0.7233,0.4858,877,638,1569,931
2746,Little Shop of Horrors (1986),Comedy|Horror|Musical,440,0.8308,3.3205,0.3782,0.6045,0.514,0.695,877,1464,766,698
3265,Hard-Boiled (Lat sau san taam) (1992),Action|Crime|Drama|Thriller,104,0.3707,3.8846,0.838,0.6044,0.6978,0.5109,878,739,1483,744
661,James and the Giant Peach (1996),Adventure|Animation|Children|Fantasy|Musical,487,0.8487,3.2926,0.36,0.6044,0.5066,0.7021,878,1493,743,750
55290,Gone Baby Gone (2007),Crime|Drama|Mystery,118,0.4181,3.8347,0.7903,0.6042,0.6787,0.5298,879,815,1404,589
552,"Three Musketeers, The (1993)",Action|Adventure|Comedy|Romance,600,0.8842,3.2317,0.3242,0.6042,0.4922,0.7162,879,1547,698,849
52281,Grindhouse (2007),Action|Crime|Horror|Sci-Fi|Thriller,159,0.5308,3.7044,0.6767,0.6037,0.6329,0.5745,880,1011,1239,359
932,"Affair to Remember, An (1957)",Drama|Romance,131,0.4589,3.7863,0.748,0.6034,0.6612,0.5456,881,885,1348,467
144,"Brothers McMullen, The (1995)",Comedy,227,0.6503,3.5639,0.5565,0.6034,0.5847,0.6222,881,1185,1048,304
3201,Five Easy Pieces (1970),Drama,120,0.4244,3.825,0.7825,0.6034,0.675,0.5318,882,832,1396,564
1099,"Christmas Carol, A (1938)",Children|Drama|Fantasy,99,0.3503,3.9091,0.8562,0.6033,0.7045,0.5021,883,711,1511,800
610,Heavy Metal (1981),Action|Adventure|Animation|Horror|Sci-Fi,391,0.7994,3.3593,0.4068,0.6031,0.5246,0.6816,884,1414,818,596
48082,"Science of Sleep, The (La science des rêves) (2006)",Comedy|Drama|Fantasy|Romance,110,0.3917,3.8591,0.8142,0.603,0.6874,0.5185,885,780,1443,663
7293,50 First Dates (2004),Comedy|Romance,316,0.7502,3.4241,0.4557,0.603,0.5441,0.6618,885,1334,890,449
4880,Life as a House (2001),Drama,136,0.4743,3.7684,0.7313,0.6028,0.6542,0.5514,886,921,1324,438
8807,Harold and Kumar Go to White Castle (2004),Adventure|Comedy,204,0.6152,3.6005,0.5901,0.6026,0.5976,0.6077,887,1144,1116,257
31,Dangerous Minds (1995),Drama,447,0.834,3.3098,0.3713,0.6026,0.5101,0.6952,887,1482,764,718
77561,Iron Man 2 (2010),Action|Adventure|Sci-Fi|Thriller|IMAX,213,0.6309,3.5845,0.5738,0.6023,0.5909,0.6137,888,1162,1091,274
434,Cliffhanger (1993),Action|Adventure|Thriller,1236,0.9702,3.0736,0.2335,0.6019,0.4545,0.7492,889,1706,562,1144
94,Beautiful Girls (1996),Comedy|Drama|Romance,206,0.6199,3.5947,0.5832,0.6015,0.5942,0.6089,890,1153,1111,263
8529,"Terminal, The (2004)",Comedy|Drama|Romance,269,0.7059,3.4796,0.4969,0.6014,0.5596,0.6432,891,1276,965,385
2971,All That Jazz (1979),Drama|Fantasy|Musical,125,0.4416,3.8,0.7608,0.6012,0.6651,0.5374,892,869,1375,506
147,"Basketball Diaries, The (1995)",Drama,211,0.6277,3.5853,0.5747,0.6012,0.5906,0.6118,892,1164,1101,272
412,"Age of Innocence, The (1993)",Drama,235,0.6626,3.5426,0.5392,0.6009,0.5762,0.6256,893,1214,1034,321
3300,Pitch Black (2000),Horror|Sci-Fi|Thriller,359,0.78,3.3788,0.4209,0.6004,0.5286,0.6723,894,1394,855,539
88129,Drive (2011),Crime|Drama|Film-Noir|Thriller,134,0.4683,3.7687,0.7316,0.6,0.6526,0.5473,895,927,1342,447
3811,Breaker Morant (1980),Drama|War,86,0.2869,4.0,0.9124,0.5997,0.7248,0.4745,896,627,1614,987
5945,About Schmidt (2002),Comedy|Drama,278,0.7147,3.4676,0.4843,0.5995,0.5534,0.6456,897,1297,955,400
7160,Monster (2003),Crime|Drama,156,0.5217,3.7051,0.677,0.5993,0.6304,0.5683,898,1019,1262,364
4975,Vanilla Sky (2001),Mystery|Romance|Sci-Fi|Thriller,416,0.8173,3.3221,0.381,0.5992,0.5119,0.6864,899,1473,796,677
448,Fearless (1993),Drama,162,0.5383,3.6852,0.6598,0.599,0.6233,0.5747,900,1047,1237,337
2401,Pale Rider (1985),Western,144,0.4931,3.7361,0.7046,0.5989,0.6412,0.5566,901,981,1308,407
61323,Burn After Reading (2008),Comedy|Crime|Drama,206,0.6199,3.5898,0.5775,0.5987,0.5902,0.6072,902,1166,1119,264
3479,Ladyhawke (1985),Adventure|Fantasy|Romance,213,0.6309,3.5751,0.5662,0.5986,0.5856,0.6115,903,1182,1104,279
3,Grumpier Old Men (1995),Comedy|Romance,651,0.8983,3.1928,0.2988,0.5986,0.4787,0.7185,903,1605,686,919
1111,Microcosmos (Microcosmos: Le peuple de l'herbe) (1996),Documentary,108,0.3845,3.8565,0.8123,0.5984,0.684,0.5128,904,794,1473,679
1569,My Best Friend's Wedding (1997),Comedy|Romance,517,0.8619,3.2466,0.3349,0.5984,0.493,0.7038,905,1541,738,803
3549,Guys and Dolls (1955),Comedy|Musical|Romance,101,0.3559,3.8861,0.8406,0.5982,0.6952,0.5013,906,751,1516,765
145,Bad Boys (1995),Action|Comedy|Crime|Drama|Thriller,567,0.8738,3.2293,0.3223,0.5981,0.4878,0.7084,907,1561,724,837
5015,Monster's Ball (2001),Drama|Romance,236,0.6642,3.5318,0.5317,0.5979,0.5714,0.6244,908,1233,1041,325
1939,"Best Years of Our Lives, The (1946)",Drama|War,85,0.2831,4.0,0.9124,0.5978,0.7236,0.4719,909,633,1620,987
4914,Breathless (À bout de souffle) (1960),Crime|Drama|Romance,79,0.2495,4.0633,0.9451,0.5973,0.7364,0.4582,910,580,1685,1105
81932,"Fighter, The (2010)",Drama,111,0.3955,3.8423,0.7991,0.5973,0.678,0.5166,910,820,1455,635
1552,Con Air (1997),Action|Adventure|Thriller,706,0.9127,3.1629,0.2819,0.5973,0.4711,0.7235,910,1633,657,976
3635,"Spy Who Loved Me, The (1977)",Action|Adventure|Thriller,211,0.6277,3.5758,0.5665,0.5971,0.5849,0.6094,911,1183,1108,272
97921,Silver Linings Playbook (2012),Comedy|Drama,89,0.3007,3.9607,0.8936,0.5971,0.7157,0.4786,912,668,1598,930
8957,Saw (2004),Horror|Mystery|Thriller,261,0.6971,3.4789,0.4959,0.5965,0.5563,0.6368,913,1287,987,374
1476,Private Parts (1997),Comedy|Drama,304,0.7398,3.4211,0.4532,0.5965,0.5392,0.6538,913,1354,924,441
1176,"Double Life of Veronique, The (Double Vie de Véronique, La) (1991)",Drama|Fantasy|Romance,100,0.3537,3.885,0.839,0.5964,0.6934,0.4993,914,760,1522,762
52973,Knocked Up (2007),Comedy|Drama|Romance,233,0.6588,3.5343,0.5336,0.5962,0.5712,0.6212,915,1234,1055,319
1081,Victor/Victoria (1982),Comedy|Musical|Romance,228,0.6513,3.5439,0.5402,0.5957,0.5735,0.618,916,1225,1065,309
7360,Dawn of the Dead (2004),Action|Drama|Horror|Thriller,194,0.5986,3.6031,0.5923,0.5954,0.5942,0.5967,917,1154,1163,246
934,Father of the Bride (1950),Comedy,222,0.6438,3.5495,0.5465,0.5951,0.5756,0.6146,918,1217,1086,299
2745,"Mission, The (1986)",Drama,112,0.3992,3.8348,0.7906,0.5949,0.6732,0.5167,919,840,1453,613
8981,Closer (2004),Drama|Romance,175,0.5631,3.64,0.6265,0.5948,0.6075,0.5821,920,1108,1209,289
7132,"Night at the Opera, A (1935)",Comedy|Musical|Romance,84,0.2768,4.0,0.9124,0.5946,0.7218,0.4675,921,644,1639,995
7387,Dawn of the Dead (1978),Action|Drama|Horror,126,0.4454,3.7817,0.7439,0.5946,0.6543,0.5349,921,920,1382,462
1093,"Doors, The (1991)",Drama,397,0.8023,3.33,0.3867,0.5945,0.5114,0.6776,922,1474,828,646
543,So I Married an Axe Murderer (1993),Comedy|Romance|Thriller,606,0.8861,3.198,0.3023,0.5942,0.4774,0.7109,923,1611,716,895
549,Thirty-Two Short Films About Glenn Gould (1993),Drama|Musical,83,0.2706,4.006,0.9168,0.5937,0.7229,0.4644,924,639,1655,1016
6753,Secondhand Lions (2003),Children|Comedy|Drama,129,0.4526,3.7713,0.7348,0.5937,0.6501,0.5373,924,937,1376,452
468,"Englishman Who Went Up a Hill But Came Down a Mountain, The (1995)",Comedy|Romance,377,0.7906,3.3475,0.3967,0.5937,0.5149,0.6725,924,1457,854,603
3301,"Whole Nine Yards, The (2000)",Comedy|Crime,352,0.774,3.3679,0.4134,0.5937,0.5216,0.6658,925,1426,876,550
3071,Stand and Deliver (1988),Comedy|Drama,131,0.4589,3.7634,0.7282,0.5935,0.6474,0.5397,926,951,1372,446
1216,"Big Blue, The (Grand bleu, Le) (1988)",Adventure|Drama|Romance,85,0.2831,3.9824,0.9027,0.5929,0.7168,0.469,927,664,1634,970
2424,You've Got Mail (1998),Comedy|Romance,595,0.8832,3.2,0.3026,0.5929,0.4768,0.709,927,1615,722,893
91500,"Hunger Games, The (2012)",Action|Adventure|Drama|Sci-Fi|Thriller,170,0.5546,3.6441,0.6309,0.5927,0.608,0.5775,928,1105,1225,297
3742,Battleship Potemkin (1925),Drama|War,81,0.2611,4.0185,0.924,0.5926,0.7252,0.46,929,626,1676,1050
14,Nixon (1995),Drama,315,0.7486,3.4,0.4366,0.5926,0.5302,0.655,929,1384,918,466
2085,101 Dalmatians (One Hundred and One Dalmatians) (1961),Adventure|Animation|Children,395,0.801,3.3266,0.3842,0.5926,0.5092,0.676,929,1485,835,650
4370,A.I. Artificial Intelligence (2001),Adventure|Drama|Sci-Fi,570,0.876,3.2123,0.3089,0.5924,0.479,0.7059,930,1604,732,872
5378,Star Wars: Episode II - Attack of the Clones (2002),Action|Adventure|Sci-Fi|IMAX,853,0.9357,3.1073,0.2489,0.5923,0.4549,0.7296,931,1704,633,1071
2145,Pretty in Pink (1986),Comedy|Drama|Romance,355,0.7762,3.362,0.408,0.5921,0.5185,0.6658,932,1439,878,561
1916,Buffalo '66 (a.k.a. Buffalo 66) (1998),Drama|Romance,156,0.5217,3.6859,0.6604,0.591,0.6188,0.5633,933,1063,1286,353
1177,Enchanted April (1992),Drama|Romance,98,0.3456,3.8827,0.8355,0.5906,0.6885,0.4926,934,773,1545,772
63876,Milk (2008),Drama,128,0.4498,3.7656,0.7298,0.5898,0.6458,0.5338,935,955,1388,453
79091,Despicable Me (2010),Animation|Children|Comedy|Crime,122,0.4306,3.7869,0.7486,0.5896,0.6532,0.526,936,925,1415,490
2118,"Dead Zone, The (1983)",Thriller,154,0.5169,3.6883,0.662,0.5895,0.6185,0.5605,937,1065,1294,357
3087,Scrooged (1988),Comedy|Fantasy|Romance,263,0.6996,3.4601,0.4793,0.5895,0.5454,0.6335,937,1330,998,393
2394,"Prince of Egypt, The (1998)",Animation|Musical,309,0.7433,3.3981,0.4353,0.5893,0.5277,0.6509,938,1401,934,467
3134,Grand Illusion (La grande illusion) (1937),Drama|War,85,0.2831,3.9647,0.8952,0.5891,0.7116,0.4667,939,685,1641,956
7482,Enter the Dragon (1973),Action|Crime,134,0.4683,3.7425,0.7097,0.589,0.6373,0.5407,940,995,1366,426
6934,"Matrix Revolutions, The (2003)",Action|Adventure|Sci-Fi|Thriller|IMAX,639,0.8964,3.1628,0.2815,0.589,0.466,0.712,940,1652,712,940
3555,U-571 (2000),Action|Thriller|War,342,0.7671,3.3626,0.4096,0.5884,0.5169,0.6599,941,1447,896,551
5388,Insomnia (2002),Action|Crime|Drama|Mystery|Thriller,287,0.7238,3.4199,0.4526,0.5882,0.534,0.6424,942,1372,967,430
8917,Team America: World Police (2004),Action|Adventure|Animation|Comedy,229,0.6529,3.5218,0.5229,0.5879,0.5619,0.6139,943,1268,1090,325
1377,Batman Returns (1992),Action|Crime,645,0.897,3.1589,0.2787,0.5879,0.4642,0.7116,943,1664,713,951
1672,"Rainmaker, The (1997)",Drama,188,0.5885,3.5984,0.5866,0.5876,0.5872,0.5879,944,1178,1190,246
2936,Sullivan's Travels (1941),Adventure|Comedy|Romance,78,0.2423,4.0385,0.9325,0.5874,0.7255,0.4494,945,624,1725,1101
5446,Rabbit-Proof Fence (2002),Adventure|Drama,106,0.3792,3.8396,0.795,0.5871,0.6703,0.5039,946,849,1506,657
344,Ace Ventura: Pet Detective (1994),Comedy,1915,0.9896,2.9621,0.1846,0.5871,0.4261,0.7481,946,1812,568,1244
109487,Interstellar (2014),Sci-Fi|IMAX,81,0.2611,4.0,0.9124,0.5868,0.717,0.4565,947,662,1696,1034
2924,Drunken Master (Jui kuen) (1978),Action|Comedy,87,0.2928,3.9483,0.8807,0.5868,0.7044,0.4692,947,712,1632,920
5008,Witness for the Prosecution (1957),Drama|Mystery|Thriller,82,0.2649,3.9878,0.9068,0.5858,0.7142,0.4575,948,674,1689,1015
3676,Eraserhead (1977),Drama|Horror,115,0.4109,3.8,0.7608,0.5858,0.6558,0.5159,948,913,1459,546
6987,"Cabinet of Dr. Caligari, The (Cabinet des Dr. Caligari., Das) (1920)",Crime|Fantasy|Horror,72,0.1955,4.1458,0.9755,0.5855,0.7415,0.4295,949,554,1805,1251
55908,"Man from Earth, The (2007)",Drama|Sci-Fi,83,0.2706,3.9759,0.9005,0.5855,0.7115,0.4595,949,686,1679,993
50068,Letters from Iwo Jima (2006),Drama|War,106,0.3792,3.8349,0.791,0.5851,0.6674,0.5027,950,857,1509,652
477,What's Love Got to Do with It? (1993),Drama|Musical,212,0.6293,3.5448,0.5408,0.5851,0.5674,0.6028,950,1252,1141,302
1883,Bulworth (1998),Comedy|Drama|Romance,266,0.7034,3.4398,0.4667,0.5851,0.5377,0.6324,950,1362,1000,412
1927,All Quiet on the Western Front (1930),Action|Drama|War,120,0.4244,3.7833,0.7454,0.5849,0.6491,0.5207,951,940,1429,489
3271,Of Mice and Men (1992),Drama,165,0.5439,3.6394,0.6259,0.5849,0.6013,0.5685,951,1129,1261,310
2393,Star Trek: Insurrection (1998),Action|Drama|Romance|Sci-Fi,461,0.8396,3.2386,0.3302,0.5849,0.483,0.6868,951,1580,791,789
372,Reality Bites (1994),Comedy|Drama|Romance,403,0.806,3.2978,0.3632,0.5846,0.496,0.6732,952,1529,849,680
86882,Midnight in Paris (2011),Comedy|Fantasy|Romance,111,0.3955,3.8153,0.7731,0.5843,0.6598,0.5088,953,894,1490,596
2470,Crocodile Dundee (1986),Adventure|Comedy,594,0.8829,3.1709,0.2856,0.5843,0.4648,0.7037,953,1661,739,922
77455,Exit Through the Gift Shop (2010),Comedy|Documentary,78,0.2423,4.0192,0.9253,0.5838,0.7204,0.4472,954,651,1733,1082
3298,Boiler Room (2000),Crime|Drama|Thriller,239,0.6692,3.4812,0.4978,0.5835,0.5492,0.6178,955,1312,1066,357
53125,Pirates of the Caribbean: At World's End (2007),Action|Adventure|Comedy|Fantasy,282,0.7178,3.4149,0.4479,0.5829,0.5289,0.6368,956,1393,986,437
5,Father of the Bride Part II (1995),Comedy,626,0.8936,3.1446,0.2712,0.5824,0.4579,0.7069,957,1690,729,961
7451,Mean Girls (2004),Comedy,236,0.6642,3.4852,0.5,0.5821,0.5492,0.6149,958,1311,1082,353
4018,What Women Want (2000),Comedy|Romance,451,0.8358,3.235,0.3283,0.5821,0.4806,0.6836,959,1595,805,790
8376,Napoleon Dynamite (2004),Comedy,351,0.7728,3.3376,0.3908,0.5818,0.5054,0.6582,960,1499,905,594
2420,"Karate Kid, The (1984)",Drama,415,0.8164,3.2711,0.3471,0.5818,0.4879,0.6756,960,1560,837,723
6373,Bruce Almighty (2003),Comedy|Drama|Fantasy|Romance,446,0.8336,3.2354,0.3296,0.5816,0.4808,0.6824,961,1594,813,781
8972,National Treasure (2004),Action|Adventure|Drama|Mystery|Thriller,241,0.6711,3.473,0.4912,0.5811,0.5452,0.6171,962,1332,1070,370
2138,Watership Down (1978),Adventure|Animation|Children|Drama|Fantasy,153,0.5135,3.6699,0.6485,0.581,0.608,0.554,963,1107,1316,353
123,Chungking Express (Chung Hing sam lam) (1994),Drama|Mystery|Romance,102,0.361,3.8431,0.8007,0.5808,0.6688,0.4929,964,853,1542,689
1025,"Sword in the Stone, The (1963)",Animation|Children|Fantasy|Musical,254,0.6871,3.4528,0.4746,0.5808,0.5383,0.6233,964,1360,1046,396
1088,Dirty Dancing (1987),Drama|Musical|Romance,578,0.8782,3.1661,0.2834,0.5808,0.4619,0.6998,964,1671,753,918
2644,Dracula (1931),Horror,89,0.3007,3.9157,0.8606,0.5807,0.6927,0.4687,965,761,1635,874
442,Demolition Man (1993),Action|Adventure|Sci-Fi,920,0.9429,3.0451,0.2175,0.5802,0.4351,0.7253,966,1781,650,1131
799,"Frighteners, The (1996)",Comedy|Horror|Thriller,295,0.7316,3.3881,0.4284,0.58,0.5194,0.6407,967,1433,974,466
2991,Live and Let Die (1973),Action|Adventure|Thriller,237,0.667,3.4747,0.4928,0.5799,0.545,0.6147,968,1333,1084,365
1931,Mutiny on the Bounty (1935),Adventure|Drama,96,0.3362,3.8698,0.8233,0.5797,0.6772,0.4823,969,826,1583,757
5049,48 Hrs. (1982),Action|Comedy|Crime|Drama,198,0.6051,3.5606,0.554,0.5796,0.5693,0.5898,970,1245,1184,275
1012,Old Yeller (1957),Children|Drama,173,0.5581,3.6098,0.6001,0.5791,0.5875,0.5707,971,1177,1251,280
3677,Baraka (1992),Documentary,72,0.1955,4.1042,0.9614,0.5785,0.7316,0.4253,972,605,1822,1217
491,"Man Without a Face, The (1993)",Drama,274,0.7116,3.4124,0.4451,0.5783,0.525,0.6316,973,1410,1005,437
1340,"Bride of Frankenstein, The (Bride of Frankenstein) (1935)",Drama|Horror|Sci-Fi,103,0.365,3.835,0.7913,0.5782,0.6634,0.4929,974,873,1541,668
1050,Looking for Richard (1996),Documentary|Drama,94,0.3271,3.8777,0.8289,0.578,0.6784,0.4776,975,819,1602,783
4816,Zoolander (2001),Comedy,374,0.7897,3.3021,0.3663,0.578,0.4933,0.6627,975,1540,887,653
507,"Perfect World, A (1993)",Crime|Drama|Thriller,173,0.5581,3.6069,0.5976,0.5778,0.5858,0.5699,976,1181,1257,281
1694,"Apostle, The (1997)",Drama,160,0.5333,3.6344,0.6208,0.5771,0.5946,0.5595,977,1151,1295,318
216,Billy Madison (1995),Comedy,420,0.8198,3.244,0.3343,0.5771,0.4799,0.6742,978,1598,843,755
2130,Atlantic City (1980),Crime|Drama|Romance,113,0.4024,3.792,0.7514,0.5769,0.6467,0.5071,979,952,1495,543
207,"Walk in the Clouds, A (1995)",Drama|Romance,271,0.7075,3.4133,0.4463,0.5769,0.5247,0.6291,979,1413,1019,434
72641,"Blind Side, The  (2009)",Drama,90,0.3076,3.8944,0.8459,0.5767,0.6844,0.4691,980,793,1633,840
1320,Alien³ (a.k.a. Alien 3) (1992),Action|Horror|Sci-Fi|Thriller,704,0.9118,3.0916,0.2417,0.5767,0.4427,0.7108,980,1755,718,1037
3159,Fantasia 2000 (1999),Animation|Children|Musical|IMAX,220,0.6422,3.5,0.5107,0.5764,0.5501,0.6027,981,1308,1143,327
918,Meet Me in St. Louis (1944),Musical,99,0.3503,3.8434,0.8016,0.576,0.6662,0.4857,982,862,1571,709
252,I.Q. (1994),Comedy|Romance,503,0.8547,3.1879,0.2969,0.5758,0.4642,0.6874,983,1663,789,874
520,Robin Hood: Men in Tights (1993),Comedy,745,0.919,3.0725,0.2326,0.5758,0.4385,0.7131,983,1769,706,1063
153,Batman Forever (1995),Action|Adventure|Comedy|Crime,1632,0.9846,2.9225,0.167,0.5758,0.4123,0.7393,984,1858,592,1266
361,It Could Happen to You (1994),Comedy|Drama|Romance,264,0.7012,3.4167,0.4495,0.5753,0.525,0.6257,985,1411,1032,426
4623,Major League (1989),Comedy,184,0.58,3.5788,0.5706,0.5753,0.5734,0.5772,986,1226,1228,242
27721,"Very Long Engagement, A (Un long dimanche de fiançailles) (2004)",Drama|Mystery|Romance|War,90,0.3076,3.8889,0.8424,0.575,0.682,0.468,987,804,1636,832
5577,Igby Goes Down (2002),Comedy|Drama,147,0.5006,3.6701,0.6488,0.5747,0.6043,0.5451,988,1112,1349,361
3450,Grumpy Old Men (1993),Comedy,288,0.7257,3.3819,0.4234,0.5745,0.5141,0.635,989,1462,995,473
946,To Be or Not to Be (1942),Comedy|Drama|War,70,0.1808,4.1286,0.968,0.5744,0.7318,0.4169,990,603,1860,1257
7669,Pride and Prejudice (1995),Drama|Romance,76,0.2272,4.0132,0.9209,0.5741,0.7128,0.4353,991,680,1783,1103
1589,Cop Land (1997),Action|Crime|Drama|Thriller,277,0.7134,3.3971,0.4344,0.5739,0.5181,0.6297,992,1440,1015,448
2068,Fanny and Alexander (Fanny och Alexander) (1982),Drama|Fantasy|Mystery,89,0.3007,3.8933,0.8449,0.5728,0.6817,0.464,993,806,1657,851
4447,Legally Blonde (2001),Comedy|Romance,464,0.8409,3.2026,0.3048,0.5728,0.4656,0.68,993,1655,820,835
64620,Frost/Nixon (2008),Drama,105,0.3754,3.8095,0.7693,0.5723,0.6511,0.4936,994,932,1538,606
97938,Life of Pi (2012),Adventure|Drama|IMAX,90,0.3076,3.8833,0.8365,0.572,0.6778,0.4663,995,821,1642,821
8207,"Day of the Jackal, The (1973)",Crime|Thriller,82,0.2649,3.9451,0.8779,0.5714,0.694,0.4488,996,759,1726,967
55052,Atonement (2007),Drama|Romance|War,109,0.3886,3.7936,0.7539,0.5712,0.6443,0.4982,997,962,1527,565
5110,Super Troopers (2001),Comedy|Crime|Mystery,144,0.4931,3.6701,0.6491,0.5711,0.6023,0.5399,998,1126,1371,373
2009,Soylent Green (1973),Drama|Mystery|Sci-Fi|Thriller,205,0.6174,3.5244,0.5248,0.5711,0.5526,0.5896,998,1300,1185,302
6296,"Mighty Wind, A (2003)",Comedy|Musical,163,0.5402,3.6135,0.602,0.5711,0.5835,0.5587,999,1191,1299,300
7263,Miracle (2004),Drama,96,0.3362,3.849,0.8057,0.5709,0.6648,0.477,1000,870,1605,735
164,Devil in a Blue Dress (1995),Crime|Film-Noir|Mystery|Thriller,213,0.6309,3.4977,0.51,0.5705,0.5463,0.5946,1001,1325,1172,324
410,Addams Family Values (1993),Children|Comedy|Fantasy,872,0.9382,3.0052,0.2028,0.5705,0.4234,0.7175,1001,1818,690,1128
334,Vanya on 42nd Street (1994),Drama,80,0.2558,3.95,0.8845,0.5702,0.6959,0.4444,1002,747,1740,993
943,"Ghost and Mrs. Muir, The (1947)",Drama|Fantasy|Romance,99,0.3503,3.8333,0.7888,0.5695,0.6572,0.4818,1003,906,1586,680
55280,Lars and the Real Girl (2007),Comedy|Drama,99,0.3503,3.8333,0.7888,0.5695,0.6572,0.4818,1003,906,1586,680
7162,Cold Mountain (2003),Drama|Romance|War,161,0.5358,3.6149,0.6033,0.5695,0.583,0.556,1003,1193,1311,308
3984,Diamonds Are Forever (1971),Action|Adventure|Thriller,205,0.6174,3.5146,0.5213,0.5694,0.5502,0.5886,1004,1307,1188,303
55276,Michael Clayton (2007),Drama|Thriller,129,0.4526,3.7132,0.6858,0.5692,0.6159,0.5226,1005,1079,1426,421
1027,Robin Hood: Prince of Thieves (1991),Adventure|Drama,408,0.8123,3.2328,0.3258,0.5691,0.4718,0.6664,1006,1630,874,756
71899,Mary and Max (2009),Animation|Comedy|Drama,73,0.2034,4.0411,0.9341,0.5687,0.7149,0.4226,1007,672,1838,1166
54881,"King of Kong, The (2007)",Documentary,78,0.2423,3.9615,0.8939,0.5681,0.6984,0.4378,1008,733,1774,1041
322,Swimming with Sharks (1995),Comedy|Drama,146,0.4981,3.6541,0.6381,0.5681,0.5961,0.5401,1009,1148,1368,359
2134,Weird Science (1985),Comedy|Fantasy|Sci-Fi,293,0.7298,3.3567,0.4052,0.5675,0.5026,0.6324,1010,1506,1000,506
1805,Wild Things (1998),Crime|Drama|Mystery|Thriller,388,0.7976,3.2513,0.3371,0.5673,0.4752,0.6594,1011,1620,897,723
3489,Hook (1991),Adventure|Comedy|Fantasy,436,0.8283,3.2076,0.306,0.5672,0.4627,0.6716,1012,1667,859,808
34542,Grizzly Man (2005),Documentary,74,0.2122,4.0135,0.9212,0.5667,0.7085,0.4249,1013,694,1824,1130
2413,Clue (1985),Comedy|Crime|Mystery|Thriller,249,0.6811,3.4197,0.452,0.5665,0.5207,0.6124,1014,1427,1098,413
3623,Mission: Impossible II (2000),Action|Adventure|Thriller,826,0.9331,2.9964,0.1999,0.5665,0.4199,0.7132,1014,1831,705,1126
2541,Cruel Intentions (1999),Drama,405,0.8095,3.2296,0.3233,0.5664,0.4691,0.6636,1015,1644,883,761
33679,Mr. & Mrs. Smith (2005),Action|Adventure|Comedy|Romance,352,0.774,3.2884,0.3581,0.5661,0.4829,0.6492,1016,1581,942,639
45499,X-Men: The Last Stand (2006),Action|Sci-Fi|Thriller,289,0.7269,3.3564,0.4049,0.5659,0.5015,0.6303,1017,1510,1011,499
231,Dumb & Dumber (Dumb and Dumber) (1994),Adventure|Comedy,1620,0.9843,2.8753,0.1472,0.5658,0.3983,0.7332,1018,1914,621,1293
1286,Somewhere in Time (1980),Drama|Romance,118,0.4181,3.7458,0.7131,0.5656,0.6246,0.5066,1019,1040,1498,479
27904,"Scanner Darkly, A (2006)",Animation|Drama|Mystery|Sci-Fi|Thriller,157,0.5239,3.6178,0.6061,0.565,0.5814,0.5485,1020,1198,1336,316
417,Barcelona (1994),Comedy|Romance,165,0.5439,3.597,0.5857,0.5648,0.5732,0.5565,1021,1229,1309,288
4903,In the Bedroom (2001),Drama,134,0.4683,3.6866,0.661,0.5647,0.6032,0.5261,1022,1121,1414,392
1917,Armageddon (1998),Action|Romance|Sci-Fi|Thriller,1095,0.9576,2.932,0.1711,0.5643,0.407,0.7217,1023,1874,666,1208
61024,Pineapple Express (2008),Action|Comedy|Crime,135,0.4711,3.6815,0.6573,0.5642,0.6014,0.527,1024,1128,1413,389
2841,Stir of Echoes (1999),Horror|Mystery|Thriller,215,0.6356,3.4744,0.4922,0.5639,0.5352,0.5926,1025,1369,1177,344
106920,Her (2013),Drama|Romance|Sci-Fi,92,0.3176,3.8533,0.8095,0.5636,0.6619,0.4652,1026,880,1650,770
140,Up Close and Personal (1996),Drama|Romance,248,0.6802,3.4133,0.4466,0.5634,0.5167,0.6101,1027,1448,1107,421
3809,What About Bob? (1991),Comedy,291,0.7285,3.3488,0.3983,0.5634,0.4974,0.6294,1027,1523,1017,506
783,"Hunchback of Notre Dame, The (1996)",Animation|Children|Drama|Musical|Romance,477,0.8459,3.1625,0.2809,0.5634,0.4504,0.6764,1027,1718,833,885
33004,"Hitchhiker's Guide to the Galaxy, The (2005)",Adventure|Comedy|Sci-Fi,318,0.7527,3.3145,0.3738,0.5632,0.4875,0.639,1028,1563,979,584
102445,Star Trek Into Darkness (2013),Action|Adventure|Sci-Fi|IMAX,102,0.361,3.8039,0.7652,0.5631,0.6439,0.4822,1029,964,1584,620
4448,"Score, The (2001)",Action|Drama,197,0.6039,3.5152,0.5217,0.5628,0.5463,0.5792,1030,1324,1220,294
45517,Cars (2006),Animation|Children|Comedy,224,0.646,3.4598,0.479,0.5625,0.5291,0.5959,1031,1392,1166,361
4489,Coming to America (1988),Comedy|Romance,221,0.6428,3.4638,0.4818,0.5623,0.5301,0.5945,1032,1385,1173,353
2528,Logan's Run (1976),Action|Adventure|Sci-Fi,259,0.6946,3.3919,0.43,0.5623,0.5094,0.6152,1032,1484,1079,452
8014,"Spring, Summer, Fall, Winter... and Spring (Bom yeoreum gaeul gyeoul geurigo bom) (2003)",Drama,71,0.1899,4.0423,0.9344,0.5621,0.711,0.4132,1033,689,1868,1179
936,Ninotchka (1939),Comedy|Romance,78,0.2423,3.9487,0.8817,0.562,0.6899,0.4341,1034,764,1788,1024
7458,Troy (2004),Action|Adventure|Drama|War,285,0.7222,3.3526,0.4018,0.562,0.4979,0.6261,1035,1520,1030,490
2912,"Limey, The (1999)",Crime|Drama|Thriller,161,0.5358,3.5994,0.5879,0.5618,0.5723,0.5514,1036,1232,1323,287
2946,Help! (1965),Comedy|Musical,122,0.4306,3.7213,0.693,0.5618,0.6143,0.5094,1037,1086,1485,448
5500,Top Secret! (1984),Comedy,131,0.4589,3.6908,0.6642,0.5615,0.6026,0.5205,1038,1123,1431,393
837,Matilda (1996),Children|Comedy|Fantasy,252,0.6833,3.4048,0.4394,0.5614,0.5126,0.6101,1039,1471,1106,432
41569,King Kong (2005),Action|Adventure|Drama|Fantasy|Thriller,302,0.737,3.3295,0.3858,0.5614,0.4911,0.6316,1039,1550,1004,546
370,Naked Gun 33 1/3: The Final Insult (1994),Action|Comedy,725,0.9159,3.0124,0.2065,0.5612,0.4193,0.7031,1040,1833,742,1091
3397,"Great Muppet Caper, The (1981)",Children|Comedy,130,0.4561,3.6923,0.6657,0.5609,0.6028,0.519,1041,1122,1439,398
89864,50/50 (2011),Comedy|Drama,82,0.2649,3.9085,0.8556,0.5603,0.6784,0.4421,1042,818,1752,934
168,First Knight (1995),Action|Drama|Romance,617,0.8895,3.0713,0.231,0.5603,0.4286,0.692,1042,1806,775,1031
49278,Déjà Vu (Deja Vu) (2006),Action|Sci-Fi|Thriller,131,0.4589,3.687,0.6613,0.5601,0.6006,0.5196,1043,1131,1434,391
1161,"Tin Drum, The (Blechtrommel, Die) (1979)",Drama|War,67,0.1626,4.0896,0.957,0.5598,0.7187,0.4009,1044,655,1918,1263
2687,Tarzan (1999),Adventure|Animation|Children|Drama,252,0.6833,3.3988,0.436,0.5596,0.5102,0.6091,1045,1481,1110,436
1378,Young Guns (1988),Action|Comedy|Western,361,0.7812,3.2548,0.338,0.5596,0.471,0.6483,1045,1634,946,688
86,White Squall (1996),Action|Adventure|Drama,212,0.6293,3.4717,0.489,0.5592,0.5311,0.5872,1046,1383,1192,337
1633,Ulee's Gold (1997),Drama,139,0.4812,3.6511,0.6368,0.559,0.5901,0.5279,1047,1167,1410,363
3296,To Sir with Love (1967),Drama,92,0.3176,3.8424,0.7994,0.5585,0.6549,0.4622,1048,916,1664,748
991,Michael Collins (1996),Drama,161,0.5358,3.5932,0.5813,0.5585,0.5676,0.5494,1048,1251,1331,283
948,Giant (1956),Drama|Romance|Western,86,0.2869,3.8779,0.8296,0.5582,0.6668,0.4497,1049,859,1724,865
31685,Hitch (2005),Comedy|Romance,198,0.6051,3.5,0.5107,0.5579,0.539,0.5768,1050,1356,1229,306
170,Hackers (1995),Action|Adventure|Crime|Thriller,397,0.8023,3.2154,0.312,0.5571,0.4591,0.6552,1051,1681,917,764
44694,Volver (2006),Comedy|Drama,99,0.3503,3.803,0.764,0.5571,0.6399,0.4744,1052,984,1615,631
67087,"I Love You, Man (2009)",Comedy,110,0.3917,3.7545,0.7216,0.5567,0.6226,0.4907,1053,1049,1556,507
2013,"Poseidon Adventure, The (1972)",Action|Adventure|Drama,271,0.7075,3.3579,0.4055,0.5565,0.4961,0.6169,1054,1528,1073,474
5266,Panic Room (2002),Thriller,348,0.7706,3.2615,0.3418,0.5562,0.4704,0.6419,1055,1635,969,666
3608,Pee-wee's Big Adventure (1985),Adventure|Comedy,288,0.7257,3.3299,0.3864,0.556,0.4882,0.6239,1056,1559,1044,515
2124,"Addams Family, The (1991)",Children|Comedy|Fantasy,411,0.8139,3.191,0.2982,0.556,0.4529,0.6592,1056,1711,900,811
208,Waterworld (1995),Action|Adventure|Sci-Fi,1358,0.9755,2.8439,0.1359,0.5557,0.3878,0.7236,1057,1966,656,1310
44761,Brick (2005),Crime|Drama|Film-Noir|Mystery,95,0.3311,3.8211,0.78,0.5556,0.6453,0.4658,1058,958,1646,688
2002,Lethal Weapon 3 (1992),Action|Comedy|Crime|Drama,427,0.8236,3.1733,0.2875,0.5556,0.4483,0.6628,1058,1726,886,840
3007,American Movie (1999),Documentary,93,0.322,3.8333,0.7888,0.5554,0.6487,0.4621,1059,943,1665,722
1964,Klute (1971),Drama|Mystery,111,0.3955,3.7477,0.715,0.5552,0.6191,0.4913,1060,1062,1553,493
40583,Syriana (2005),Drama|Thriller,143,0.4918,3.6329,0.6183,0.5551,0.5804,0.5298,1061,1201,1403,342
4322,Eight Men Out (1988),Drama,92,0.3176,3.837,0.7922,0.5549,0.6498,0.46,1062,938,1676,738
1347,"Nightmare on Elm Street, A (1984)",Horror|Thriller,380,0.7925,3.2224,0.3173,0.5549,0.4599,0.65,1062,1678,938,740
5319,Nine Queens (Nueve reinas) (2000),Crime|Thriller,69,0.1748,4.0435,0.9347,0.5548,0.7067,0.4028,1063,702,1910,1208
8973,Bad Education (La mala educación) (2004),Drama|Thriller,84,0.2768,3.881,0.8327,0.5548,0.6659,0.4436,1063,864,1745,881
5014,I Am Sam (2001),Drama,146,0.4981,3.6233,0.6111,0.5546,0.5772,0.532,1064,1211,1393,329
2881,Double Jeopardy (1999),Action|Crime|Drama|Thriller,359,0.78,3.2354,0.3293,0.5546,0.4645,0.6448,1064,1662,958,704
3717,Gone in 60 Seconds (2000),Action|Crime,490,0.8497,3.1204,0.2596,0.5546,0.4366,0.6726,1064,1775,851,924
3548,Auntie Mame (1958),Comedy|Drama,77,0.2338,3.9416,0.8748,0.5543,0.6825,0.4261,1065,802,1818,1016
3461,Lord of the Flies (1963),Adventure|Drama|Thriller,119,0.4222,3.7143,0.6864,0.5543,0.6072,0.5014,1065,1109,1514,449
8984,Ocean's Twelve (2004),Action|Comedy|Crime|Thriller,315,0.7486,3.2921,0.3597,0.5541,0.4764,0.6319,1066,1616,1002,614
104841,Gravity (2013),Action|Sci-Fi|IMAX,123,0.4341,3.6992,0.6729,0.5535,0.6013,0.5057,1067,1129,1501,434
81562,127 Hours (2010),Adventure|Drama|Thriller,129,0.4526,3.6783,0.6544,0.5535,0.5939,0.5132,1067,1155,1472,405
1479,"Saint, The (1997)",Action|Romance|Sci-Fi|Thriller,437,0.8289,3.1556,0.2778,0.5534,0.4431,0.6636,1068,1751,884,867
5812,Far from Heaven (2002),Drama|Romance,108,0.3845,3.7546,0.7219,0.5532,0.6207,0.4857,1069,1058,1570,512
1049,"Ghost and the Darkness, The (1996)",Action|Adventure,257,0.6915,3.3716,0.4149,0.5532,0.4979,0.6085,1069,1520,1112,451
2989,For Your Eyes Only (1981),Action|Adventure|Thriller,210,0.6259,3.4619,0.4802,0.553,0.5239,0.5822,1070,1418,1208,348
1619,Seven Years in Tibet (1997),Adventure|Drama|War,248,0.6802,3.3851,0.4259,0.553,0.5022,0.6039,1070,1508,1136,438
7373,Hellboy (2004),Action|Adventure|Fantasy|Horror,252,0.6833,3.381,0.4228,0.553,0.5009,0.6051,1070,1514,1129,444
3624,Shanghai Noon (2000),Action|Adventure|Comedy|Western,374,0.7897,3.2206,0.3161,0.5529,0.4582,0.6476,1071,1687,948,739
53996,Transformers (2007),Action|Sci-Fi|Thriller|IMAX,284,0.7207,3.3275,0.3848,0.5527,0.4856,0.6199,1072,1568,1058,510
1649,"Fast, Cheap & Out of Control (1997)",Documentary,78,0.2423,3.9231,0.8628,0.5526,0.6767,0.4285,1073,829,1808,979
4041,"Officer and a Gentleman, An (1982)",Drama|Romance,184,0.58,3.5245,0.5251,0.5526,0.5416,0.5636,1073,1347,1284,274
2694,Big Daddy (1999),Comedy,466,0.8421,3.1255,0.2624,0.5523,0.4363,0.6682,1074,1776,870,906
1544,"Lost World: Jurassic Park, The (1997)",Action|Adventure|Sci-Fi|Thriller,737,0.9178,2.9695,0.1858,0.5518,0.4054,0.6982,1075,1879,756,1123
2206,Suspicion (1941),Film-Noir|Mystery|Thriller,84,0.2768,3.875,0.8264,0.5516,0.6616,0.4417,1076,883,1755,872
53894,Sicko (2007),Documentary|Drama,96,0.3362,3.8073,0.7668,0.5515,0.6376,0.4653,1077,994,1648,654
3836,Kelly's Heroes (1970),Action|Comedy|War,104,0.3707,3.7692,0.7323,0.5515,0.6238,0.4792,1077,1044,1596,552
1371,Star Trek: The Motion Picture (1979),Adventure|Sci-Fi,504,0.855,3.1071,0.2476,0.5513,0.4298,0.6728,1078,1801,850,951
3512,Return to Me (2000),Drama|Romance,160,0.5333,3.5781,0.5691,0.5512,0.5583,0.544,1079,1282,1356,277
233,Exotica (1994),Drama,178,0.5694,3.5309,0.5311,0.5502,0.5426,0.5579,1080,1343,1302,263
4865,From Hell (2001),Crime|Horror|Mystery|Thriller,233,0.6588,3.4099,0.4416,0.5502,0.5068,0.5937,1080,1492,1175,412
501,Naked (1993),Drama,104,0.3707,3.7644,0.7291,0.5499,0.6216,0.4782,1081,1054,1599,545
1020,Cool Runnings (1993),Comedy,315,0.7486,3.2778,0.3512,0.5499,0.4704,0.6294,1081,1635,1018,617
5152,We Were Soldiers (2002),Action|Drama|War,154,0.5169,3.5942,0.5822,0.5496,0.5626,0.5365,1082,1265,1378,296
2351,"Nights of Cabiria (Notti di Cabiria, Le) (1957)",Drama,66,0.1547,4.0606,0.9438,0.5493,0.7071,0.3915,1083,700,1942,1242
38886,"Squid and the Whale, The (2005)",Comedy|Drama,88,0.2954,3.8466,0.8032,0.5493,0.6508,0.4477,1083,935,1732,797
3005,"Bone Collector, The (1999)",Thriller,313,0.7467,3.278,0.3515,0.5491,0.4701,0.6282,1084,1637,1023,614
48043,"Fountain, The (2006)",Drama|Fantasy|Romance,146,0.4981,3.6096,0.5998,0.549,0.5693,0.5286,1085,1246,1405,320
24,Powder (1995),Drama|Sci-Fi,408,0.8123,3.1679,0.2847,0.5485,0.443,0.654,1086,1752,923,829
2114,"Outsiders, The (1983)",Drama,166,0.5471,3.5542,0.5493,0.5482,0.5486,0.5477,1087,1315,1340,253
58295,"Bank Job, The (2008)",Action|Crime|Thriller,103,0.365,3.767,0.7307,0.5479,0.621,0.4747,1088,1057,1613,556
106782,"Wolf of Wall Street, The (2013)",Comedy|Crime|Drama,109,0.3886,3.7385,0.7072,0.5479,0.6116,0.4841,1088,1094,1579,491
3969,Pay It Forward (2000),Drama,285,0.7222,3.314,0.3735,0.5479,0.4781,0.6176,1088,1608,1067,541
1391,Mars Attacks! (1996),Action|Comedy|Sci-Fi,862,0.9375,2.9031,0.1582,0.5479,0.392,0.7037,1088,1944,739,1205
2600,eXistenZ (1999),Action|Sci-Fi|Thriller,278,0.7147,3.3219,0.3807,0.5477,0.4809,0.6145,1089,1592,1087,505
4037,House of Games (1987),Crime|Film-Noir|Mystery|Thriller,101,0.3559,3.7772,0.7395,0.5477,0.6244,0.471,1090,1042,1623,581
3755,"Perfect Storm, The (2000)",Drama|Thriller,515,0.8606,3.0738,0.2338,0.5472,0.4219,0.6726,1091,1823,852,971
3980,Men of Honor (2000),Drama,161,0.5358,3.5652,0.5571,0.5465,0.5507,0.5422,1092,1305,1359,267
2046,Flight of the Navigator (1986),Adventure|Children|Sci-Fi,233,0.6588,3.397,0.4341,0.5465,0.5015,0.5914,1092,1510,1180,418
56757,Sweeney Todd: The Demon Barber of Fleet Street (2007),Drama|Horror|Musical|Thriller,172,0.5571,3.5378,0.5355,0.5463,0.542,0.5506,1093,1345,1327,252
2750,Radio Days (1987),Comedy|Drama,123,0.4341,3.6829,0.6582,0.5461,0.591,0.5013,1094,1161,1516,422
3090,Matewan (1987),Drama,59,0.0948,4.2627,0.9965,0.5457,0.726,0.3653,1095,622,2047,1425
6291,Lilya 4-Ever (Lilja 4-ever) (2002),Crime|Drama,74,0.2122,3.9459,0.8792,0.5457,0.6791,0.4123,1095,814,1871,1057
6893,"Italian Job, The (1969)",Action|Comedy|Crime,124,0.4382,3.6774,0.6532,0.5457,0.5887,0.5027,1095,1171,1510,415
3801,Anatomy of a Murder (1959),Drama|Mystery,72,0.1955,3.9653,0.8955,0.5455,0.6855,0.4055,1096,787,1898,1111
1913,Picnic at Hanging Rock (1975),Drama|Mystery,97,0.3409,3.7887,0.7502,0.5455,0.6274,0.4637,1097,1031,1659,628
3723,Hamlet (1990),Drama,107,0.3836,3.7383,0.7068,0.5452,0.6099,0.4805,1098,1099,1591,493
18,Four Rooms (1995),Comedy,260,0.6962,3.3423,0.3942,0.5452,0.4848,0.6056,1098,1571,1125,473
3536,Keeping the Faith (2000),Comedy|Drama|Romance,213,0.6309,3.4272,0.4592,0.545,0.5107,0.5794,1099,1476,1219,377
1918,Lethal Weapon 4 (1998),Action|Comedy|Crime|Thriller,402,0.8051,3.1692,0.285,0.545,0.441,0.6491,1099,1758,944,814
2312,Children of a Lesser God (1986),Drama,127,0.4473,3.6614,0.6419,0.5446,0.5835,0.5056,1100,1190,1502,402
2843,"Black Cat, White Cat (Crna macka, beli macor) (1998)",Comedy|Romance,67,0.1626,4.0224,0.9262,0.5444,0.6971,0.3917,1101,742,1940,1198
3745,Titan A.E. (2000),Action|Adventure|Animation|Children|Sci-Fi,274,0.7116,3.3193,0.3773,0.5444,0.4776,0.6113,1101,1609,1105,508
3698,"Running Man, The (1987)",Action|Sci-Fi,333,0.763,3.2327,0.3255,0.5443,0.4567,0.6318,1102,1693,1003,690
7034,Show Me Love (Fucking Åmål) (1998),Drama|Romance,93,0.322,3.8065,0.7662,0.5441,0.6329,0.4553,1103,1010,1703,693
2605,Entrapment (1999),Crime|Thriller,412,0.8145,3.1505,0.2734,0.5439,0.4357,0.6522,1104,1779,931,848
63062,Changeling (2008),Crime|Drama|Mystery,102,0.361,3.7598,0.7266,0.5438,0.6169,0.4707,1105,1075,1624,549
112852,Guardians of the Galaxy (2014),Action|Adventure|Sci-Fi,106,0.3792,3.7406,0.7081,0.5436,0.6094,0.4778,1106,1102,1601,499
788,"Nutty Professor, The (1996)",Comedy|Fantasy|Romance|Sci-Fi,970,0.946,2.8546,0.1412,0.5436,0.3827,0.7046,1106,1980,734,1246
8528,Dodgeball: A True Underdog Story (2004),Comedy,266,0.7034,3.3252,0.3836,0.5435,0.4795,0.6074,1107,1600,1117,493
6242,Ringu (Ring) (1998),Horror|Mystery|Thriller,132,0.4636,3.6364,0.623,0.5433,0.5752,0.5114,1108,1219,1479,371
91542,Sherlock Holmes: A Game of Shadows (2011),Action|Adventure|Comedy|Crime|Mystery|Thriller,112,0.3992,3.7143,0.6864,0.5428,0.6003,0.4854,1109,1132,1574,465
237,Forget Paris (1995),Comedy|Romance,322,0.7552,3.2376,0.3299,0.5425,0.4575,0.6276,1110,1691,1026,665
2932,Days of Heaven (1978),Drama,67,0.1626,4.0149,0.9218,0.5422,0.6941,0.3904,1111,758,1945,1187
1241,Dead Alive (Braindead) (1992),Comedy|Fantasy|Horror,131,0.4589,3.6374,0.6243,0.5416,0.5747,0.5085,1112,1222,1491,379
1046,Beautiful Thing (1996),Drama|Romance,63,0.1309,4.0794,0.9523,0.5416,0.7059,0.3773,1113,706,2000,1294
3617,Road Trip (2000),Comedy,358,0.7784,3.2025,0.3045,0.5414,0.4466,0.6362,1114,1733,990,743
1810,Primary Colors (1998),Comedy|Drama,185,0.5829,3.4838,0.4991,0.541,0.5242,0.5577,1115,1417,1304,302
2710,"Blair Witch Project, The (1999)",Drama|Horror|Thriller,1003,0.9498,2.8345,0.1321,0.541,0.3774,0.7045,1115,2006,735,1271
3814,Love and Death (1975),Comedy,73,0.2034,3.9452,0.8782,0.5408,0.6758,0.4058,1116,831,1894,1063
2116,"Lord of the Rings, The (1978)",Adventure|Animation|Children|Fantasy,257,0.6915,3.3366,0.3898,0.5406,0.4803,0.601,1117,1596,1146,479
4734,Jay and Silent Bob Strike Back (2001),Adventure|Comedy,322,0.7552,3.2329,0.3261,0.5406,0.4548,0.6265,1117,1705,1028,677
1594,In the Company of Men (1997),Comedy|Drama,145,0.4959,3.5966,0.5851,0.5405,0.5583,0.5227,1118,1283,1425,307
4025,Miss Congeniality (2000),Comedy|Crime,493,0.8506,3.069,0.2304,0.5405,0.4164,0.6645,1118,1840,882,958
60766,Man on Wire (2008),Documentary,65,0.1478,4.0385,0.9325,0.5402,0.6971,0.3832,1119,743,1972,1229
466,Hot Shots! Part Deux (1993),Action|Comedy|War,662,0.9024,2.9456,0.1777,0.54,0.3951,0.685,1120,1929,802,1127
3788,Blow-Up (Blowup) (1966),Drama|Mystery,89,0.3007,3.8202,0.779,0.5399,0.6355,0.4442,1121,1001,1742,741
1017,Swiss Family Robinson (1960),Adventure|Children,159,0.5308,3.5535,0.549,0.5399,0.5435,0.5362,1121,1339,1379,258
1966,Metropolitan (1990),Comedy,94,0.3271,3.7926,0.752,0.5395,0.6245,0.4546,1122,1041,1705,664
3467,Hud (1963),Drama|Western,75,0.2197,3.9133,0.8588,0.5392,0.667,0.4114,1123,858,1875,1017
5747,Gallipoli (1981),Drama|War,92,0.3176,3.7989,0.7602,0.5389,0.6274,0.4504,1124,1030,1721,691
3798,What Lies Beneath (2000),Drama|Horror|Mystery,307,0.7411,3.2508,0.3368,0.5389,0.4581,0.6198,1124,1688,1059,629
3959,"Time Machine, The (1960)",Action|Adventure|Sci-Fi,141,0.4862,3.6028,0.5913,0.5388,0.5598,0.5177,1125,1274,1446,321
493,Menace II Society (1993),Action|Crime|Drama,163,0.5402,3.5399,0.537,0.5386,0.538,0.5392,1126,1361,1373,247
2770,Bowfinger (1999),Comedy,515,0.8606,3.0427,0.2163,0.5384,0.4096,0.6673,1127,1871,872,999
3077,42 Up (1998),Documentary,60,0.1061,4.1333,0.9705,0.5383,0.7112,0.3654,1128,687,2046,1359
45950,"Inconvenient Truth, An (2006)",Documentary,115,0.4109,3.6913,0.6654,0.5381,0.589,0.4872,1129,1169,1565,436
2245,Working Girl (1988),Comedy|Drama|Romance,232,0.6576,3.3772,0.4181,0.5378,0.4899,0.5857,1130,1553,1197,423
6537,Terminator 3: Rise of the Machines (2003),Action|Adventure|Sci-Fi,404,0.8082,3.1374,0.2671,0.5377,0.4294,0.6459,1131,1803,954,849
48,Pocahontas (1995),Animation|Children|Drama|Musical|Romance,655,0.8999,2.9412,0.1755,0.5377,0.3928,0.6825,1131,1939,812,1127
8340,Escape from Alcatraz (1979),Drama|Thriller,98,0.3456,3.7653,0.7294,0.5375,0.6143,0.4607,1132,1087,1674,587
326,To Live (Huozhe) (1994),Drama,68,0.1692,3.9853,0.9055,0.5374,0.6846,0.3901,1133,790,1946,1156
1202,Withnail & I (1987),Comedy,68,0.1692,3.9853,0.9055,0.5374,0.6846,0.3901,1133,790,1946,1156
47629,"Queen, The (2006)",Drama,96,0.3362,3.776,0.7385,0.5374,0.6178,0.4569,1133,1069,1695,626
5294,Frailty (2001),Crime|Drama|Thriller,138,0.4793,3.6051,0.5954,0.5374,0.5606,0.5141,1133,1271,1467,334
34048,War of the Worlds (2005),Action|Adventure|Sci-Fi|Thriller,305,0.7401,3.2459,0.3346,0.5374,0.4562,0.6185,1134,1698,1063,635
1620,Kiss the Girls (1997),Crime|Drama|Mystery|Thriller,223,0.6441,3.3924,0.4303,0.5372,0.4944,0.5799,1135,1535,1217,400
1876,Deep Impact (1998),Drama|Sci-Fi|Thriller,621,0.8917,2.9557,0.182,0.5369,0.3949,0.6788,1136,1930,823,1107
273,Mary Shelley's Frankenstein (Frankenstein) (1994),Drama|Horror|Sci-Fi,375,0.7903,3.1653,0.2831,0.5367,0.4353,0.6382,1137,1780,984,796
4102,Eddie Murphy Raw (1987),Comedy|Documentary,114,0.4065,3.693,0.6667,0.5366,0.5886,0.4845,1138,1172,1576,438
6281,Phone Booth (2002),Drama|Thriller,244,0.6755,3.3463,0.3958,0.5356,0.4797,0.5916,1139,1599,1179,460
4023,"Family Man, The (2000)",Comedy|Drama|Romance,226,0.6488,3.3805,0.4222,0.5355,0.4901,0.5808,1140,1552,1214,412
2340,Meet Joe Black (1998),Romance,282,0.7178,3.2784,0.3522,0.535,0.4619,0.6081,1141,1671,1114,557
3070,"Adventures of Buckaroo Banzai Across the 8th Dimension, The (1984)",Adventure|Comedy|Sci-Fi,200,0.6089,3.43,0.4608,0.5348,0.5052,0.5645,1142,1500,1277,358
88810,"Help, The (2011)",Drama,76,0.2272,3.8882,0.8421,0.5347,0.6577,0.4117,1143,904,1873,969
3135,"Great Santini, The (1979)",Drama,81,0.2611,3.8519,0.8082,0.5347,0.6441,0.4253,1143,963,1823,860
2779,Heaven Can Wait (1978),Comedy,135,0.4711,3.6074,0.5982,0.5347,0.5601,0.5093,1143,1273,1487,344
107,Muppet Treasure Island (1996),Adventure|Children|Comedy|Musical,300,0.7354,3.2433,0.334,0.5347,0.4544,0.615,1143,1707,1081,626
6662,"Pink Panther, The (1963)",Comedy|Crime,132,0.4636,3.6174,0.6055,0.5345,0.5629,0.5062,1144,1264,1500,356
257,Just Cause (1995),Mystery|Thriller,186,0.5844,3.4677,0.4846,0.5345,0.5146,0.5545,1144,1459,1314,315
27660,"Animatrix, The (2003)",Action|Animation|Drama|Sci-Fi,130,0.4561,3.6269,0.613,0.5345,0.5659,0.5031,1145,1256,1508,363
3706,Angel Heart (1987),Film-Noir|Horror|Mystery|Thriller,142,0.489,3.5915,0.5797,0.5344,0.5525,0.5162,1146,1301,1458,312
7013,"Night of the Hunter, The (1955)",Drama|Film-Noir|Thriller,63,0.1309,4.0476,0.9366,0.5337,0.6949,0.3726,1147,755,2014,1259
6754,Underworld (2003),Action|Fantasy|Horror,211,0.6277,3.4028,0.4385,0.5331,0.4953,0.571,1148,1533,1249,385
8783,"Village, The (2004)",Drama|Mystery|Thriller,230,0.6547,3.3652,0.4115,0.5331,0.4845,0.5818,1149,1575,1211,426
724,"Craft, The (1996)",Drama|Fantasy|Horror|Thriller,434,0.8267,3.0853,0.2395,0.5331,0.4157,0.6506,1149,1845,935,910
88163,"Crazy, Stupid, Love. (2011)",Comedy|Drama|Romance,84,0.2768,3.8333,0.7888,0.5328,0.6352,0.4304,1150,1004,1800,796
3783,Croupier (1998),Crime|Drama,97,0.3409,3.7577,0.7247,0.5328,0.6096,0.456,1150,1101,1699,598
1542,Brassed Off (1996),Comedy|Drama|Romance,121,0.4284,3.6529,0.6372,0.5328,0.5745,0.4911,1150,1224,1555,405
1701,Deconstructing Harry (1997),Comedy|Drama,159,0.5308,3.5346,0.5339,0.5323,0.533,0.5317,1151,1376,1397,246
4446,Final Fantasy: The Spirits Within (2001),Adventure|Animation|Fantasy|Sci-Fi,317,0.7514,3.2177,0.3132,0.5323,0.4447,0.62,1151,1742,1057,685
158,Casper (1995),Adventure|Children,590,0.8814,2.9568,0.1824,0.5319,0.3921,0.6717,1152,1943,858,1085
481,Kalifornia (1993),Drama|Thriller,277,0.7134,3.2762,0.35,0.5317,0.459,0.6044,1153,1682,1132,550
381,When a Man Loves a Woman (1994),Drama|Romance,235,0.6626,3.3511,0.4005,0.5315,0.4791,0.584,1154,1602,1203,448
34437,Broken Flowers (2005),Comedy|Drama,126,0.4454,3.631,0.6168,0.5311,0.5653,0.4968,1155,1258,1532,377
1066,Shall We Dance (1937),Comedy|Musical|Romance,88,0.2954,3.8068,0.7665,0.5309,0.6251,0.4367,1156,1037,1780,743
1754,Fallen (1998),Crime|Drama|Fantasy|Thriller,189,0.5904,3.4444,0.4699,0.5301,0.506,0.5542,1157,1497,1315,340
2670,Run Silent Run Deep (1958),War,63,0.1309,4.0317,0.9291,0.53,0.6896,0.3703,1158,767,2024,1257
4299,"Knight's Tale, A (2001)",Action|Comedy|Romance,264,0.7012,3.2917,0.3588,0.53,0.4615,0.5985,1158,1673,1155,518
2433,"Civil Action, A (1998)",Drama,206,0.6199,3.4053,0.4397,0.5298,0.4938,0.5659,1159,1537,1271,378
6003,Confessions of a Dangerous Mind (2002),Comedy|Crime|Drama|Thriller,152,0.5119,3.5493,0.5461,0.529,0.5359,0.5222,1160,1366,1427,267
3384,"Taking of Pelham One Two Three, The (1974)",Action|Crime,79,0.2495,3.8481,0.8051,0.5273,0.6384,0.4162,1161,990,1862,872
3639,"Man with the Golden Gun, The (1974)",Action|Adventure|Thriller,204,0.6152,3.4044,0.4388,0.527,0.4917,0.5623,1162,1549,1288,387
1587,Conan the Barbarian (1982),Action|Adventure|Fantasy,338,0.7646,3.176,0.2894,0.527,0.432,0.622,1162,1791,1050,741
1951,Oliver! (1968),Drama|Musical,112,0.3992,3.6786,0.6547,0.527,0.5781,0.4759,1163,1207,1609,446
77658,Cosmos (1980),Documentary,55,0.0549,4.3273,0.9984,0.5267,0.7154,0.338,1164,669,2149,1480
383,Wyatt Earp (1994),Western,251,0.683,3.3088,0.3701,0.5265,0.4639,0.5891,1165,1666,1186,501
4701,Rush Hour 2 (2001),Action|Comedy,265,0.7028,3.2755,0.3497,0.5262,0.4556,0.5968,1166,1701,1162,539
1690,Alien: Resurrection (1997),Action|Horror|Sci-Fi,566,0.8732,2.9479,0.1783,0.5257,0.3868,0.6647,1167,1971,881,1090
65261,Ponyo (Gake no ue no Ponyo) (2008),Adventure|Animation|Children|Fantasy,78,0.2423,3.8526,0.8089,0.5256,0.6389,0.4123,1168,987,1870,883
80906,Inside Job (2010),Documentary,63,0.1309,4.0079,0.9184,0.5246,0.6821,0.3671,1169,803,2038,1235
85,Angels and Insects (1995),Drama|Romance,141,0.4862,3.5709,0.5631,0.5246,0.54,0.5093,1169,1352,1487,318
4148,Hannibal (2001),Horror|Thriller,372,0.7888,3.1223,0.2602,0.5245,0.4188,0.6302,1170,1834,1013,821
5872,Die Another Day (2002),Action|Adventure|Thriller,284,0.7207,3.2342,0.3277,0.5242,0.4456,0.6028,1171,1739,1142,597
34319,"Island, The (2005)",Action|Sci-Fi|Thriller,212,0.6293,3.3774,0.4184,0.5239,0.4817,0.566,1172,1587,1270,415
4008,Born on the Fourth of July (1989),Drama|War,208,0.6234,3.3822,0.4237,0.5235,0.4836,0.5635,1173,1578,1285,405
6957,Bad Santa (2003),Comedy|Crime,195,0.6008,3.4128,0.4457,0.5232,0.4922,0.5542,1174,1546,1315,372
2641,Superman II (1980),Action|Sci-Fi,419,0.8192,3.0632,0.2272,0.5232,0.4048,0.6416,1174,1881,970,911
1385,Under Siege (1992),Action|Drama|Thriller,321,0.7549,3.1791,0.2913,0.5231,0.4304,0.6158,1175,1799,1076,723
31696,Constantine (2005),Action|Fantasy|Horror|Thriller,210,0.6259,3.3786,0.42,0.5229,0.4817,0.5641,1176,1586,1279,410
2527,Westworld (1973),Action|Sci-Fi|Thriller|Western,207,0.6221,3.3816,0.4231,0.5226,0.4828,0.5624,1177,1582,1287,405
4029,State and Main (2000),Comedy|Drama,161,0.5358,3.4969,0.5091,0.5224,0.5171,0.5278,1178,1444,1411,266
26776,Porco Rosso (Crimson Pig) (Kurenai no buta) (1992),Adventure|Animation|Comedy|Fantasy|Romance,102,0.361,3.7108,0.6833,0.5221,0.5866,0.4577,1179,1180,1688,509
62849,RocknRolla (2008),Action|Crime,86,0.2869,3.7965,0.7571,0.522,0.616,0.4279,1180,1078,1812,734
986,Fly Away Home (1996),Adventure|Children,140,0.4837,3.5679,0.5603,0.522,0.5373,0.5067,1180,1364,1497,317
229,Death and the Maiden (1994),Drama|Thriller,117,0.4153,3.641,0.6277,0.5215,0.564,0.479,1181,1261,1597,416
1013,"Parent Trap, The (1961)",Children|Comedy|Romance,223,0.6441,3.3498,0.3989,0.5215,0.4725,0.5705,1182,1627,1252,445
3952,"Contender, The (2000)",Drama|Thriller,121,0.4284,3.6281,0.6142,0.5213,0.5585,0.4842,1183,1280,1578,395
3871,Shane (1953),Drama|Western,91,0.3136,3.7637,0.7285,0.521,0.604,0.438,1184,1113,1773,660
45728,Clerks II (2006),Comedy,132,0.4636,3.5909,0.5785,0.521,0.544,0.4981,1184,1335,1528,344
1892,"Perfect Murder, A (1998)",Thriller,226,0.6488,3.3407,0.393,0.5209,0.4697,0.572,1185,1640,1245,455
48304,Apocalypto (2006),Adventure|Drama|Thriller,134,0.4683,3.5821,0.5722,0.5202,0.541,0.4995,1186,1349,1521,335
3977,Charlie's Angels (2000),Action|Comedy,790,0.9266,2.7728,0.1139,0.5202,0.3577,0.6828,1186,2081,809,1272
2054,"Honey, I Shrunk the Kids (1989)",Adventure|Children|Comedy|Fantasy|Sci-Fi,858,0.9363,2.7395,0.1039,0.5201,0.3536,0.6866,1187,2096,794,1302
4329,Rio Bravo (1959),Western,72,0.1955,3.8889,0.8424,0.519,0.6484,0.3896,1188,946,1949,1003
5459,Men in Black II (a.k.a. MIIB) (a.k.a. MIB 2) (2002),Action|Comedy|Sci-Fi,480,0.8465,2.9781,0.1908,0.5187,0.3875,0.6498,1189,1968,939,1029
196,Species (1995),Horror|Sci-Fi,695,0.9083,2.8245,0.1281,0.5182,0.3621,0.6743,1190,2065,841,1224
8966,Kinsey (2004),Drama,101,0.3559,3.7079,0.6802,0.518,0.5829,0.4532,1191,1194,1710,519
6297,Holes (2003),Adventure|Children|Comedy|Mystery,138,0.4793,3.5616,0.5549,0.5171,0.5322,0.502,1192,1380,1512,320
3763,F/X (1986),Action|Crime|Thriller,152,0.5119,3.5197,0.5223,0.5171,0.5192,0.515,1192,1435,1463,271
3155,Anna and the King (1999),Drama|Romance,182,0.5766,3.4258,0.4576,0.5171,0.4933,0.5409,1192,1540,1365,348
56339,"Orphanage, The (Orfanato, El) (2007)",Drama|Horror|Mystery|Thriller,92,0.3176,3.75,0.7163,0.5169,0.5967,0.4372,1193,1146,1777,631
2803,"Pelican Brief, The (1993)",Crime|Drama|Mystery|Romance|Thriller,256,0.6893,3.2676,0.3446,0.5169,0.448,0.5859,1193,1727,1196,534
1268,Pump Up the Volume (1990),Comedy|Drama,174,0.5609,3.4483,0.4724,0.5166,0.4989,0.5343,1194,1518,1386,324
7158,House of Sand and Fog (2003),Drama,113,0.4024,3.6416,0.629,0.5157,0.561,0.4704,1195,1270,1625,430
63131,Role Models (2008),Comedy,88,0.2954,3.7727,0.7357,0.5155,0.6036,0.4275,1196,1117,1813,696
45720,"Devil Wears Prada, The (2006)",Comedy|Drama,170,0.5546,3.4559,0.4761,0.5154,0.4997,0.5311,1197,1517,1400,320
420,Beverly Hills Cop III (1994),Action|Comedy|Crime|Thriller,715,0.9143,2.7832,0.1164,0.5154,0.3558,0.675,1197,2090,839,1251
2866,"Buddy Holly Story, The (1978)",Drama,90,0.3076,3.7556,0.7228,0.5152,0.5983,0.4322,1198,1138,1793,655
93840,"Cabin in the Woods, The (2012)",Comedy|Horror|Sci-Fi|Thriller,90,0.3076,3.7556,0.7228,0.5152,0.5983,0.4322,1198,1138,1793,655
5481,Austin Powers in Goldmember (2002),Comedy,424,0.8223,3.0165,0.2081,0.5152,0.3924,0.6381,1198,1941,985,956
26,Othello (1995),Drama,117,0.4153,3.6282,0.6146,0.5149,0.5548,0.475,1199,1294,1610,411
1367,101 Dalmatians (1996),Adventure|Children|Comedy,417,0.8176,3.0288,0.2119,0.5148,0.3936,0.6359,1200,1936,992,944
944,Lost Horizon (1937),Drama,66,0.1547,3.9394,0.8738,0.5143,0.6581,0.3705,1201,900,2023,1123
2699,Arachnophobia (1990),Comedy|Horror,675,0.9052,2.8037,0.1224,0.5138,0.3573,0.6704,1202,2083,863,1220
4344,Swordfish (2001),Action|Crime|Drama,318,0.7527,3.1525,0.275,0.5138,0.4183,0.6094,1203,1837,1109,728
2581,Never Been Kissed (1999),Comedy|Romance,337,0.7637,3.1276,0.2637,0.5137,0.4137,0.6137,1204,1852,1092,760
19,Ace Ventura: When Nature Calls (1995),Comedy,1045,0.9548,2.5895,0.0725,0.5137,0.3372,0.6901,1204,2166,780,1386
1566,Hercules (1997),Adventure|Animation|Children|Comedy|Musical,242,0.6733,3.281,0.3537,0.5135,0.4496,0.5774,1205,1722,1227,517
3863,"Cell, The (2000)",Drama|Horror|Thriller,432,0.8258,3.0023,0.2012,0.5135,0.3886,0.6384,1205,1961,983,978
907,"Gay Divorcee, The (1934)",Comedy|Musical|Romance,55,0.0549,4.1364,0.9714,0.5132,0.6965,0.3299,1206,746,2185,1439
6001,"King of Comedy, The (1983)",Comedy|Drama,78,0.2423,3.8269,0.7841,0.5132,0.6215,0.4048,1206,1056,1902,846
4970,"Blue Angel, The (Blaue Engel, Der) (1930)",Drama,58,0.0873,4.0517,0.9385,0.5129,0.6831,0.3426,1207,799,2132,1333
79,"Juror, The (1996)",Drama|Thriller,281,0.7163,3.2117,0.3082,0.5122,0.4306,0.5938,1208,1795,1174,621
186,Nine Months (1995),Comedy|Romance,549,0.8682,2.8998,0.1563,0.5122,0.3699,0.6546,1208,2034,920,1114
2826,"13th Warrior, The (1999)",Action|Adventure|Fantasy,356,0.7775,3.1053,0.2467,0.5121,0.4059,0.6182,1209,1876,1064,812
665,Underground (1995),Comedy|Drama|War,56,0.0675,4.0893,0.9564,0.5119,0.6897,0.3341,1210,765,2164,1399
2390,Little Voice (1998),Comedy,114,0.4065,3.6316,0.6171,0.5118,0.5539,0.4696,1211,1296,1627,416
1173,"Cook the Thief His Wife & Her Lover, The (1989)",Comedy|Drama,165,0.5439,3.4606,0.4796,0.5118,0.4989,0.5246,1211,1519,1420,308
861,Supercop (Police Story 3: Supercop) (Jing cha gu shi III: Chao ji jing cha) (1992),Action|Comedy|Crime|Thriller,120,0.4244,3.6083,0.5989,0.5116,0.5465,0.4767,1212,1323,1606,394
315,"Specialist, The (1994)",Action|Drama|Thriller,562,0.8716,2.8879,0.1516,0.5116,0.3676,0.6556,1212,2042,913,1129
3993,Quills (2000),Drama|Romance,133,0.4661,3.5639,0.5568,0.5115,0.5296,0.4933,1213,1388,1539,326
5810,8 Mile (2002),Drama,256,0.6893,3.2422,0.3336,0.5115,0.4403,0.5826,1213,1761,1207,554
111362,X-Men: Days of Future Past (2014),Action|Adventure|Sci-Fi,73,0.2034,3.863,0.8176,0.5105,0.6334,0.3877,1214,1008,1956,948
3844,Steel Magnolias (1989),Drama,150,0.5091,3.5,0.5107,0.5099,0.5102,0.5096,1215,1480,1484,269
4211,Reversal of Fortune (1990),Drama,63,0.1309,3.9524,0.8883,0.5096,0.661,0.3581,1216,886,2078,1192
27846,"Corporation, The (2003)",Documentary,76,0.2272,3.8355,0.7919,0.5096,0.6225,0.3966,1216,1051,1930,879
2405,"Jewel of the Nile, The (1985)",Action|Adventure|Comedy|Romance,317,0.7514,3.1388,0.2677,0.5096,0.4128,0.6063,1217,1855,1123,732
3699,Starman (1984),Adventure|Drama|Romance|Sci-Fi,195,0.6008,3.3769,0.4175,0.5091,0.4724,0.5458,1218,1628,1346,410
2478,¡Three Amigos! (1986),Comedy|Western,316,0.7502,3.1392,0.268,0.5091,0.4127,0.6055,1218,1856,1126,730
1365,Ridicule (1996),Drama,64,0.1387,3.9453,0.8785,0.5086,0.6566,0.3607,1219,909,2064,1155
3203,Dead Calm (1989),Thriller,142,0.489,3.5282,0.5282,0.5086,0.5165,0.5008,1219,1450,1517,298
1801,"Man in the Iron Mask, The (1998)",Action|Adventure|Drama,314,0.7473,3.1417,0.269,0.5082,0.4125,0.6038,1220,1857,1137,720
303,"Quick and the Dead, The (1995)",Action|Thriller|Western,350,0.7718,3.1,0.2445,0.5082,0.4027,0.6136,1220,1892,1093,799
6187,"Life of David Gale, The (2003)",Crime|Drama|Thriller,106,0.3792,3.6509,0.6365,0.5078,0.5593,0.4564,1221,1277,1698,477
4117,Hope and Glory (1987),Drama,73,0.2034,3.8562,0.812,0.5077,0.6294,0.386,1222,1022,1963,941
1232,Stalker (1979),Drama|Mystery|Sci-Fi,75,0.2197,3.84,0.7957,0.5077,0.6229,0.3925,1222,1048,1937,889
485,Last Action Hero (1993),Action|Adventure|Comedy|Fantasy,632,0.8945,2.7967,0.1202,0.5074,0.3525,0.6622,1223,2103,889,1214
3200,"Last Detail, The (1973)",Comedy|Drama,67,0.1626,3.903,0.8515,0.5071,0.6449,0.3693,1224,961,2028,1067
1031,Bedknobs and Broomsticks (1971),Adventure|Children|Musical,201,0.6105,3.3557,0.4033,0.5069,0.4655,0.5483,1225,1657,1337,432
3061,Holiday Inn (1942),Comedy|Musical,91,0.3136,3.7308,0.6999,0.5067,0.584,0.4295,1226,1189,1806,617
2764,"Thomas Crown Affair, The (1968)",Crime|Drama|Romance|Thriller,139,0.4812,3.5324,0.5323,0.5067,0.517,0.4965,1226,1446,1534,308
27803,"Sea Inside, The (Mar adentro) (2004)",Drama,55,0.0549,4.0909,0.9576,0.5063,0.6868,0.3257,1227,783,2199,1416
784,"Cable Guy, The (1996)",Comedy|Thriller,764,0.9218,2.6872,0.0907,0.5063,0.3401,0.6725,1227,2153,853,1300
106487,"Hunger Games: Catching Fire, The (2013)",Action|Adventure|Sci-Fi|IMAX,94,0.3271,3.7128,0.6852,0.5061,0.5777,0.4345,1228,1208,1786,578
2071,And the Band Played On (1993),Drama,77,0.2338,3.8182,0.7775,0.5056,0.6144,0.3969,1229,1084,1928,844
71033,"Secret in Their Eyes, The (El secreto de sus ojos) (2009)",Crime|Drama|Mystery|Romance|Thriller,65,0.1478,3.9231,0.8628,0.5053,0.6483,0.3623,1230,947,2056,1109
5292,Slap Shot (1977),Comedy,97,0.3409,3.6959,0.6698,0.5053,0.5711,0.4395,1230,1235,1767,537
1405,Beavis and Butt-Head Do America (1996),Adventure|Animation|Comedy|Crime,425,0.823,2.9706,0.1871,0.505,0.3778,0.6322,1231,2001,1001,1000
4047,Gettysburg (1993),Drama|War,62,0.1227,3.9516,0.887,0.5049,0.6577,0.352,1232,903,2103,1200
5120,Sleuth (1972),Comedy|Mystery|Thriller,55,0.0549,4.0818,0.9545,0.5047,0.6846,0.3248,1233,791,2202,1411
97913,Wreck-It Ralph (2012),Animation|Comedy,61,0.1161,3.959,0.893,0.5046,0.6599,0.3492,1234,893,2116,1223
27706,Lemony Snicket's A Series of Unfortunate Events (2004),Adventure|Children|Comedy|Fantasy,191,0.5935,3.3717,0.4153,0.5044,0.4687,0.5401,1235,1645,1369,410
80549,Easy A (2010),Comedy|Romance,79,0.2495,3.7975,0.7589,0.5042,0.6061,0.4024,1236,1111,1914,803
3310,"Kid, The (1921)",Comedy|Drama,65,0.1478,3.9154,0.8603,0.5041,0.6466,0.3616,1237,953,2058,1105
3503,Solaris (Solyaris) (1972),Drama|Mystery|Sci-Fi,105,0.3754,3.6476,0.6321,0.5038,0.5551,0.4524,1238,1293,1717,479
80489,"Town, The (2010)",Crime|Drama|Thriller,105,0.3754,3.6476,0.6321,0.5038,0.5551,0.4524,1238,1293,1717,479
41571,Memoirs of a Geisha (2005),Drama|Romance,109,0.3886,3.633,0.619,0.5038,0.5498,0.4577,1238,1309,1687,449
204,Under Siege 2: Dark Territory (1995),Action,411,0.8139,2.983,0.1937,0.5038,0.3797,0.6278,1239,1993,1024,969
4378,Sexy Beast (2000),Comedy|Crime|Drama,112,0.3992,3.6205,0.608,0.5036,0.5454,0.4619,1240,1331,1668,428
2723,Mystery Men (1999),Action|Comedy|Fantasy,408,0.8123,2.9841,0.1949,0.5036,0.3801,0.6271,1240,1990,1027,963
6936,Elf (2003),Children|Comedy|Fantasy,226,0.6488,3.2876,0.3572,0.503,0.4447,0.5613,1241,1743,1291,502
2431,Patch Adams (1998),Comedy|Drama,323,0.7561,3.1099,0.2495,0.5028,0.4015,0.6041,1242,1896,1134,762
52885,Paprika (Papurika) (2006),Animation|Mystery|Sci-Fi,71,0.1899,3.8592,0.8145,0.5022,0.6271,0.3773,1243,1032,2001,969
1409,Michael (1996),Comedy|Drama|Fantasy|Romance,310,0.7439,3.1226,0.2605,0.5022,0.4055,0.5989,1243,1878,1153,725
159,Clockers (1995),Crime|Drama|Mystery,130,0.4561,3.55,0.5471,0.5016,0.5198,0.4834,1244,1431,1581,337
2618,"Castle, The (1997)",Comedy,63,0.1309,3.9365,0.8719,0.5014,0.6496,0.3532,1245,939,2100,1161
6618,Shaolin Soccer (Siu lam juk kau) (2001),Action|Comedy,123,0.4341,3.5772,0.5684,0.5013,0.5281,0.4744,1246,1398,1616,370
4902,"Devil's Backbone, The (Espinazo del diablo, El) (2001)",Drama|Fantasy|Horror|Thriller|War,65,0.1478,3.9077,0.8544,0.5011,0.6424,0.3598,1247,972,2069,1097
4424,"Garden of the Finzi-Continis, The (Giardino dei Finzi-Contini, Il) (1970)",Drama,65,0.1478,3.9077,0.8544,0.5011,0.6424,0.3598,1247,972,2069,1097
2409,Rocky II (1979),Action|Drama,272,0.7087,3.182,0.2935,0.5011,0.418,0.5841,1247,1838,1202,636
7076,Bullitt (1968),Action|Crime|Drama|Thriller,94,0.3271,3.7021,0.6748,0.5009,0.5705,0.4314,1248,1239,1797,558
432,City Slickers II: The Legend of Curly's Gold (1994),Adventure|Comedy|Western,620,0.8905,2.7629,0.1111,0.5008,0.3449,0.6567,1249,2132,909,1223
4351,Point Break (1991),Action|Crime|Thriller,197,0.6039,3.3477,0.397,0.5005,0.4591,0.5418,1250,1680,1361,430
56788,Charlie Wilson's War (2007),Comedy|Drama|War,111,0.3955,3.6171,0.6051,0.5003,0.5422,0.4584,1251,1344,1683,432
61132,Tropic Thunder (2008),Action|Adventure|Comedy|War,178,0.5694,3.3933,0.4313,0.5003,0.4727,0.5279,1251,1626,1409,375
3638,Moonraker (1979),Action|Adventure|Sci-Fi|Thriller,252,0.6833,3.2222,0.317,0.5002,0.4269,0.5734,1252,1810,1244,566
6774,Videodrome (1983),Fantasy|Horror|Sci-Fi|Thriller,89,0.3007,3.7303,0.6996,0.5002,0.5799,0.4204,1253,1202,1846,644
4546,"Vanishing, The (Spoorloos) (1988)",Drama|Thriller,59,0.0948,3.9831,0.9036,0.4992,0.661,0.3374,1254,888,2151,1263
5026,"Brotherhood of the Wolf (Pacte des loups, Le) (2001)",Action|Mystery|Thriller,138,0.4793,3.5109,0.5191,0.4992,0.5072,0.4912,1254,1491,1554,300
1033,"Fox and the Hound, The (1981)",Animation|Children|Drama,203,0.6133,3.3276,0.3851,0.4992,0.4536,0.5449,1254,1708,1351,454
2937,"Palm Beach Story, The (1942)",Comedy,52,0.0229,4.1442,0.9739,0.4984,0.6886,0.3082,1255,772,2264,1492
2474,"Color of Money, The (1986)",Drama,162,0.5383,3.4259,0.4579,0.4981,0.482,0.5142,1256,1585,1466,329
2717,Ghostbusters II (1989),Comedy|Fantasy|Sci-Fi,394,0.8004,2.986,0.1959,0.4981,0.3772,0.619,1256,2007,1062,945
33880,Me and You and Everyone We Know (2005),Comedy|Drama,68,0.1692,3.875,0.8264,0.4978,0.6293,0.3664,1257,1023,2043,1020
1290,Some Kind of Wonderful (1987),Drama|Romance,131,0.4589,3.5382,0.5358,0.4973,0.5127,0.482,1258,1470,1585,327
613,Jane Eyre (1996),Drama|Romance,123,0.4341,3.5691,0.5606,0.4973,0.5226,0.472,1259,1423,1619,360
3250,Alive (1993),Drama,115,0.4109,3.5957,0.5835,0.4972,0.5317,0.4626,1260,1381,1662,402
289,Only You (1994),Comedy|Romance,181,0.5747,3.3785,0.4196,0.4972,0.4662,0.5282,1260,1651,1408,391
490,Malice (1993),Thriller,165,0.5439,3.4182,0.4501,0.497,0.4782,0.5158,1261,1606,1460,345
5528,One Hour Photo (2002),Drama|Thriller,216,0.6378,3.2847,0.3559,0.4969,0.4405,0.5532,1262,1760,1321,498
160,Congo (1995),Action|Adventure|Mystery|Sci-Fi,766,0.9225,2.5842,0.0712,0.4969,0.3266,0.6671,1262,2204,873,1331
3752,"Me, Myself & Irene (2000)",Adventure|Comedy,415,0.8164,2.9446,0.177,0.4967,0.3688,0.6246,1263,2037,1040,997
1835,City of Angels (1998),Drama|Fantasy|Romance,245,0.677,3.2204,0.3158,0.4964,0.4241,0.5686,1264,1817,1260,557
2672,"Thirteenth Floor, The (1999)",Drama|Sci-Fi|Thriller,213,0.6309,3.2958,0.3613,0.4961,0.4422,0.55,1265,1756,1329,491
2070,Tender Mercies (1983),Drama|Romance|Western,72,0.1955,3.8403,0.7963,0.4959,0.6161,0.3758,1266,1077,2006,929
6791,Babette's Feast (Babettes gæstebud) (1987),Drama,60,0.1061,3.95,0.8845,0.4953,0.651,0.3396,1267,934,2144,1210
1611,My Own Private Idaho (1991),Drama|Romance,140,0.4837,3.4929,0.5066,0.4951,0.4997,0.4906,1268,1516,1557,289
3633,On Her Majesty's Secret Service (1969),Action|Adventure|Romance|Thriller,142,0.489,3.4859,0.5006,0.4948,0.4971,0.4925,1269,1524,1547,278
2622,William Shakespeare's A Midsummer Night's Dream (1999),Comedy|Fantasy,176,0.565,3.3835,0.4247,0.4948,0.4668,0.5229,1269,1649,1424,380
2311,2010: The Year We Make Contact (1984),Sci-Fi,206,0.6199,3.3058,0.3688,0.4944,0.4441,0.5446,1270,1744,1352,474
88744,Rise of the Planet of the Apes (2011),Action|Drama|Sci-Fi|Thriller,103,0.365,3.6359,0.6227,0.4939,0.5454,0.4423,1271,1329,1750,479
173,Judge Dredd (1995),Action|Crime|Sci-Fi,760,0.9215,2.5632,0.0662,0.4939,0.3228,0.6649,1271,2227,880,1347
33615,Madagascar (2005),Adventure|Animation|Children|Comedy,196,0.6017,3.3291,0.3854,0.4936,0.4503,0.5368,1272,1719,1377,447
748,"Arrival, The (1996)",Action|Sci-Fi|Thriller,262,0.6977,3.1737,0.2878,0.4928,0.4108,0.5748,1273,1865,1236,629
2496,Blast from the Past (1999),Comedy|Romance,191,0.5935,3.3377,0.3911,0.4923,0.4518,0.5328,1274,1717,1390,443
2724,Runaway Bride (1999),Comedy|Romance,420,0.8198,2.9167,0.1645,0.4922,0.3611,0.6232,1275,2068,1047,1021
2094,"Rocketeer, The (1991)",Action|Adventure|Sci-Fi,337,0.7637,3.049,0.2207,0.4922,0.3836,0.6008,1276,1975,1148,827
2463,Ruthless People (1986),Comedy,163,0.5402,3.411,0.4438,0.492,0.4727,0.5113,1277,1625,1481,348
4310,Pearl Harbor (2001),Action|Drama|Romance|War,402,0.8051,2.949,0.1786,0.4918,0.3665,0.6171,1278,2046,1069,977
26131,"Battle of Algiers, The (La battaglia di Algeri) (1966)",Drama|War,58,0.0873,3.9655,0.8961,0.4917,0.6535,0.3299,1279,923,2184,1261
56152,Enchanted (2007),Adventure|Animation|Children|Comedy|Fantasy|Musical|Romance,111,0.3955,3.5991,0.5876,0.4915,0.5299,0.4531,1280,1386,1712,432
830,"First Wives Club, The (1996)",Comedy,329,0.7611,3.0502,0.2216,0.4914,0.3835,0.5993,1281,1976,1152,824
719,Multiplicity (1996),Comedy,407,0.811,2.9337,0.1714,0.4912,0.3633,0.6191,1282,2062,1061,1001
8366,Saved! (2004),Comedy|Drama,114,0.4065,3.5877,0.5756,0.4911,0.5249,0.4572,1283,1412,1693,410
1614,In & Out (1997),Comedy,234,0.6616,3.2265,0.3205,0.4911,0.4228,0.5593,1283,1819,1297,536
2090,"Rescuers, The (1977)",Adventure|Animation|Children|Crime|Drama,141,0.4862,3.4787,0.4956,0.4909,0.4928,0.489,1284,1542,1559,275
2133,Adventures in Babysitting (1987),Adventure|Comedy,247,0.6783,3.2004,0.3029,0.4906,0.4155,0.5657,1285,1846,1272,574
53519,Death Proof (2007),Action|Adventure|Crime|Horror|Thriller,112,0.3992,3.5937,0.5816,0.4904,0.5269,0.454,1286,1404,1708,422
371,"Paper, The (1994)",Comedy|Drama,215,0.6356,3.2674,0.3443,0.49,0.4317,0.5482,1287,1792,1338,505
44974,Hard Candy (2005),Drama|Thriller,84,0.2768,3.7321,0.7021,0.4895,0.5745,0.4044,1288,1224,1907,683
4270,"Mummy Returns, The (2001)",Action|Adventure|Comedy|Thriller,385,0.795,2.9597,0.1833,0.4892,0.3668,0.6115,1289,2045,1103,942
4978,Lantana (2001),Drama|Mystery|Thriller,61,0.1161,3.918,0.8619,0.489,0.6382,0.3399,1290,991,2143,1152
2952,Sydney (Hard Eight) (1996),Crime|Drama|Thriller,74,0.2122,3.8041,0.7659,0.489,0.5997,0.3783,1290,1135,1995,860
91630,Mission: Impossible - Ghost Protocol (2011),Action|Adventure|Thriller|IMAX,88,0.2954,3.7102,0.6824,0.4889,0.5663,0.4115,1291,1255,1874,619
1392,Citizen Ruth (1996),Comedy|Drama,95,0.3311,3.6684,0.6466,0.4889,0.5519,0.4258,1291,1302,1820,529
172,Johnny Mnemonic (1995),Action|Sci-Fi|Thriller,618,0.8901,2.6764,0.0876,0.4889,0.3283,0.6494,1291,2193,941,1252
6286,"Man Without a Past, The (Mies vailla menneisyyttä) (2002)",Comedy|Crime|Drama,59,0.0948,3.9492,0.8823,0.4885,0.646,0.331,1292,954,2181,1227
135,Down Periscope (1996),Comedy,331,0.7621,3.0393,0.215,0.4885,0.3791,0.598,1292,1995,1158,837
3263,White Men Can't Jump (1992),Comedy|Drama,282,0.7178,3.1188,0.2577,0.4878,0.3957,0.5798,1293,1925,1218,707
8542,"Day at the Races, A (1937)",Comedy|Musical,51,0.0107,4.1176,0.9648,0.4878,0.6786,0.2969,1294,816,2320,1504
3409,Final Destination (2000),Drama|Thriller,267,0.7043,3.1442,0.2709,0.4876,0.4009,0.5743,1295,1901,1240,661
7073,"Shot in the Dark, A (1964)",Comedy|Crime|Mystery,62,0.1227,3.9032,0.8522,0.4874,0.6333,0.3416,1296,1009,2136,1127
1711,Midnight in the Garden of Good and Evil (1997),Crime|Drama|Mystery,249,0.6811,3.1827,0.2938,0.4874,0.41,0.5649,1296,1869,1275,594
1192,Paris Is Burning (1990),Documentary,64,0.1387,3.8828,0.8358,0.4873,0.6267,0.3479,1297,1033,2120,1087
3091,Kagemusha (1980),Drama|War,55,0.0549,4.0091,0.919,0.487,0.6598,0.3142,1298,894,2236,1342
2297,What Dreams May Come (1998),Adventure|Drama|Fantasy|Romance,229,0.6529,3.2271,0.3211,0.487,0.4206,0.5533,1298,1828,1320,530
30803,3-Iron (Bin-jip) (2004),Drama|Romance,51,0.0107,4.1078,0.9626,0.4867,0.6771,0.2963,1299,828,2321,1493
3538,East is East (1999),Comedy,76,0.2272,3.7829,0.7448,0.486,0.5895,0.3825,1300,1168,1977,809
1845,Zero Effect (1998),Comedy|Mystery|Thriller,114,0.4065,3.5746,0.5656,0.486,0.5179,0.4542,1300,1442,1707,407
435,Coneheads (1993),Comedy|Sci-Fi,659,0.9021,2.5819,0.07,0.486,0.3196,0.6524,1301,2241,930,1311
4718,American Pie 2 (2001),Comedy,404,0.8082,2.9146,0.1635,0.4859,0.3569,0.6148,1302,2086,1083,1003
1082,"Candidate, The (1972)",Drama,101,0.3559,3.6287,0.6155,0.4857,0.5376,0.4338,1303,1363,1789,486
63113,Quantum of Solace (2008),Action|Adventure|Thriller,177,0.5675,3.3559,0.4036,0.4856,0.4528,0.5183,1304,1712,1444,408
556,"War Room, The (1993)",Documentary,60,0.1061,3.925,0.8647,0.4854,0.6371,0.3337,1305,996,2169,1173
218,Boys on the Side (1995),Comedy|Drama,206,0.6199,3.2767,0.3506,0.4852,0.4314,0.5391,1306,1793,1374,487
1513,Romy and Michele's High School Reunion (1997),Comedy,397,0.8023,2.9257,0.1682,0.4852,0.3584,0.6121,1306,2078,1100,978
61236,Waltz with Bashir (Vals im Bashir) (2008),Animation|Documentary|Drama|War,54,0.0452,4.0185,0.924,0.4846,0.6604,0.3089,1307,892,2262,1370
256,Junior (1994),Comedy|Sci-Fi,508,0.8588,2.7608,0.1102,0.4845,0.3347,0.6342,1308,2175,997,1178
3686,Flatliners (1990),Horror|Sci-Fi|Thriller,203,0.6133,3.2808,0.3534,0.4834,0.4314,0.5353,1309,1793,1381,484
3093,McCabe & Mrs. Miller (1971),Drama|Western,70,0.1808,3.8286,0.785,0.4829,0.6037,0.3621,1310,1116,2057,941
51935,Shooter (2007),Action|Drama|Thriller,89,0.3007,3.691,0.6651,0.4829,0.5558,0.41,1310,1289,1879,590
43,Restoration (1995),Drama,135,0.4711,3.4778,0.4947,0.4829,0.4876,0.4782,1310,1562,1600,290
5267,"Rookie, The (2002)",Drama,115,0.4109,3.5609,0.5543,0.4826,0.5113,0.4539,1311,1475,1709,398
1057,Everyone Says I Love You (1996),Comedy|Musical|Romance,179,0.5703,3.3436,0.3949,0.4826,0.4475,0.5177,1311,1729,1447,418
2141,"American Tail, An (1986)",Adventure|Animation|Children|Comedy,203,0.6133,3.2783,0.3519,0.4826,0.4303,0.5349,1311,1800,1383,489
7116,Diabolique (Les diaboliques) (1955),Horror|Mystery|Thriller,53,0.0326,4.0377,0.9322,0.4824,0.6623,0.3025,1312,879,2292,1413
58303,"Counterfeiters, The (Die Fälscher) (2007)",Crime|Drama|War,54,0.0452,4.0093,0.9193,0.4823,0.6571,0.3074,1313,907,2267,1360
892,Twelfth Night (1996),Comedy|Drama|Romance,81,0.2611,3.7346,0.7034,0.4823,0.5707,0.3938,1314,1238,1935,697
57368,Cloverfield (2008),Action|Mystery|Sci-Fi|Thriller,153,0.5135,3.4183,0.4507,0.4821,0.4696,0.4947,1315,1641,1537,326
2920,Children of Paradise (Les enfants du paradis) (1945),Drama|Romance,59,0.0948,3.9322,0.8691,0.482,0.6368,0.3271,1316,998,2193,1195
2112,Grand Canyon (1991),Crime|Drama,142,0.489,3.4472,0.4721,0.4805,0.4772,0.4839,1317,1614,1580,297
6944,Father of the Bride (1991),Comedy,147,0.5006,3.4286,0.4598,0.4802,0.4721,0.4884,1318,1629,1562,311
1184,Mediterraneo (1991),Comedy|Drama,66,0.1547,3.8485,0.8054,0.4801,0.6102,0.3499,1319,1098,2111,1013
53000,28 Weeks Later (2007),Horror|Sci-Fi|Thriller,157,0.5239,3.3981,0.4357,0.4798,0.4621,0.4974,1320,1669,1531,349
2143,Legend (1985),Adventure|Fantasy|Romance,159,0.5308,3.3868,0.4275,0.4791,0.4585,0.4998,1321,1683,1520,362
3494,True Grit (1969),Adventure|Drama|Western,101,0.3559,3.6139,0.6023,0.4791,0.5284,0.4298,1322,1396,1803,481
6639,Wait Until Dark (1967),Drama|Thriller,56,0.0675,3.9554,0.8905,0.479,0.6436,0.3144,1323,967,2235,1268
54995,Planet Terror (2007),Action|Horror|Sci-Fi,112,0.3992,3.567,0.5584,0.4788,0.5106,0.447,1324,1477,1735,411
3173,Any Given Sunday (1999),Drama,203,0.6133,3.266,0.3437,0.4785,0.4246,0.5324,1325,1816,1391,491
199,"Umbrellas of Cherbourg, The (Parapluies de Cherbourg, Les) (1964)",Drama|Musical|Romance,80,0.2558,3.7313,0.7006,0.4782,0.5671,0.3892,1326,1253,1952,699
2696,"Dinner Game, The (Dîner de cons, Le) (1998)",Comedy,60,0.1061,3.9,0.8497,0.4779,0.6266,0.3292,1327,1034,2188,1154
7569,You Only Live Twice (1967),Action|Adventure|Sci-Fi|Thriller,103,0.365,3.6019,0.5907,0.4779,0.523,0.4327,1328,1420,1790,462
1687,"Jackal, The (1997)",Action|Thriller,237,0.667,3.1751,0.2884,0.4777,0.402,0.5534,1329,1893,1318,575
532,Serial Mom (1994),Comedy|Crime|Horror,290,0.7279,3.0638,0.2276,0.4777,0.3777,0.5778,1329,2003,1223,780
4359,"Seven Year Itch, The (1955)",Comedy,81,0.2611,3.7222,0.694,0.4776,0.5641,0.391,1330,1260,1943,683
106100,Dallas Buyers Club (2013),Drama,58,0.0873,3.931,0.8679,0.4776,0.6337,0.3214,1331,1006,2212,1206
1373,Star Trek V: The Final Frontier (1989),Action|Sci-Fi,386,0.7954,2.9041,0.1598,0.4776,0.3504,0.6047,1331,2109,1131,978
1799,Suicide Kings (1997),Comedy|Crime|Drama|Mystery|Thriller,108,0.3845,3.5787,0.57,0.4772,0.5143,0.4401,1332,1461,1764,432
55814,"Diving Bell and the Butterfly, The (Scaphandre et le papillon, Le) (2007)",Drama,64,0.1387,3.8594,0.8148,0.4768,0.612,0.3416,1333,1091,2136,1045
848,"Spitfire Grill, The (1996)",Drama,102,0.361,3.6029,0.592,0.4765,0.5227,0.4303,1334,1422,1801,467
3704,Mad Max Beyond Thunderdome (1985),Action|Adventure|Sci-Fi,284,0.7207,3.0722,0.2316,0.4761,0.3783,0.5739,1335,1999,1242,757
1699,"Butcher Boy, The (1997)",Comedy|Drama,57,0.0785,3.9386,0.8735,0.476,0.635,0.317,1336,1005,2222,1217
60,"Indian in the Cupboard, The (1995)",Adventure|Children|Fantasy,280,0.7159,3.0804,0.236,0.476,0.38,0.572,1336,1991,1246,745
64716,Seven Pounds (2008),Drama,76,0.2272,3.7566,0.7241,0.4757,0.575,0.3763,1337,1220,2005,785
102125,Iron Man 3 (2013),Action|Sci-Fi|Thriller|IMAX,85,0.2831,3.6941,0.6682,0.4757,0.5527,0.3987,1337,1299,1923,624
47200,Crank (2006),Action|Thriller,87,0.2928,3.6839,0.6585,0.4757,0.5488,0.4025,1337,1313,1913,600
2454,"Fly, The (1958)",Horror|Mystery|Sci-Fi,167,0.5483,3.3533,0.4021,0.4752,0.446,0.5045,1338,1737,1505,399
2688,"General's Daughter, The (1999)",Crime|Drama|Mystery|Thriller,273,0.71,3.0879,0.2404,0.4752,0.3813,0.5691,1338,1986,1258,728
3347,Never Cry Wolf (1983),Adventure|Drama,55,0.0549,3.9636,0.8945,0.4747,0.6427,0.3068,1339,971,2272,1301
52328,Sunshine (2007),Adventure|Drama|Sci-Fi|Thriller,124,0.4382,3.5,0.5107,0.4744,0.4889,0.4599,1340,1556,1677,337
999,2 Days in the Valley (1996),Crime|Film-Noir,147,0.5006,3.415,0.4482,0.4744,0.4639,0.4849,1340,1666,1575,326
44,Mortal Kombat (1995),Action|Adventure|Fantasy,515,0.8606,2.6748,0.0873,0.4739,0.3193,0.6286,1341,2242,1021,1221
5219,Resident Evil (2002),Action|Horror|Sci-Fi|Thriller,223,0.6441,3.2018,0.3038,0.4739,0.4059,0.542,1342,1877,1360,535
2611,"Winslow Boy, The (1999)",Drama,56,0.0675,3.9464,0.8798,0.4736,0.6361,0.3112,1343,1000,2252,1252
952,Around the World in 80 Days (1956),Adventure|Comedy,127,0.4473,3.4843,0.4994,0.4733,0.4837,0.4629,1344,1577,1661,317
7149,Something's Gotta Give (2003),Comedy|Drama|Romance,129,0.4526,3.4767,0.494,0.4733,0.4816,0.465,1344,1588,1652,308
4823,Serendipity (2001),Comedy|Romance,196,0.6017,3.2679,0.3449,0.4733,0.422,0.5247,1345,1822,1419,477
2349,Mona Lisa (1986),Comedy|Thriller,74,0.2122,3.7703,0.7338,0.473,0.5773,0.3687,1346,1210,2032,822
4020,"Gift, The (2000)",Thriller,144,0.4931,3.4201,0.4529,0.473,0.465,0.481,1346,1659,1588,313
3477,Empire Records (1995),Comedy|Drama,139,0.4812,3.4353,0.4645,0.4728,0.4695,0.4762,1347,1642,1608,295
2905,Sanjuro (Tsubaki Sanjûrô) (1962),Action|Adventure|Drama,54,0.0452,3.9722,0.8989,0.4721,0.6428,0.3013,1348,969,2299,1330
74,Bed of Roses (1996),Drama|Romance,173,0.5581,3.3295,0.3861,0.4721,0.4377,0.5065,1348,1770,1499,422
3358,Defending Your Life (1991),Comedy|Drama|Fantasy|Romance,124,0.4382,3.4919,0.5056,0.4719,0.4854,0.4584,1349,1569,1682,333
1459,Absolute Power (1997),Mystery|Thriller,176,0.565,3.321,0.3788,0.4719,0.4347,0.5091,1349,1782,1488,433
214,Before the Rain (Pred dozhdot) (1994),Drama|War,50,0.0,4.06,0.9435,0.4718,0.6605,0.2831,1350,891,2378,1487
78574,Winter's Bone (2010),Drama|Thriller,59,0.0948,3.8983,0.8487,0.4718,0.6225,0.321,1350,1050,2216,1166
3869,"Naked Gun 2 1/2: The Smell of Fear, The (1991)",Comedy,237,0.667,3.154,0.2765,0.4718,0.3937,0.5498,1350,1935,1330,605
2335,"Waterboy, The (1998)",Comedy,302,0.737,3.0116,0.2059,0.4714,0.3652,0.5777,1351,2056,1224,832
8361,"Day After Tomorrow, The (2004)",Action|Adventure|Drama|Sci-Fi|Thriller,299,0.7338,3.0217,0.209,0.4714,0.3665,0.5764,1352,2047,1230,817
36535,Everything Is Illuminated (2005),Comedy|Drama,60,0.1061,3.8833,0.8365,0.4713,0.6174,0.3252,1353,1072,2201,1129
5693,Saturday Night Fever (1977),Comedy|Drama|Romance,111,0.3955,3.5495,0.5465,0.471,0.5012,0.4408,1354,1513,1760,406
1416,Evita (1996),Drama|Musical,272,0.7087,3.0735,0.2332,0.471,0.3759,0.5661,1355,2012,1269,743
585,"Brady Bunch Movie, The (1995)",Comedy,506,0.8566,2.665,0.0847,0.4707,0.3163,0.625,1356,2255,1037,1218
33154,Enron: The Smartest Guys in the Room (2005),Documentary,56,0.0675,3.9375,0.8729,0.4702,0.6313,0.3091,1357,1015,2260,1245
57,Home for the Holidays (1995),Drama,128,0.4498,3.4727,0.4903,0.47,0.4781,0.4619,1358,1608,1667,309
673,Space Jam (1996),Adventure|Animation|Children|Comedy|Fantasy|Sci-Fi,509,0.8591,2.6454,0.081,0.47,0.3144,0.6256,1358,2262,1033,1229
302,"Queen Margot (Reine Margot, La) (1994)",Drama|Romance,75,0.2197,3.7533,0.7197,0.4697,0.5697,0.3697,1359,1242,2025,783
3247,Sister Act (1992),Comedy|Crime,325,0.7583,2.9523,0.1802,0.4692,0.3536,0.5849,1360,2097,1198,899
2202,Lifeboat (1944),Drama|War,79,0.2495,3.7152,0.6877,0.4686,0.5562,0.381,1361,1288,1983,695
4225,"Dish, The (2001)",Comedy,83,0.2706,3.6928,0.6664,0.4685,0.5476,0.3893,1362,1318,1950,632
3163,Topsy-Turvy (1999),Comedy|Drama|Musical,77,0.2338,3.7338,0.7028,0.4683,0.5621,0.3745,1363,1267,2010,743
6299,"Winged Migration (Peuple migrateur, Le) (2001)",Documentary,72,0.1955,3.7778,0.7398,0.4677,0.5765,0.3588,1364,1213,2075,862
7121,Adam's Rib (1949),Comedy|Romance,53,0.0326,3.9811,0.9021,0.4674,0.6412,0.2935,1365,980,2335,1355
8827,"Bill Cosby, Himself (1983)",Comedy|Documentary,58,0.0873,3.8966,0.8471,0.4672,0.6192,0.3152,1366,1061,2233,1172
4703,Chocolat (1988),Drama,80,0.2558,3.7062,0.6783,0.467,0.5515,0.3825,1367,1304,1976,672
1688,Anastasia (1997),Adventure|Animation|Children|Drama|Musical,180,0.5722,3.2972,0.3619,0.467,0.425,0.5091,1367,1815,1489,448
52952,This Is England (2006),Drama,69,0.1748,3.7971,0.7583,0.4666,0.5833,0.3499,1368,1192,2112,920
60950,Vicky Cristina Barcelona (2008),Comedy|Drama|Romance,81,0.2611,3.6975,0.672,0.4666,0.5487,0.3844,1368,1314,1967,653
2369,Desperately Seeking Susan (1985),Comedy|Drama|Romance,303,0.7385,2.9835,0.1946,0.4666,0.3578,0.5754,1368,2080,1235,845
4356,Gentlemen Prefer Blondes (1953),Comedy|Musical|Romance,76,0.2272,3.7368,0.7056,0.4664,0.5621,0.3707,1369,1267,2022,755
2414,Young Sherlock Holmes (1985),Action|Adventure|Children|Fantasy|Mystery|Thriller,147,0.5006,3.3946,0.4322,0.4664,0.4527,0.4801,1370,1713,1593,343
382,Wolf (1994),Drama|Horror|Romance|Thriller,263,0.6996,3.0722,0.232,0.4658,0.3723,0.5593,1371,2025,1296,729
3398,"Muppets Take Manhattan, The (1984)",Children|Comedy|Musical,125,0.4416,3.472,0.4893,0.4655,0.475,0.4559,1372,1621,1700,328
1590,Event Horizon (1997),Horror|Sci-Fi|Thriller,356,0.7775,2.8933,0.1535,0.4655,0.3407,0.5903,1372,2151,1182,969
6857,Ninja Scroll (Jûbei ninpûchô) (1995),Action|Adventure|Animation|Fantasy,72,0.1955,3.7708,0.7345,0.465,0.5728,0.3572,1373,1231,2085,854
3893,Nurse Betty (2000),Comedy|Crime|Drama|Romance|Thriller,229,0.6529,3.155,0.2772,0.465,0.3899,0.5401,1373,1955,1367,588
781,Stealing Beauty (1996),Drama,114,0.4065,3.5219,0.5232,0.4648,0.4882,0.4415,1374,1558,1757,383
40278,Jarhead (2005),Action|Drama|War,145,0.4959,3.3966,0.4338,0.4648,0.4524,0.4773,1375,1714,1604,339
7318,"Passion of the Christ, The (2004)",Drama,168,0.5499,3.3214,0.3795,0.4647,0.4306,0.4988,1376,1796,1523,420
4643,Planet of the Apes (2001),Action|Adventure|Drama|Sci-Fi,417,0.8176,2.7674,0.1117,0.4647,0.3235,0.6059,1376,2225,1124,1101
203,"To Wong Foo, Thanks for Everything! Julie Newmar (1995)",Comedy,281,0.7163,3.0338,0.2125,0.4644,0.3636,0.5651,1377,2061,1273,788
3785,Scary Movie (2000),Comedy|Horror,423,0.8214,2.7506,0.107,0.4642,0.3213,0.6071,1378,2232,1120,1112
7842,Dune (2000),Drama|Fantasy|Sci-Fi,89,0.3007,3.6404,0.6271,0.4639,0.5292,0.3986,1379,1391,1924,545
3882,Bring It On (2000),Comedy,262,0.6977,3.0687,0.2301,0.4639,0.3704,0.5574,1379,2033,1305,728
3285,"Beach, The (2000)",Adventure|Drama,273,0.71,3.044,0.2169,0.4634,0.3648,0.5621,1380,2058,1289,769
3079,Mansfield Park (1999),Comedy|Drama|Romance,72,0.1955,3.7639,0.7288,0.4622,0.5688,0.3555,1381,1247,2092,845
52604,Fracture (2007),Crime|Drama|Mystery|Thriller,94,0.3271,3.6064,0.5967,0.4619,0.5158,0.4079,1382,1452,1885,503
1395,Tin Men (1987),Comedy|Drama,130,0.4561,3.4423,0.4677,0.4619,0.4642,0.4595,1382,1665,1678,296
27266,2046 (2004),Drama|Fantasy|Romance|Sci-Fi,64,0.1387,3.8281,0.7847,0.4617,0.5909,0.3325,1383,1162,2172,1010
64622,"Reader, The (2008)",Drama|Romance,73,0.2034,3.7534,0.72,0.4617,0.565,0.3584,1383,1259,2076,817
6755,Bubba Ho-tep (2002),Comedy|Horror,108,0.3845,3.5417,0.5386,0.4616,0.4924,0.4307,1384,1544,1799,415
45447,"Da Vinci Code, The (2006)",Drama|Mystery|Thriller,261,0.6971,3.0594,0.2257,0.4614,0.3671,0.5557,1385,2044,1312,732
2384,Babe: Pig in the City (1998),Adventure|Children|Drama,287,0.7238,2.9913,0.1987,0.4612,0.3562,0.5663,1386,2088,1267,821
37857,MirrorMask (2005),Adventure|Children|Drama|Fantasy,53,0.0326,3.9528,0.8886,0.4606,0.6318,0.2894,1387,1013,2346,1333
1586,G.I. Jane (1997),Action|Drama,338,0.7646,2.8994,0.156,0.4603,0.3386,0.582,1388,2158,1210,948
86332,Thor (2011),Action|Adventure|Drama|Fantasy|IMAX,124,0.4382,3.4637,0.4815,0.4598,0.4685,0.4512,1389,1646,1720,331
5400,"Sum of All Fears, The (2002)",Drama|Thriller,170,0.5546,3.3,0.3644,0.4595,0.4215,0.4976,1390,1824,1530,434
2941,South Pacific (1958),Musical|Romance|War,110,0.3917,3.5273,0.5273,0.4595,0.4866,0.4324,1391,1565,1792,401
4367,Lara Croft: Tomb Raider (2001),Action|Adventure,344,0.7677,2.8866,0.151,0.4594,0.336,0.5827,1392,2169,1205,964
327,Tank Girl (1995),Action|Comedy|Sci-Fi,358,0.7784,2.8534,0.1403,0.4594,0.3317,0.587,1392,2181,1193,988
2069,"Trip to Bountiful, The (1985)",Drama,58,0.0873,3.8793,0.8311,0.4592,0.608,0.3104,1393,1106,2256,1150
3261,Singles (1992),Comedy|Drama|Romance,153,0.5135,3.3562,0.4046,0.459,0.4373,0.4808,1394,1771,1589,377
3831,Saving Grace (2000),Comedy,73,0.2034,3.7466,0.7144,0.4589,0.5611,0.3567,1395,1269,2087,818
7027,Silverado (1985),Action|Western,56,0.0675,3.9018,0.85,0.4587,0.6152,0.3022,1396,1081,2294,1213
188,"Prophecy, The (1995)",Fantasy|Horror|Mystery,117,0.4153,3.4872,0.5016,0.4584,0.4757,0.4411,1397,1619,1758,361
1735,Great Expectations (1998),Drama|Romance,155,0.5191,3.3484,0.3977,0.4584,0.4341,0.4827,1398,1783,1582,385
100,City Hall (1996),Drama|Thriller,209,0.6246,3.1794,0.2922,0.4584,0.3919,0.5249,1398,1945,1418,547
537,Sirens (1994),Drama,196,0.6017,3.2194,0.3145,0.4581,0.4007,0.5155,1399,1902,1461,503
8042,Mean Streets (1973),Crime|Drama,70,0.1808,3.7714,0.7351,0.4579,0.5688,0.3471,1400,1248,2121,873
4846,Iron Monkey (Siu nin Wong Fei-hung ji: Tit Ma Lau) (1993),Action|Comedy,65,0.1478,3.8077,0.7677,0.4578,0.5818,0.3338,1401,1197,2167,970
1792,U.S. Marshals (1998),Action|Crime|Thriller,194,0.5986,3.2216,0.3164,0.4575,0.401,0.5139,1402,1898,1469,496
6155,How to Lose a Guy in 10 Days (2003),Comedy|Romance,195,0.6008,3.2154,0.3123,0.4565,0.3988,0.5142,1403,1912,1465,509
3074,Jeremiah Johnson (1972),Western,79,0.2495,3.6899,0.6632,0.4564,0.5391,0.3736,1404,1355,2013,658
2701,Wild Wild West (1999),Action|Comedy|Sci-Fi|Western,584,0.8795,2.3493,0.0323,0.4559,0.2865,0.6253,1405,2369,1036,1333
4280,"World According to Garp, The (1982)",Comedy|Drama|Romance,122,0.4306,3.4631,0.4809,0.4557,0.4658,0.4457,1406,1653,1736,330
765,Jack (1996),Comedy|Drama,250,0.682,3.068,0.2294,0.4557,0.3652,0.5463,1406,2057,1344,713
53956,Death at a Funeral (2007),Comedy,68,0.1692,3.7794,0.742,0.4556,0.5702,0.341,1407,1240,2140,900
849,Escape from L.A. (1996),Action|Adventure|Sci-Fi|Thriller,399,0.8045,2.7444,0.1061,0.4553,0.3156,0.5949,1408,2259,1170,1089
2212,"Man Who Knew Too Much, The (1934)",Drama|Thriller,66,0.1547,3.7955,0.7555,0.4551,0.5753,0.335,1409,1218,2160,942
81229,Red (2010),Action|Comedy,84,0.2768,3.6488,0.6334,0.4551,0.5264,0.3838,1409,1407,1969,562
2579,Following (1998),Crime|Mystery|Thriller,64,0.1387,3.8125,0.7709,0.4548,0.5812,0.3284,1410,1199,2191,992
23,Assassins (1995),Action|Crime|Thriller,204,0.6152,3.1838,0.2941,0.4546,0.3904,0.5189,1411,1952,1440,541
4017,Pollock (2000),Drama,90,0.3076,3.6111,0.6004,0.454,0.5126,0.3954,1412,1471,1931,519
117,"Young Poisoner's Handbook, The (1995)",Crime|Drama,78,0.2423,3.6923,0.6657,0.454,0.5387,0.3693,1413,1359,2027,668
450,With Honors (1994),Comedy|Drama,135,0.4711,3.4,0.4366,0.4539,0.447,0.4608,1414,1730,1673,316
33162,Kingdom of Heaven (2005),Action|Drama|Romance|War,125,0.4416,3.436,0.4655,0.4535,0.4583,0.4488,1415,1686,1727,312
2810,Perfect Blue (1997),Animation|Horror|Mystery|Thriller,58,0.0873,3.8621,0.817,0.4521,0.5981,0.3062,1416,1139,2275,1136
3827,Space Cowboys (2000),Action|Adventure|Comedy|Sci-Fi,249,0.6811,3.0542,0.2232,0.4521,0.3605,0.5437,1416,2071,1357,714
355,"Flintstones, The (1994)",Children|Comedy|Fantasy,495,0.8519,2.4798,0.0518,0.4518,0.2918,0.6118,1417,2342,1101,1241
1015,Homeward Bound: The Incredible Journey (1993),Adventure|Children|Drama,170,0.5546,3.2735,0.3484,0.4515,0.4103,0.4927,1418,1866,1544,448
64575,Doubt (2008),Drama|Mystery,74,0.2122,3.7162,0.6902,0.4512,0.5468,0.3556,1419,1321,2090,769
30825,Meet the Fockers (2004),Comedy,199,0.6067,3.1859,0.2957,0.4512,0.389,0.5134,1419,1957,1470,538
8781,"Manchurian Candidate, The (2004)",Thriller,126,0.4454,3.4246,0.4567,0.451,0.4533,0.4488,1420,1709,1727,307
2990,Licence to Kill (1989),Action|Adventure|Thriller,209,0.6246,3.1555,0.2775,0.451,0.3816,0.5205,1420,1984,1431,564
3534,28 Days (2000),Drama,235,0.6626,3.0851,0.2392,0.4509,0.3662,0.5356,1421,2048,1380,668
3129,Sweet and Lowdown (1999),Comedy|Drama,84,0.2768,3.6369,0.6234,0.4501,0.5194,0.3808,1422,1434,1984,562
35,Carrington (1995),Drama|Romance,73,0.2034,3.726,0.6962,0.4498,0.5483,0.3512,1423,1316,2106,790
6724,Paper Moon (1973),Comedy|Crime|Drama,54,0.0452,3.9074,0.854,0.4496,0.6114,0.2879,1424,1095,2356,1261
2922,Hang 'Em High (1968),Crime|Drama|Western,104,0.3707,3.5288,0.5286,0.4496,0.4812,0.418,1425,1591,1858,433
105504,Captain Phillips (2013),Adventure|Drama|Thriller|IMAX,59,0.0948,3.8475,0.8041,0.4495,0.5913,0.3076,1426,1159,2266,1107
3546,What Ever Happened to Baby Jane? (1962),Drama|Horror|Thriller,75,0.2197,3.7067,0.6789,0.4493,0.5411,0.3575,1427,1348,2083,735
3181,Titus (1999),Drama,78,0.2423,3.6795,0.6557,0.449,0.5317,0.3663,1428,1382,2044,662
2550,"Haunting, The (1963)",Horror|Thriller,89,0.3007,3.6067,0.5973,0.449,0.5083,0.3897,1428,1488,1948,520
3355,"Ninth Gate, The (1999)",Fantasy|Horror|Mystery|Thriller,184,0.58,3.2228,0.318,0.449,0.3966,0.5014,1428,1922,1515,494
2485,She's All That (1999),Comedy|Romance,282,0.7178,2.9504,0.1792,0.4485,0.3408,0.5562,1429,2149,1310,839
2926,Hairspray (1988),Comedy|Drama,168,0.5499,3.2708,0.3468,0.4484,0.4078,0.489,1430,1872,1560,442
276,Milk Money (1994),Comedy|Romance,263,0.6996,2.9886,0.1971,0.4484,0.3479,0.5489,1430,2119,1334,785
762,Striptease (1996),Comedy|Crime,474,0.8446,2.4778,0.0508,0.4477,0.289,0.6065,1431,2355,1121,1234
6954,"Barbarian Invasions, The (Les invasions barbares) (2003)",Comedy|Crime|Drama|Mystery|Romance,56,0.0675,3.875,0.8264,0.447,0.5987,0.2952,1432,1137,2325,1188
2575,"Dreamlife of Angels, The (Vie rêvée des anges, La) (1998)",Drama,72,0.1955,3.7292,0.6981,0.4468,0.5473,0.3463,1433,1319,2123,804
4844,Bandits (2001),Comedy|Crime|Romance,124,0.4382,3.4234,0.4551,0.4466,0.45,0.4433,1434,1720,1747,313
5620,Sweet Home Alabama (2002),Comedy|Romance,174,0.5609,3.2414,0.3324,0.4466,0.4009,0.4923,1434,1899,1548,465
2348,Sid and Nancy (1986),Drama,109,0.3886,3.4908,0.5041,0.4463,0.4694,0.4232,1435,1643,1836,401
2883,Mumford (1999),Comedy|Drama,110,0.3917,3.4864,0.5009,0.4463,0.4682,0.4245,1435,1647,1829,394
81564,Megamind (2010),Action|Animation|Children|Comedy|Sci-Fi|IMAX,86,0.2869,3.6163,0.6048,0.4459,0.5094,0.3823,1436,1483,1978,542
8623,Roxanne (1987),Comedy|Romance,122,0.4306,3.4303,0.4611,0.4459,0.4519,0.4398,1436,1716,1765,329
2870,Barefoot in the Park (1967),Comedy,76,0.2272,3.6908,0.6638,0.4455,0.5329,0.3582,1437,1377,2077,700
605,One Fine Day (1996),Drama|Romance,175,0.5631,3.2343,0.328,0.4455,0.3985,0.4926,1438,1913,1546,475
1779,Sphere (1998),Sci-Fi|Thriller,318,0.7527,2.8475,0.1372,0.4449,0.3218,0.568,1439,2230,1264,966
4958,Behind Enemy Lines (2001),Action|Drama|War,158,0.527,3.2975,0.3622,0.4446,0.4116,0.4776,1440,1860,1603,420
2567,EDtv (1999),Comedy,210,0.6259,3.1262,0.2627,0.4443,0.3717,0.5169,1441,2030,1451,589
4616,Lean on Me (1989),Drama,83,0.2706,3.6325,0.6174,0.444,0.5133,0.3746,1442,1466,2009,567
2410,Rocky III (1982),Action|Drama,254,0.6871,3.002,0.2009,0.444,0.3467,0.5412,1443,2124,1363,761
149,Amateur (1994),Crime|Drama|Thriller,54,0.0452,3.8889,0.8424,0.4438,0.6033,0.2844,1444,1120,2371,1251
6461,"Unforgiven, The (1960)",Drama|Western,54,0.0452,3.8889,0.8424,0.4438,0.6033,0.2844,1444,1120,2371,1251
8370,"Blind Swordsman: Zatoichi, The (Zatôichi) (2003)",Action|Comedy|Crime|Drama,78,0.2423,3.6667,0.6453,0.4438,0.5244,0.3632,1445,1415,2053,638
3852,"Tao of Steve, The (2000)",Comedy,95,0.3311,3.5632,0.5562,0.4437,0.4887,0.3987,1446,1557,1922,476
2469,Peggy Sue Got Married (1986),Comedy|Drama,194,0.5986,3.1753,0.2888,0.4437,0.3817,0.5056,1446,1983,1503,537
6059,"Recruit, The (2003)",Action|Thriller,142,0.489,3.3486,0.398,0.4435,0.4253,0.4617,1447,1813,1669,366
3257,"Bodyguard, The (1992)",Drama|Romance|Thriller,328,0.7605,2.8155,0.1262,0.4433,0.3165,0.5702,1448,2253,1254,999
455,Free Willy (1993),Adventure|Children|Drama,387,0.7969,2.6848,0.0898,0.4433,0.3019,0.5848,1448,2308,1199,1109
2736,Brighton Beach Memoirs (1986),Comedy,87,0.2928,3.6034,0.5926,0.4427,0.5027,0.3828,1449,1505,1974,525
7163,Paycheck (2003),Action|Sci-Fi|Thriller,150,0.5091,3.3167,0.3763,0.4427,0.4162,0.4693,1449,1841,1631,392
1895,Can't Hardly Wait (1998),Comedy|Drama|Romance,173,0.5581,3.2341,0.3274,0.4427,0.3966,0.4889,1449,1922,1561,473
1717,Scream 2 (1997),Comedy|Horror|Mystery|Thriller,334,0.7633,2.8024,0.1221,0.4427,0.3145,0.571,1449,2261,1249,1012
4954,Ocean's Eleven (a.k.a. Ocean's 11) (1960),Comedy|Crime,92,0.3176,3.5761,0.5672,0.4424,0.4923,0.3925,1450,1545,1937,487
4369,"Fast and the Furious, The (2001)",Action|Crime|Thriller,312,0.7464,2.8494,0.1384,0.4424,0.3208,0.564,1450,2235,1281,954
6301,Straw Dogs (1971),Drama|Thriller,50,0.0,3.95,0.8845,0.4422,0.6191,0.2653,1451,1062,2446,1384
1236,Trust (1990),Comedy|Drama|Romance,50,0.0,3.95,0.8845,0.4422,0.6191,0.2653,1451,1062,2446,1384
517,Rising Sun (1993),Action|Drama|Mystery,197,0.6039,3.1624,0.2806,0.4422,0.3776,0.5069,1452,2004,1496,552
7386,"Ten Commandments, The (1956)",Adventure|Drama,90,0.3076,3.5889,0.5766,0.4421,0.4959,0.3883,1453,1530,1954,501
3524,Arthur (1981),Comedy|Romance,152,0.5119,3.3125,0.3723,0.4421,0.4142,0.47,1453,1849,1626,396
2376,"View to a Kill, A (1985)",Action|Adventure|Thriller,181,0.5747,3.2127,0.3095,0.4421,0.389,0.4951,1453,1956,1535,503
27801,Ong-Bak: The Thai Warrior (Ong Bak) (2003),Action|Thriller,81,0.2611,3.6358,0.6224,0.4418,0.514,0.3695,1454,1463,2026,572
5283,National Lampoon's Van Wilder (2002),Comedy,98,0.3456,3.5408,0.5377,0.4416,0.48,0.4032,1455,1597,1909,454
3262,Twin Peaks: Fire Walk with Me (1992),Crime|Drama|Mystery|Thriller,106,0.3792,3.4906,0.5038,0.4415,0.4664,0.4165,1456,1650,1861,405
1518,Breakdown (1997),Action|Thriller,152,0.5119,3.3092,0.3707,0.4413,0.4131,0.4696,1457,1853,1629,396
4036,Shadow of the Vampire (2000),Drama|Horror,110,0.3917,3.4727,0.4906,0.4411,0.4609,0.4214,1458,1676,1842,384
5574,"Transporter, The (2002)",Action|Crime,148,0.5035,3.3209,0.3785,0.441,0.416,0.466,1459,1842,1643,383
8337,"Caine Mutiny, The (1954)",Drama|War,52,0.0229,3.9135,0.8591,0.441,0.6082,0.2738,1460,1104,2409,1305
8154,"Dolce Vita, La (1960)",Drama,52,0.0229,3.9135,0.8591,0.441,0.6082,0.2738,1460,1104,2409,1305
61,Eye for an Eye (1996),Drama|Thriller,123,0.4341,3.4146,0.4476,0.4408,0.4435,0.4381,1461,1749,1772,311
63859,Bolt (2008),Action|Adventure|Animation|Children|Comedy,86,0.2869,3.6047,0.5945,0.4407,0.5022,0.3792,1462,1507,1990,528
5254,Blade II (2002),Action|Horror|Thriller,219,0.6406,3.089,0.2407,0.4407,0.3607,0.5207,1462,2069,1430,639
90866,Hugo (2011),Children|Drama|Mystery,77,0.2338,3.6688,0.6472,0.4405,0.5232,0.3578,1463,1419,2081,662
5876,"Quiet American, The (2002)",Drama|Thriller|War,77,0.2338,3.6688,0.6472,0.4405,0.5232,0.3578,1463,1419,2081,662
4121,Innerspace (1987),Action|Adventure|Comedy|Sci-Fi,153,0.5135,3.3039,0.3669,0.4402,0.4109,0.4695,1464,1864,1630,400
2792,Airplane II: The Sequel (1982),Comedy,217,0.6387,3.0899,0.2414,0.4401,0.3606,0.5195,1465,2070,1436,634
2840,Stigmata (1999),Drama|Thriller,245,0.677,3.0061,0.2031,0.4401,0.3453,0.5348,1465,2129,1384,745
88,Black Sheep (1996),Comedy,241,0.6711,3.0187,0.2084,0.4397,0.3472,0.5323,1466,2122,1392,730
1037,"Lawnmower Man, The (1992)",Action|Horror|Sci-Fi|Thriller,355,0.7762,2.7352,0.1026,0.4394,0.3047,0.5741,1467,2296,1241,1055
71057,9 (2009),Adventure|Animation|Sci-Fi,83,0.2706,3.6205,0.6077,0.4391,0.5065,0.3717,1468,1494,2019,551
1615,"Edge, The (1997)",Adventure|Drama,111,0.3955,3.464,0.4821,0.4388,0.4561,0.4215,1469,1699,1841,372
707,Mulholland Falls (1996),Crime|Drama|Thriller,221,0.6428,3.0769,0.2345,0.4386,0.357,0.5203,1470,2084,1433,651
96821,"Perks of Being a Wallflower, The (2012)",Drama|Romance,54,0.0452,3.8796,0.8315,0.4383,0.5956,0.2811,1471,1149,2385,1236
4084,Beverly Hills Cop II (1987),Action|Comedy|Crime|Thriller,214,0.634,3.0935,0.2426,0.4383,0.36,0.5166,1472,2073,1454,619
46322,Jet Li's Fearless (Huo Yuan Jia) (2006),Action|Drama,59,0.0948,3.822,0.7803,0.4375,0.5746,0.3004,1473,1223,2304,1081
1946,Marty (1955),Drama|Romance,60,0.1061,3.8083,0.7687,0.4374,0.5699,0.3049,1474,1241,2281,1040
3189,My Dog Skip (1999),Children|Drama,101,0.3559,3.5099,0.5185,0.4372,0.4697,0.4047,1475,1639,1904,429
95510,"Amazing Spider-Man, The (2012)",Action|Adventure|Sci-Fi|IMAX,82,0.2649,3.622,0.6092,0.4371,0.5059,0.3682,1476,1498,2035,559
1683,"Wings of the Dove, The (1997)",Drama|Romance,88,0.2954,3.5909,0.5785,0.4369,0.4935,0.3803,1477,1538,1986,509
4161,"Mexican, The (2001)",Action|Comedy,210,0.6259,3.1071,0.2476,0.4368,0.3611,0.5124,1478,2067,1475,592
1831,Lost in Space (1998),Action|Adventure|Sci-Fi,368,0.7856,2.6766,0.0879,0.4368,0.2972,0.5763,1478,2326,1232,1094
351,"Corrina, Corrina (1994)",Comedy|Drama|Romance,179,0.5703,3.2011,0.3032,0.4368,0.3833,0.4902,1479,1977,1558,498
4238,Along Came a Spider (2001),Action|Crime|Mystery|Thriller,137,0.4768,3.3467,0.3961,0.4364,0.4203,0.4526,1480,1829,1714,349
3697,Predator 2 (1990),Action|Sci-Fi|Thriller,279,0.7153,2.9014,0.1576,0.4364,0.3249,0.548,1480,2216,1339,877
56251,Futurama: Bender's Big Score (2007),Animation|Comedy|Sci-Fi,61,0.1161,3.7951,0.7552,0.4357,0.5635,0.3078,1481,1262,2265,1003
663,Kids in the Hall: Brain Candy (1996),Comedy,158,0.527,3.2658,0.3431,0.435,0.3982,0.4718,1482,1915,1621,433
1616,"Peacemaker, The (1997)",Action|Thriller|War,217,0.6387,3.0714,0.2313,0.435,0.3535,0.5165,1482,2098,1456,642
60074,Hancock (2008),Action|Adventure|Comedy|Crime|Fantasy,168,0.5499,3.2262,0.3195,0.4347,0.3886,0.4808,1483,1960,1590,477
1194,Cheech and Chong's Up in Smoke (1978),Comedy,139,0.4812,3.3309,0.3879,0.4346,0.4159,0.4532,1484,1843,1710,359
413,Airheads (1994),Comedy,308,0.7426,2.8182,0.1265,0.4346,0.3113,0.5578,1485,2270,1303,967
938,Gigi (1958),Musical,103,0.365,3.4903,0.5035,0.4342,0.4619,0.4066,1486,1670,1891,405
1562,Batman & Robin (1997),Action|Adventure|Fantasy|Thriller,464,0.8409,2.2845,0.0276,0.4342,0.2716,0.5969,1487,2410,1161,1249
6659,Tremors (1990),Comedy|Horror|Sci-Fi,149,0.5066,3.2953,0.361,0.4338,0.4046,0.4629,1488,1882,1661,394
64969,Yes Man (2008),Comedy,95,0.3311,3.5368,0.5345,0.4328,0.4735,0.3922,1489,1624,1938,449
3213,Batman: Mask of the Phantasm (1993),Animation|Children,101,0.3559,3.495,0.5085,0.4322,0.4627,0.4017,1490,1667,1915,425
5072,Metropolis (2001),Animation|Sci-Fi,72,0.1955,3.6944,0.6685,0.432,0.5266,0.3374,1491,1406,2151,745
227,Drop Zone (1994),Action|Thriller,242,0.6733,2.9773,0.1905,0.4319,0.3353,0.5284,1492,2171,1407,764
56607,"Kite Runner, The (2007)",Drama,56,0.0675,3.8393,0.7947,0.4311,0.5766,0.2857,1493,1212,2365,1153
4465,"Accused, The (1988)",Drama,71,0.1899,3.6972,0.6717,0.4308,0.5272,0.3344,1494,1403,2163,760
482,Killing Zoe (1994),Crime|Drama|Thriller,123,0.4341,3.3862,0.4272,0.4306,0.4293,0.432,1495,1804,1794,309
88140,Captain America: The First Avenger (2011),Action|Adventure|Sci-Fi|Thriller|War,116,0.4137,3.4138,0.4473,0.4305,0.4372,0.4238,1496,1772,1832,336
89,Nick of Time (1995),Action|Thriller,149,0.5066,3.2819,0.3544,0.4305,0.4,0.4609,1496,1906,1672,410
4890,Shallow Hal (2001),Comedy|Fantasy|Romance,234,0.6616,2.9957,0.1993,0.4305,0.338,0.5229,1496,2161,1423,738
3125,"End of the Affair, The (1999)",Drama,70,0.1808,3.7071,0.6795,0.4302,0.5299,0.3304,1497,1387,2183,796
2378,Police Academy (1984),Comedy|Crime,257,0.6915,2.9261,0.1689,0.4302,0.3256,0.5347,1497,2213,1385,828
3873,Cat Ballou (1965),Comedy|Western,89,0.3007,3.5674,0.559,0.4298,0.4815,0.3782,1498,1590,1996,498
30822,In Good Company (2004),Comedy|Drama,82,0.2649,3.6037,0.5929,0.4289,0.4945,0.3633,1499,1534,2052,553
8865,Sky Captain and the World of Tomorrow (2004),Action|Adventure|Sci-Fi,165,0.5439,3.2182,0.3139,0.4289,0.3829,0.4749,1499,1979,1612,480
1911,Dr. Dolittle (1998),Comedy,318,0.7527,2.7421,0.1051,0.4289,0.2994,0.5584,1499,2321,1300,1021
5944,Star Trek: Nemesis (2002),Action|Drama|Sci-Fi|Thriller,156,0.5217,3.25,0.3358,0.4288,0.3916,0.4659,1500,1947,1645,447
5380,"Importance of Being Earnest, The (2002)",Comedy|Drama|Romance,90,0.3076,3.5556,0.5499,0.4288,0.4772,0.3803,1501,1613,1987,486
4678,UHF (1989),Comedy,93,0.322,3.5376,0.5352,0.4286,0.4712,0.386,1502,1632,1964,462
1438,Dante's Peak (1997),Action|Thriller,299,0.7338,2.806,0.1234,0.4286,0.3065,0.5507,1502,2289,1326,963
7044,Wild at Heart (1990),Crime|Drama|Mystery|Romance|Thriller,78,0.2423,3.6282,0.6146,0.4284,0.5029,0.354,1503,1504,2097,594
3988,How the Grinch Stole Christmas (a.k.a. The Grinch) (2000),Children|Comedy|Fantasy,258,0.6927,2.9128,0.1632,0.428,0.3221,0.5339,1504,2229,1387,842
3812,Everything You Always Wanted to Know About Sex * But Were Afraid to Ask (1972),Comedy,105,0.3754,3.4619,0.4802,0.4278,0.4488,0.4068,1505,1723,1889,384
637,Sgt. Bilko (1996),Comedy,289,0.7269,2.8253,0.1284,0.4277,0.3079,0.5474,1506,2285,1341,944
45186,Mission: Impossible III (2006),Action|Adventure|Thriller,157,0.5239,3.2389,0.3308,0.4273,0.3887,0.4659,1507,1959,1644,452
36708,Family Guy Presents Stewie Griffin: The Untold Story (2005),Adventure|Animation|Comedy,74,0.2122,3.6622,0.6422,0.4272,0.5132,0.3412,1508,1468,2138,670
54736,"Kingdom, The (2007)",Action|Drama|Thriller,73,0.2034,3.6712,0.6494,0.4264,0.5156,0.3372,1509,1453,2153,700
3342,Birdy (1984),Drama|War,59,0.0948,3.7966,0.7574,0.4261,0.5586,0.2936,1510,1279,2333,1054
106696,Frozen (2013),Adventure|Animation|Comedy|Fantasy|Musical|Romance,59,0.0948,3.7966,0.7574,0.4261,0.5586,0.2936,1510,1279,2333,1054
1419,Walkabout (1971),Adventure|Drama,59,0.0948,3.7966,0.7574,0.4261,0.5586,0.2936,1510,1279,2333,1054
62434,Zack and Miri Make a Porno (2008),Comedy|Drama|Romance,105,0.3754,3.4571,0.4768,0.4261,0.4464,0.4058,1511,1735,1895,384
2110,Dead Men Don't Wear Plaid (1982),Comedy|Crime|Thriller,136,0.4743,3.3199,0.3776,0.4259,0.4066,0.4453,1512,1875,1738,363
2459,"Texas Chainsaw Massacre, The (1974)",Horror,144,0.4931,3.2917,0.3588,0.4259,0.3991,0.4528,1512,1910,1713,398
522,Romper Stomper (1992),Action|Drama,66,0.1547,3.7273,0.6968,0.4258,0.5342,0.3174,1513,1371,2221,850
3685,Prizzi's Honor (1985),Comedy|Drama|Romance,85,0.2831,3.5765,0.5675,0.4253,0.4822,0.3684,1514,1584,2034,520
6932,Shattered Glass (2003),Crime|Drama,61,0.1161,3.7705,0.7341,0.4251,0.5487,0.3015,1515,1314,2298,984
8371,"Chronicles of Riddick, The (2004)",Action|Sci-Fi|Thriller,155,0.5191,3.2387,0.3305,0.4248,0.3871,0.4626,1516,1970,1663,454
3269,Forever Young (1992),Drama|Romance|Sci-Fi,164,0.5417,3.2104,0.3076,0.4247,0.3778,0.4715,1517,2002,1622,485
2722,Deep Blue Sea (1999),Action|Horror|Sci-Fi|Thriller,339,0.7659,2.6563,0.0832,0.4245,0.288,0.561,1518,2357,1292,1065
4889,Heist (2001),Crime|Drama,93,0.322,3.5269,0.527,0.4245,0.4655,0.3835,1519,1656,1970,451
3441,Red Dawn (1984),Action|Drama|War,147,0.5006,3.2721,0.3481,0.4244,0.3938,0.4549,1520,1934,1704,414
4508,Gorillas in the Mist (1988),Drama,86,0.2869,3.5698,0.5615,0.4242,0.4791,0.3693,1521,1603,2029,508
4535,"Man from Snowy River, The (1982)",Drama|Romance|Western,65,0.1478,3.7308,0.6999,0.4239,0.5343,0.3135,1522,1370,2241,871
5505,"Good Girl, The (2002)",Comedy|Drama,120,0.4244,3.3792,0.4215,0.4229,0.4224,0.4235,1523,1821,1834,311
112556,Gone Girl (2014),Drama|Thriller,54,0.0452,3.8426,0.7997,0.4225,0.5734,0.2716,1524,1228,2417,1189
53129,Mr. Brooks (2007),Crime|Drama|Thriller,63,0.1309,3.746,0.7141,0.4225,0.5391,0.3058,1524,1355,2276,921
4086,"Big Easy, The (1987)",Action|Crime|Mystery|Romance|Thriller,83,0.2706,3.5843,0.5734,0.422,0.4826,0.3614,1525,1583,2059,534
5065,"Mothman Prophecies, The (2002)",Drama|Fantasy|Horror|Mystery|Thriller,149,0.5066,3.2517,0.3374,0.422,0.3882,0.4558,1525,1963,1701,438
338,Virtuosity (1995),Action|Sci-Fi|Thriller,232,0.6576,2.9698,0.1864,0.422,0.3278,0.5162,1525,2195,1458,737
3254,Wayne's World 2 (1993),Comedy,241,0.6711,2.9357,0.1729,0.422,0.3224,0.5216,1525,2228,1428,800
1488,"Devil's Own, The (1997)",Action|Drama|Thriller,192,0.596,3.1068,0.2473,0.4217,0.3519,0.4914,1526,2106,1552,580
3606,On the Town (1949),Comedy|Musical|Romance,52,0.0229,3.8654,0.8195,0.4212,0.5805,0.2619,1527,1200,2461,1261
1135,Private Benjamin (1980),Comedy,194,0.5986,3.0979,0.2439,0.4212,0.3503,0.4922,1527,2110,1549,583
3826,Hollow Man (2000),Horror|Sci-Fi|Thriller,364,0.7834,2.5371,0.059,0.4212,0.2763,0.5661,1528,2393,1268,1125
52722,Spider-Man 3 (2007),Action|Adventure|Sci-Fi|Thriller|IMAX,204,0.6152,3.0613,0.2266,0.4209,0.3432,0.4986,1529,2140,1524,616
87306,Super 8 (2011),Mystery|Sci-Fi|Thriller|IMAX,78,0.2423,3.609,0.5992,0.4207,0.4921,0.3494,1530,1548,2115,585
4638,Jurassic Park III (2001),Action|Adventure|Sci-Fi|Thriller,314,0.7473,2.7054,0.0942,0.4207,0.2901,0.5514,1530,2349,1325,1024
43396,"World's Fastest Indian, The (2005)",Drama,70,0.1808,3.6857,0.6601,0.4204,0.5163,0.3246,1531,1451,2205,754
2693,Trekkies (1997),Documentary,93,0.322,3.5108,0.5188,0.4204,0.4598,0.3811,1531,1679,1982,451
3364,"Asphalt Jungle, The (1950)",Crime|Film-Noir,58,0.0873,3.7931,0.753,0.4201,0.5533,0.287,1532,1298,2359,1061
1429,First Strike (Police Story 4: First Strike) (Ging chaat goo si 4: Ji gaan daan yam mo) (1996),Action|Adventure|Comedy|Thriller,186,0.5844,3.1156,0.2555,0.42,0.3542,0.4858,1533,2094,1569,561
3733,"Paper Chase, The (1973)",Drama,73,0.2034,3.6507,0.6359,0.4196,0.5062,0.3331,1534,1496,2170,674
5957,Two Weeks Notice (2002),Comedy|Romance,134,0.4683,3.3097,0.371,0.4196,0.4002,0.4391,1534,1905,1769,371
3438,Teenage Mutant Ninja Turtles (1990),Action|Children|Comedy|Fantasy|Sci-Fi,263,0.6996,2.8517,0.1397,0.4196,0.3077,0.5316,1534,2286,1398,888
27808,Spanglish (2004),Comedy|Drama|Romance,111,0.3955,3.4099,0.4419,0.4187,0.428,0.4094,1535,1808,1880,345
195,Something to Talk About (1995),Comedy|Drama|Romance,179,0.5703,3.1369,0.2668,0.4185,0.3578,0.4793,1536,2079,1595,543
81,Things to Do in Denver When You're Dead (1995),Crime|Drama|Romance,155,0.5191,3.2226,0.3176,0.4184,0.3781,0.4587,1537,2000,1681,463
55363,"Assassination of Jesse James by the Coward Robert Ford, The (2007)",Crime|Drama|Western,93,0.322,3.5054,0.5144,0.4182,0.4567,0.3798,1538,1694,1988,450
58047,"Definitely, Maybe (2008)",Comedy|Drama|Romance,81,0.2611,3.5864,0.575,0.4181,0.4809,0.3553,1539,1593,2093,554
2334,"Siege, The (1998)",Action|Thriller,137,0.4768,3.292,0.3594,0.4181,0.3946,0.4416,1540,1931,1756,391
2616,Dick Tracy (1990),Action|Crime,305,0.7401,2.7098,0.0957,0.4179,0.289,0.5468,1541,2354,1343,1011
1085,"Old Man and the Sea, The (1958)",Adventure|Drama,70,0.1808,3.6786,0.6547,0.4178,0.5126,0.323,1542,1472,2209,737
2633,"Mummy, The (1932)",Horror|Romance,90,0.3076,3.5278,0.5279,0.4178,0.4618,0.3737,1542,1672,2012,470
743,Spy Hard (1996),Comedy,295,0.7316,2.7373,0.1033,0.4175,0.2918,0.5431,1543,2343,1358,985
3978,"Legend of Bagger Vance, The (2000)",Drama|Romance,137,0.4768,3.2883,0.3578,0.4173,0.3935,0.4411,1544,1937,1759,393
2126,Snake Eyes (1998),Action|Crime|Mystery|Thriller,244,0.6755,2.9037,0.1588,0.4171,0.3138,0.5205,1545,2264,1431,833
3354,Mission to Mars (2000),Sci-Fi,313,0.7467,2.6725,0.0866,0.4167,0.2847,0.5487,1546,2378,1335,1043
627,"Last Supper, The (1995)",Drama|Thriller,96,0.3362,3.4792,0.4965,0.4164,0.4484,0.3843,1547,1725,1968,421
2583,Cookie's Fortune (1999),Comedy|Drama,97,0.3409,3.4742,0.4918,0.4164,0.4465,0.3862,1547,1734,1962,415
2759,Dick (1999),Comedy,151,0.511,3.2285,0.3217,0.4164,0.3785,0.4542,1547,1998,1706,451
56775,National Treasure: Book of Secrets (2007),Action|Adventure,99,0.3503,3.4646,0.4824,0.4164,0.4428,0.3899,1548,1754,1947,399
1889,Insomnia (1997),Drama|Mystery|Thriller,81,0.2611,3.5802,0.5712,0.4162,0.4782,0.3542,1549,1607,2096,547
49286,"Holiday, The (2006)",Comedy|Romance,92,0.3176,3.5054,0.5148,0.4162,0.4556,0.3768,1549,1700,2003,454
2970,Fitzcarraldo (1982),Adventure|Drama,56,0.0675,3.8036,0.7646,0.416,0.5555,0.2766,1550,1291,2401,1110
2025,Lolita (1997),Drama|Romance,101,0.3559,3.4554,0.4758,0.4159,0.4399,0.3919,1551,1764,1939,388
3018,Re-Animator (1985),Comedy|Horror|Sci-Fi,106,0.3792,3.4198,0.4523,0.4157,0.4304,0.4011,1552,1798,1917,365
40732,"Descent, The (2005)",Adventure|Drama|Horror|Thriller,84,0.2768,3.5595,0.5527,0.4148,0.47,0.3596,1553,1638,2070,517
1644,I Know What You Did Last Summer (1997),Horror|Mystery|Thriller,354,0.7753,2.4887,0.0537,0.4145,0.2702,0.5588,1554,2413,1298,1115
6303,"Andromeda Strain, The (1971)",Mystery|Sci-Fi,86,0.2869,3.5465,0.5417,0.4143,0.4653,0.3633,1555,1658,2051,496
6541,"League of Extraordinary Gentlemen, The (a.k.a. LXG) (2003)",Action|Fantasy|Sci-Fi,256,0.6893,2.8516,0.1394,0.4143,0.3043,0.5243,1555,2297,1421,876
7151,Girl with a Pearl Earring (2003),Drama|Romance,95,0.3311,3.4789,0.4962,0.4137,0.4467,0.3807,1556,1732,1985,429
84954,"Adjustment Bureau, The (2011)",Romance|Sci-Fi|Thriller,77,0.2338,3.6039,0.5932,0.4135,0.4854,0.3417,1557,1569,2135,578
2505,8MM (1999),Drama|Mystery|Thriller,232,0.6576,2.9267,0.1692,0.4134,0.3157,0.511,1558,2258,1482,776
4754,"Wicker Man, The (1973)",Drama|Horror|Mystery|Thriller,69,0.1748,3.6739,0.6516,0.4132,0.5086,0.3179,1559,1486,2220,734
7444,13 Going on 30 (2004),Comedy|Fantasy|Romance,166,0.5471,3.1596,0.2793,0.4132,0.3597,0.4668,1559,2075,1640,516
1730,Kundun (1997),Drama,85,0.2831,3.5471,0.5427,0.4129,0.4648,0.361,1560,1661,2061,501
662,Fear (1996),Thriller,157,0.5239,3.1975,0.3019,0.4129,0.3685,0.4573,1560,2038,1691,478
60040,"Incredible Hulk, The (2008)",Action|Sci-Fi,125,0.4416,3.324,0.3829,0.4123,0.4005,0.424,1561,1903,1831,342
2953,Home Alone 2: Lost in New York (1992),Children|Comedy,345,0.7687,2.5072,0.0556,0.4121,0.2695,0.5547,1562,2414,1313,1101
3066,Tora! Tora! Tora! (1970),Action|Drama|War,89,0.3007,3.5225,0.5235,0.4121,0.4567,0.3675,1563,1695,2037,474
2282,Pecker (1998),Comedy|Drama,110,0.3917,3.3955,0.4325,0.4121,0.4203,0.404,1563,1830,1908,345
3986,"6th Day, The (2000)",Action|Sci-Fi|Thriller,220,0.6422,2.9523,0.1798,0.411,0.3185,0.5035,1564,2245,1507,738
2428,"Faculty, The (1998)",Horror|Sci-Fi,274,0.7116,2.7628,0.1105,0.411,0.2908,0.5312,1564,2346,1399,947
3264,Buffy the Vampire Slayer (1992),Action|Comedy|Horror,229,0.6529,2.9258,0.1685,0.4107,0.3138,0.5076,1565,2263,1494,769
46,How to Make an American Quilt (1995),Drama|Romance,139,0.4812,3.259,0.3399,0.4105,0.3823,0.4388,1566,1981,1770,415
5650,Strange Brew (1983),Comedy,72,0.1955,3.6389,0.6255,0.4105,0.4965,0.3245,1567,1526,2206,680
7324,Hidalgo (2004),Adventure|Drama,101,0.3559,3.4356,0.4648,0.4104,0.4322,0.3886,1568,1790,1953,385
58803,21 (2008),Crime|Drama|Romance|Thriller,121,0.4284,3.3388,0.392,0.4102,0.403,0.4175,1569,1890,1859,321
6170,"Black Stallion, The (1979)",Adventure|Children|Drama,51,0.0107,3.8529,0.8092,0.4099,0.5696,0.2502,1570,1243,2509,1266
5507,xXx (2002),Action|Crime|Thriller,217,0.6387,2.9539,0.1811,0.4099,0.3184,0.5014,1570,2247,1514,733
1882,Godzilla (1998),Action|Sci-Fi|Thriller,370,0.7872,2.35,0.0326,0.4099,0.259,0.5608,1570,2452,1293,1159
5055,Dragon: The Bruce Lee Story (1993),Action|Drama,83,0.2706,3.5542,0.5493,0.4099,0.4657,0.3542,1571,1654,2096,525
379,Timecop (1994),Action|Sci-Fi|Thriller,262,0.6977,2.8015,0.1218,0.4098,0.2946,0.525,1572,2335,1417,918
2805,Mickey Blue Eyes (1999),Comedy|Romance,233,0.6588,2.9056,0.1604,0.4096,0.3099,0.5093,1573,2275,1486,789
7934,Zelig (1983),Comedy,62,0.1227,3.7258,0.6959,0.4093,0.5239,0.2947,1574,1418,2326,908
37731,Green Street Hooligans (a.k.a. Hooligans) (2005),Crime|Drama,53,0.0326,3.8302,0.7856,0.4091,0.5597,0.2585,1575,1275,2473,1198
4292,Norma Rae (1979),Drama,53,0.0326,3.8302,0.7856,0.4091,0.5597,0.2585,1575,1275,2473,1198
97752,Cloud Atlas (2012),Drama|Sci-Fi|IMAX,66,0.1547,3.6894,0.6629,0.4088,0.5105,0.3072,1576,1478,2269,791
2402,Rambo: First Blood Part II (1985),Action|Adventure|Thriller,232,0.6576,2.9052,0.1601,0.4088,0.3093,0.5083,1576,2278,1492,786
2236,Simon Birch (1998),Drama,95,0.3311,3.4684,0.4856,0.4083,0.4392,0.3775,1577,1765,1998,421
7285,Thirteen (2003),Drama,95,0.3311,3.4684,0.4856,0.4083,0.4392,0.3775,1577,1765,1998,421
1948,Tom Jones (1963),Adventure|Comedy|Romance,75,0.2197,3.6067,0.597,0.4083,0.4838,0.3329,1578,1576,2171,595
2439,Affliction (1997),Drama,86,0.2869,3.5291,0.5292,0.408,0.4565,0.3596,1579,1697,2071,492
156,Blue in the Face (1995),Comedy|Drama,86,0.2869,3.5291,0.5292,0.408,0.4565,0.3596,1579,1697,2071,492
1414,Mother (1996),Comedy,97,0.3409,3.4536,0.4749,0.4079,0.4347,0.3811,1580,1782,1982,402
6873,Intolerable Cruelty (2003),Comedy|Romance,128,0.4498,3.3008,0.3657,0.4077,0.3909,0.4245,1581,1950,1827,369
2082,"Mighty Ducks, The (1992)",Children|Comedy,233,0.6588,2.8991,0.1557,0.4073,0.3066,0.5079,1582,2288,1493,795
27821,"Interpreter, The (2005)",Drama|Thriller,108,0.3845,3.3889,0.4288,0.4066,0.4155,0.3978,1583,1847,1925,342
1894,Six Days Seven Nights (1998),Adventure|Comedy|Romance,241,0.6711,2.8548,0.1416,0.4063,0.3004,0.5122,1584,2318,1476,842
4062,Mystic Pizza (1988),Comedy|Drama|Romance,118,0.4181,3.3432,0.3945,0.4063,0.4016,0.411,1585,1895,1878,310
1009,Escape to Witch Mountain (1975),Adventure|Children|Fantasy,160,0.5333,3.1594,0.279,0.4062,0.3553,0.457,1586,2091,1694,505
59615,Indiana Jones and the Kingdom of the Crystal Skull (2008),Action|Adventure|Comedy|Sci-Fi,208,0.6234,2.9712,0.1883,0.4058,0.3188,0.4928,1587,2244,1543,701
836,Chain Reaction (1996),Action|Adventure|Thriller,230,0.6547,2.9,0.1566,0.4057,0.3061,0.5053,1588,2291,1504,787
4349,Catch-22 (1970),Comedy|War,78,0.2423,3.5769,0.5678,0.4051,0.4702,0.34,1589,1636,2142,553
4061,"Man in the Moon, The (1991)",Drama|Romance,78,0.2423,3.5769,0.5678,0.4051,0.4702,0.34,1589,1636,2142,553
3016,Creepshow (1982),Horror,148,0.5035,3.2095,0.3063,0.4049,0.3655,0.4443,1590,2053,1741,463
2598,Pushing Tin (1999),Comedy,203,0.6133,2.9877,0.1965,0.4049,0.3215,0.4883,1590,2231,1563,668
4210,Manhunter (1986),Action|Crime|Drama|Horror|Thriller,83,0.2706,3.5422,0.5389,0.4047,0.4584,0.3511,1591,1684,2107,516
71464,"Serious Man, A (2009)",Comedy|Drama,61,0.1161,3.7213,0.693,0.4046,0.52,0.2892,1592,1429,2348,919
9,Sudden Death (1995),Action,191,0.5935,3.0393,0.2147,0.4041,0.3283,0.4799,1593,2193,1594,600
1306,Until the End of the World (Bis ans Ende der Welt) (1991),Adventure|Drama|Sci-Fi,59,0.0948,3.7458,0.7131,0.404,0.5276,0.2803,1594,1402,2389,987
7836,Woodstock (1970),Documentary|Musical,59,0.0948,3.7458,0.7131,0.404,0.5276,0.2803,1594,1402,2389,987
4006,Transformers: The Movie (1986),Adventure|Animation|Children|Sci-Fi,131,0.4589,3.2748,0.3487,0.4038,0.3818,0.4258,1595,1982,1819,387
3259,Far and Away (1992),Adventure|Drama|Romance,161,0.5358,3.146,0.2715,0.4036,0.3508,0.4565,1596,2108,1697,512
3156,Bicentennial Man (1999),Drama|Romance|Sci-Fi,201,0.6105,2.9876,0.1962,0.4033,0.3205,0.4862,1597,2237,1568,669
2861,For Love of the Game (1999),Comedy|Drama,128,0.4498,3.2852,0.3566,0.4032,0.3845,0.4218,1598,1974,1840,376
3244,"Goodbye Girl, The (1977)",Comedy|Romance,88,0.2954,3.5,0.5107,0.403,0.4461,0.3599,1599,1736,2067,468
1100,Days of Thunder (1990),Action|Drama|Romance,258,0.6927,2.7694,0.1124,0.4025,0.2865,0.5186,1600,2368,1441,927
3157,Stuart Little (1999),Children|Comedy|Fantasy,254,0.6871,2.7894,0.1177,0.4024,0.2885,0.5163,1601,2356,1457,899
46530,Superman Returns (2006),Action|Adventure|Sci-Fi|IMAX,154,0.5169,3.1721,0.2869,0.4019,0.3559,0.4479,1602,2089,1730,487
521,Romeo Is Bleeding (1993),Crime|Thriller,115,0.4109,3.3391,0.3927,0.4018,0.3981,0.4054,1603,1916,1899,313
540,Sliver (1993),Thriller,257,0.6915,2.7685,0.1121,0.4018,0.2859,0.5176,1603,2371,1448,923
73321,"Book of Eli, The (2010)",Action|Adventure|Drama,91,0.3136,3.4725,0.4896,0.4016,0.4368,0.3664,1604,1773,2042,438
2089,"Rescuers Down Under, The (1990)",Adventure|Animation|Children,116,0.4137,3.3362,0.3892,0.4014,0.3965,0.4063,1605,1923,1892,318
4545,Short Circuit (1986),Comedy|Sci-Fi,174,0.5609,3.092,0.242,0.4014,0.3377,0.4652,1605,2163,1649,558
6881,Pieces of April (2003),Comedy|Drama,72,0.1955,3.6181,0.6064,0.401,0.4831,0.3188,1606,1579,2218,639
2867,Fright Night (1985),Comedy|Horror|Thriller,105,0.3754,3.3857,0.4266,0.401,0.4112,0.3907,1606,1863,1944,338
1935,How Green Was My Valley (1941),Drama|Musical|Romance,54,0.0452,3.7963,0.7564,0.4008,0.5431,0.2586,1607,1340,2472,1132
56921,Battlestar Galactica: Razor (2007),Action|Drama|Sci-Fi|Thriller,61,0.1161,3.7131,0.6855,0.4008,0.5147,0.2869,1607,1458,2360,902
93510,21 Jump Street (2012),Action|Comedy|Crime,59,0.0948,3.7373,0.7065,0.4007,0.523,0.2783,1608,1420,2397,977
2735,"Golden Child, The (1986)",Action|Adventure|Comedy|Fantasy|Mystery,212,0.6293,2.934,0.172,0.4007,0.3092,0.4921,1608,2280,1550,730
4343,Evolution (2001),Comedy|Sci-Fi,252,0.6833,2.7857,0.1168,0.4,0.2867,0.5133,1609,2366,1471,895
1938,"Lost Weekend, The (1945)",Drama,57,0.0785,3.7544,0.7213,0.3999,0.5284,0.2713,1610,1395,2419,1024
7346,"Girl Next Door, The (2004)",Comedy|Romance,89,0.3007,3.4831,0.4981,0.3994,0.4389,0.3599,1611,1768,2068,457
4380,"Princess and the Warrior, The (Krieger und die Kaiserin, Der) (2000)",Drama|Romance,52,0.0229,3.8173,0.7756,0.3992,0.5498,0.2487,1612,1310,2512,1202
193,Showgirls (1995),Drama,352,0.774,2.25,0.0245,0.3992,0.2493,0.5492,1612,2485,1333,1152
550,Threesome (1994),Comedy|Romance,166,0.5471,3.1114,0.2511,0.3991,0.3399,0.4583,1613,2154,1684,541
4054,Save the Last Dance (2001),Drama|Romance,152,0.5119,3.1711,0.2859,0.3989,0.3537,0.4441,1614,2095,1744,481
2111,"Man with Two Brains, The (1983)",Comedy,109,0.3886,3.3624,0.409,0.3988,0.4029,0.3947,1615,1891,1934,319
56587,"Bucket List, The (2007)",Comedy|Drama,91,0.3136,3.467,0.4834,0.3985,0.4324,0.3645,1616,1787,2049,433
2146,St. Elmo's Fire (1985),Drama|Romance,158,0.527,3.1424,0.2699,0.3985,0.347,0.4499,1616,2123,1723,507
2442,Hilary and Jackie (1998),Drama,67,0.1626,3.6493,0.634,0.3983,0.4926,0.304,1617,1543,2286,743
57640,Hellboy II: The Golden Army (2008),Action|Adventure|Fantasy|Sci-Fi,111,0.3955,3.3514,0.4008,0.3981,0.3992,0.3971,1618,1909,1927,309
4178,Of Mice and Men (1939),Drama,53,0.0326,3.8019,0.763,0.3978,0.5439,0.2518,1619,1336,2502,1166
108932,The Lego Movie (2014),Action|Adventure|Animation|Children|Comedy|Fantasy,68,0.1692,3.6397,0.6262,0.3977,0.4891,0.3063,1620,1554,2274,720
2421,"Karate Kid, Part II, The (1986)",Action|Adventure|Drama,294,0.731,2.5561,0.0643,0.3977,0.2643,0.531,1620,2433,1401,1032
901,Funny Face (1957),Comedy|Musical,87,0.2928,3.4885,0.5019,0.3974,0.4392,0.3556,1621,1766,2091,470
52435,How the Grinch Stole Christmas! (1966),Animation|Comedy|Fantasy|Musical,64,0.1387,3.6797,0.656,0.3974,0.5008,0.2939,1622,1515,2330,815
45431,Over the Hedge (2006),Adventure|Animation|Children|Comedy,110,0.3917,3.3545,0.403,0.3974,0.3996,0.3951,1622,1908,1932,310
1541,Addicted to Love (1997),Comedy|Romance,130,0.4561,3.2577,0.3387,0.3974,0.3739,0.4208,1622,2018,1844,396
426,Body Snatchers (1993),Horror|Sci-Fi|Thriller,157,0.5239,3.1433,0.2702,0.397,0.3463,0.4478,1623,2125,1731,502
4069,"Wedding Planner, The (2001)",Comedy|Romance,230,0.6547,2.85,0.1387,0.3967,0.2935,0.4999,1624,2338,1519,819
42004,Transamerica (2005),Adventure|Comedy|Drama,56,0.0675,3.7589,0.7254,0.3964,0.528,0.2648,1625,1399,2452,1053
68073,"Boat That Rocked, The (a.k.a. Pirate Radio) (2009)",Comedy|Drama,51,0.0107,3.8235,0.7815,0.3961,0.5503,0.2419,1626,1306,2543,1237
6235,Europa Europa (Hitlerjunge Salomon) (1990),Drama|War,51,0.0107,3.8235,0.7815,0.3961,0.5503,0.2419,1626,1306,2543,1237
42632,Lady Vengeance (Sympathy for Lady Vengeance) (Chinjeolhan geumjassi) (2005),Crime|Drama|Mystery|Thriller,59,0.0948,3.7288,0.6974,0.3961,0.5166,0.2756,1627,1449,2405,956
3452,Romeo Must Die (2000),Action|Crime|Romance|Thriller,199,0.6067,2.9673,0.1852,0.396,0.3116,0.4803,1628,2269,1592,677
49961,Notes on a Scandal (2006),Drama,57,0.0785,3.7456,0.7128,0.3956,0.5225,0.2688,1629,1425,2431,1006
766,I Shot Andy Warhol (1996),Drama,83,0.2706,3.512,0.5198,0.3952,0.445,0.3453,1630,1740,2128,498
1480,Smilla's Sense of Snow (1997),Drama|Thriller,96,0.3362,3.4219,0.4539,0.395,0.4185,0.3715,1631,1835,2021,390
6287,Anger Management (2003),Comedy,207,0.6221,2.9227,0.1673,0.3947,0.3037,0.4857,1632,2301,1572,729
4728,Rat Race (2001),Comedy,180,0.5722,3.0444,0.2172,0.3947,0.3237,0.4657,1633,2224,1647,591
1554,"Pillow Book, The (1996)",Drama|Romance,64,0.1387,3.6719,0.6503,0.3945,0.4969,0.2922,1634,1525,2336,811
68319,X-Men Origins: Wolverine (2009),Action|Sci-Fi|Thriller,133,0.4661,3.2293,0.3227,0.3944,0.3657,0.4231,1635,2050,1837,415
76,Screamers (1995),Action|Sci-Fi|Thriller,167,0.5483,3.0868,0.2398,0.3941,0.3324,0.4558,1636,2179,1702,543
2411,Rocky IV (1985),Action|Drama,230,0.6547,2.837,0.1334,0.3941,0.2898,0.4983,1636,2350,1526,824
2747,"Little Shop of Horrors, The (1960)",Comedy|Horror,145,0.4959,3.1793,0.2919,0.3939,0.3531,0.4347,1637,2100,1784,463
2976,Bringing Out the Dead (1999),Drama,175,0.5631,3.0571,0.2244,0.3938,0.326,0.4615,1638,2207,1670,569
1030,Pete's Dragon (1977),Adventure|Animation|Children|Musical,159,0.5308,3.1164,0.2564,0.3936,0.3387,0.4485,1639,2157,1728,518
53318,Cashback (2006),Comedy|Drama|Romance,60,0.1061,3.7083,0.6805,0.3933,0.5082,0.2784,1640,1489,2396,907
7001,Invasion of the Body Snatchers (1978),Horror|Mystery|Sci-Fi|Thriller,71,0.1899,3.6056,0.5964,0.3931,0.4744,0.3118,1641,1623,2249,626
6534,Hulk (2003),Action|Adventure|Sci-Fi,256,0.6893,2.7148,0.097,0.3931,0.2747,0.5116,1641,2398,1478,920
34150,Fantastic Four (2005),Action|Adventure|Sci-Fi,174,0.5609,3.0575,0.225,0.393,0.3258,0.4601,1642,2211,1675,569
3618,Small Time Crooks (2000),Comedy|Crime,117,0.4153,3.3077,0.3691,0.3922,0.383,0.4014,1643,1978,1916,335
3591,Mr. Mom (1983),Comedy|Drama,146,0.4981,3.1712,0.2863,0.3922,0.3498,0.4346,1644,2114,1785,470
279,My Family (1995),Drama,57,0.0785,3.7368,0.7056,0.392,0.5175,0.2666,1645,1443,2439,996
3521,Mystery Train (1989),Comedy|Drama,57,0.0785,3.7368,0.7056,0.392,0.5175,0.2666,1645,1443,2439,996
1190,Tie Me Up! Tie Me Down! (¡Átame!) (1990),Crime|Drama|Romance,88,0.2954,3.4716,0.4887,0.392,0.4307,0.3534,1646,1794,2099,453
6709,Once Upon a Time in Mexico (2003),Action|Adventure|Crime|Thriller,155,0.5191,3.1323,0.2649,0.392,0.3412,0.4429,1646,2147,1748,501
2447,Varsity Blues (1999),Comedy|Drama,148,0.5035,3.1622,0.2803,0.3919,0.3472,0.4365,1647,2121,1782,474
3791,Footloose (1984),Drama,171,0.5562,3.0614,0.2269,0.3916,0.3257,0.4574,1648,2212,1690,564
2471,Crocodile Dundee II (1988),Action|Adventure|Comedy,269,0.7059,2.6134,0.0772,0.3916,0.2658,0.5173,1648,2427,1449,978
27728,Ghost in the Shell 2: Innocence (a.k.a. Innocence) (Inosensu) (2004),Action|Animation|Drama|Sci-Fi|Thriller,58,0.0873,3.7241,0.6952,0.3912,0.5128,0.2696,1649,1469,2426,957
709,Oliver & Company (1988),Adventure|Animation|Children|Comedy|Musical,125,0.4416,3.26,0.3409,0.3912,0.3711,0.4114,1649,2032,1876,383
4741,Together (Tillsammans) (2000),Comedy|Drama|Romance,51,0.0107,3.8137,0.7712,0.3909,0.543,0.2388,1650,1341,2553,1212
6214,Irreversible (Irréversible) (2002),Crime|Drama|Mystery|Thriller,68,0.1692,3.625,0.6121,0.3906,0.4792,0.302,1651,1601,2296,695
4980,Bill & Ted's Bogus Journey (1991),Adventure|Comedy|Fantasy|Sci-Fi,182,0.5766,3.0082,0.2043,0.3905,0.316,0.4649,1652,2257,1653,605
1401,Ghosts of Mississippi (1996),Drama,73,0.2034,3.589,0.5769,0.3901,0.4648,0.3154,1653,1660,2232,579
3053,"Messenger: The Story of Joan of Arc, The (1999)",Drama|War,142,0.489,3.1761,0.2897,0.3894,0.3495,0.4292,1654,2117,1807,463
4679,Uncle Buck (1989),Comedy,132,0.4636,3.2197,0.3148,0.3892,0.3594,0.419,1655,2076,1853,421
6538,Swimming Pool (2003),Drama|Mystery|Thriller,75,0.2197,3.5667,0.5581,0.3889,0.4566,0.3212,1656,1696,2214,558
1648,"House of Yes, The (1997)",Comedy|Drama,90,0.3076,3.4444,0.4699,0.3887,0.4212,0.3563,1657,1826,2088,431
248,Houseguest (1994),Comedy,180,0.5722,3.0083,0.2046,0.3884,0.3149,0.4619,1658,2260,1667,602
2004,Gremlins 2: The New Batch (1990),Comedy|Horror,224,0.646,2.8304,0.1303,0.3881,0.285,0.4912,1659,2376,1554,822
3266,Man Bites Dog (C'est arrivé près de chez vous) (1992),Comedy|Crime|Drama|Thriller,62,0.1227,3.6774,0.6532,0.3879,0.494,0.2819,1660,1536,2381,845
5325,Dogtown and Z-Boyz (2001),Documentary,51,0.0107,3.8039,0.7652,0.3879,0.5389,0.237,1661,1357,2561,1204
3927,Fantastic Voyage (1966),Adventure|Sci-Fi,79,0.2495,3.5253,0.5257,0.3876,0.4429,0.3324,1662,1753,2173,511
516,Renaissance Man (1994),Comedy|Drama,155,0.5191,3.1161,0.2561,0.3876,0.335,0.4402,1663,2173,1763,510
1187,Passion Fish (1992),Drama,68,0.1692,3.6176,0.6058,0.3875,0.4748,0.3002,1664,1622,2307,685
2533,Escape from the Planet of the Apes (1971),Action|Sci-Fi,163,0.5402,3.0767,0.2341,0.3872,0.326,0.4484,1665,2208,1729,543
3744,Shaft (2000),Action|Crime|Thriller,196,0.6017,2.9337,0.1717,0.3867,0.3007,0.4727,1666,2316,1618,698
74789,Alice in Wonderland (2010),Adventure|Fantasy|IMAX,137,0.4768,3.1861,0.296,0.3864,0.3502,0.4225,1667,2111,1839,444
2734,"Mosquito Coast, The (1986)",Adventure|Drama|Thriller,135,0.4711,3.1963,0.3013,0.3862,0.3523,0.4202,1668,2104,1848,436
3513,Rules of Engagement (2000),Drama|Thriller,116,0.4137,3.2888,0.3584,0.3861,0.375,0.3971,1669,2014,1926,345
6305,Fahrenheit 451 (1966),Drama|Sci-Fi,74,0.2122,3.5676,0.5596,0.3859,0.4554,0.3164,1670,1702,2226,556
4787,Little Man Tate (1991),Drama,64,0.1387,3.6484,0.6328,0.3858,0.4846,0.2869,1671,1573,2361,788
1591,Spawn (1997),Action|Adventure|Sci-Fi|Thriller,270,0.7065,2.5574,0.0647,0.3856,0.2572,0.514,1672,2458,1468,990
2346,"Stepford Wives, The (1975)",Mystery|Sci-Fi|Thriller,121,0.4284,3.2645,0.3427,0.3856,0.3685,0.4027,1673,2039,1911,366
64034,"Boy in the Striped Pajamas, The (Boy in the Striped Pyjamas, The) (2008)",Drama|War,59,0.0948,3.7034,0.6758,0.3853,0.5015,0.2691,1674,1511,2430,919
2901,Phantasm (1979),Horror|Sci-Fi,111,0.3955,3.3153,0.3748,0.3851,0.381,0.3893,1675,1987,1951,312
3917,Hellraiser (1987),Horror,110,0.3917,3.3182,0.377,0.3843,0.3814,0.3873,1676,1985,1958,309
46972,Night at the Museum (2006),Action|Comedy|Fantasy|IMAX,135,0.4711,3.1889,0.2976,0.3843,0.3496,0.4191,1676,2115,1851,439
2702,Summer of Sam (1999),Drama,164,0.5417,3.061,0.2263,0.384,0.3209,0.4471,1677,2234,1734,557
2943,Indochine (1992),Drama|Romance,63,0.1309,3.6508,0.6362,0.3836,0.4846,0.2825,1678,1572,2379,807
5541,Hot Shots! (1991),Action|Comedy|Romance|War,140,0.4837,3.1643,0.2825,0.3831,0.3428,0.4233,1679,2142,1835,463
996,Last Man Standing (1996),Action|Crime|Drama|Thriller,155,0.5191,3.1065,0.247,0.3831,0.3287,0.4375,1679,2191,1776,512
4214,Revenge of the Nerds (1984),Comedy,157,0.5239,3.0924,0.2423,0.3831,0.3268,0.4394,1679,2201,1768,522
1091,Weekend at Bernie's (1989),Comedy,241,0.6711,2.7075,0.0948,0.3829,0.2677,0.4982,1680,2420,1527,893
1627,U Turn (1997),Crime|Drama|Mystery,136,0.4743,3.1765,0.29,0.3821,0.3453,0.419,1681,2128,1852,447
86190,Hanna (2011),Action|Adventure|Mystery|Thriller,52,0.0229,3.7788,0.7411,0.382,0.5256,0.2384,1682,1408,2555,1147
2513,Pet Sematary (1989),Horror,186,0.5844,2.9516,0.1795,0.382,0.301,0.463,1682,2313,1660,653
3684,"Fabulous Baker Boys, The (1989)",Drama|Romance,103,0.365,3.3495,0.3986,0.3818,0.3885,0.3751,1683,1962,2008,325
3273,Scream 3 (2000),Comedy|Horror|Mystery|Thriller,283,0.72,2.4346,0.0436,0.3818,0.2465,0.5171,1683,2492,1450,1042
7347,Secret Window (2004),Mystery|Thriller,125,0.4416,3.228,0.3214,0.3815,0.3575,0.4056,1684,2082,1896,398
6157,Daredevil (2003),Action|Crime,250,0.682,2.636,0.08,0.381,0.2606,0.5014,1685,2446,1514,932
4021,Before Night Falls (2000),Drama,57,0.0785,3.7105,0.6827,0.3806,0.5014,0.2597,1686,1512,2468,956
5602,"Ladykillers, The (1955)",Comedy|Crime,50,0.0,3.8,0.7608,0.3804,0.5326,0.2282,1687,1379,2589,1210
33171,Mysterious Skin (2004),Drama|Mystery,50,0.0,3.8,0.7608,0.3804,0.5326,0.2282,1687,1379,2589,1210
6593,Freaky Friday (2003),Children|Comedy|Fantasy,133,0.4661,3.1842,0.2944,0.3803,0.3459,0.4146,1688,2126,1864,438
3111,Places in the Heart (1984),Drama,55,0.0549,3.7364,0.7053,0.3801,0.5102,0.25,1689,1481,2510,1029
2059,"Parent Trap, The (1998)",Children|Comedy|Romance,143,0.4918,3.1399,0.2684,0.3801,0.3354,0.4248,1689,2170,1825,481
20,Money Train (1995),Action|Comedy|Crime|Drama|Thriller,202,0.6124,2.8762,0.1475,0.3799,0.287,0.4729,1690,2364,1617,747
1255,Bad Taste (1987),Comedy|Horror|Sci-Fi,89,0.3007,3.427,0.4586,0.3796,0.4112,0.3481,1691,1862,2119,428
5959,Narc (2002),Crime|Drama|Thriller,71,0.1899,3.5775,0.5687,0.3793,0.4551,0.3035,1692,1703,2288,596
60072,Wanted (2008),Action|Thriller,133,0.4661,3.1805,0.2925,0.3793,0.3446,0.414,1692,2135,1866,443
70293,Julie & Julia (2009),Comedy|Drama|Romance,65,0.1478,3.6231,0.6105,0.3792,0.4717,0.2866,1693,1631,2362,731
2718,Drop Dead Gorgeous (1999),Comedy,153,0.5135,3.098,0.2442,0.3788,0.325,0.4327,1694,2215,1791,521
3113,End of Days (1999),Action|Fantasy|Horror|Mystery|Thriller,242,0.6733,2.6632,0.0844,0.3788,0.2611,0.4966,1694,2443,1533,910
1334,"Blob, The (1958)",Horror|Sci-Fi,144,0.4931,3.1319,0.2646,0.3788,0.3331,0.4245,1695,2177,1826,482
2942,Flashdance (1983),Drama|Romance,176,0.565,2.9801,0.1924,0.3787,0.3042,0.4532,1696,2298,1710,602
48997,Perfume: The Story of a Murderer (2006),Crime|Drama|Thriller,74,0.2122,3.5473,0.5433,0.3777,0.444,0.3115,1697,1746,2251,554
5316,Enigma (2001),Romance|Thriller,52,0.0229,3.7692,0.7323,0.3776,0.5195,0.2357,1698,1432,2566,1134
880,"Island of Dr. Moreau, The (1996)",Sci-Fi|Thriller,281,0.7163,2.3861,0.0374,0.3768,0.241,0.5126,1699,2513,1474,1039
56941,P.S. I Love You (2007),Comedy|Drama|Romance,57,0.0785,3.7018,0.6745,0.3765,0.4957,0.2573,1700,1531,2475,944
674,Barbarella (1968),Adventure|Comedy|Sci-Fi,183,0.5788,2.9372,0.1736,0.3762,0.2951,0.4572,1701,2333,1692,641
47999,Jesus Camp (2006),Documentary|Drama,55,0.0549,3.7273,0.6968,0.3759,0.5042,0.2475,1702,1501,2519,1018
407,In the Mouth of Madness (1995),Horror|Thriller,90,0.3076,3.4111,0.4441,0.3759,0.4032,0.3486,1703,1887,2118,415
1974,Friday the 13th (1980),Horror|Mystery|Thriller,192,0.596,2.8984,0.1554,0.3757,0.2876,0.4638,1704,2359,1658,701
3701,Alien Nation (1988),Crime|Drama|Sci-Fi|Thriller,130,0.4561,3.1846,0.295,0.3755,0.3433,0.4078,1705,2139,1886,434
44022,Ice Age 2: The Meltdown (2006),Adventure|Animation|Children|Comedy,111,0.3955,3.2838,0.3553,0.3754,0.3674,0.3834,1706,2043,1971,337
3102,Jagged Edge (1985),Crime|Romance|Thriller,70,0.1808,3.5786,0.5697,0.3752,0.453,0.2975,1707,1710,2318,611
2363,Godzilla (Gojira) (1954),Drama|Horror|Sci-Fi,128,0.4498,3.1953,0.2997,0.3748,0.3448,0.4048,1708,2134,1903,426
48696,Little Children (2006),Drama|Romance,59,0.0948,3.678,0.6538,0.3743,0.4861,0.2625,1709,1566,2459,893
4700,"Princess Diaries, The (2001)",Children|Comedy|Romance,134,0.4683,3.1604,0.28,0.3741,0.3365,0.4118,1710,2168,1872,458
7317,EuroTrip (2004),Adventure|Comedy,97,0.3409,3.3608,0.4071,0.374,0.3872,0.3607,1711,1969,2062,351
239,"Goofy Movie, A (1995)",Animation|Children|Comedy|Romance,162,0.5383,3.0247,0.2097,0.374,0.3083,0.4397,1711,2284,1766,573
2416,Back to School (1986),Comedy,141,0.4862,3.1241,0.2615,0.3738,0.3289,0.4188,1712,2189,1855,477
4866,"Last Castle, The (2001)",Action,73,0.2034,3.5479,0.5439,0.3737,0.4418,0.3056,1713,1757,2278,565
2891,"Happy, Texas (1999)",Comedy,76,0.2272,3.5132,0.5201,0.3737,0.4322,0.3151,1713,1789,2234,521
3861,"Replacements, The (2000)",Comedy,136,0.4743,3.1471,0.2724,0.3734,0.333,0.4137,1714,2178,1867,464
1457,Fools Rush In (1997),Comedy|Drama|Romance,149,0.5066,3.0872,0.2401,0.3734,0.3201,0.4266,1715,2238,1816,523
533,"Shadow, The (1994)",Action|Adventure|Fantasy|Mystery,179,0.5703,2.9441,0.1764,0.3734,0.2946,0.4521,1715,2335,1718,620
7454,Van Helsing (2004),Action|Adventure|Fantasy|Horror,196,0.6017,2.8673,0.145,0.3734,0.282,0.4647,1715,2383,1654,729
95167,Brave (2012),Action|Adventure|Animation|Children,69,0.1748,3.5797,0.5709,0.3729,0.4521,0.2937,1716,1715,2332,617
3565,Where the Heart Is (2000),Comedy|Drama,94,0.3271,3.3777,0.4187,0.3729,0.3912,0.3546,1716,1949,2095,379
171,Jeffrey (1995),Comedy|Drama,72,0.1955,3.5556,0.5499,0.3727,0.4436,0.3019,1717,1747,2297,580
7265,"Dreamers, The (2003)",Drama,53,0.0326,3.7453,0.7125,0.3726,0.5085,0.2366,1718,1487,2563,1076
4464,"Accidental Tourist, The (1988)",Comedy|Drama|Romance,77,0.2338,3.5,0.5107,0.3723,0.4276,0.3169,1719,1809,2223,504
37830,Final Fantasy VII: Advent Children (2004),Action|Adventure|Animation|Fantasy|Sci-Fi,84,0.2768,3.4405,0.467,0.3719,0.41,0.3339,1720,1870,2166,446
7325,Starsky & Hutch (2004),Action|Comedy|Crime|Thriller,177,0.5675,2.9435,0.1761,0.3718,0.2935,0.4501,1721,2339,1722,618
3760,"Kentucky Fried Movie, The (1977)",Comedy,76,0.2272,3.5066,0.5163,0.3718,0.4296,0.314,1722,1802,2239,517
2642,Superman III (1983),Action|Adventure|Sci-Fi,260,0.6962,2.4635,0.0471,0.3716,0.2418,0.5014,1723,2508,1513,995
2155,"Slums of Beverly Hills, The (1998)",Comedy|Drama,86,0.2869,3.4244,0.4561,0.3715,0.4053,0.3376,1724,1880,2150,426
4015,"Dude, Where's My Car? (2000)",Comedy|Sci-Fi,258,0.6927,2.4748,0.0502,0.3715,0.243,0.5,1724,2504,1518,986
2940,Gilda (1946),Drama|Film-Noir|Mystery|Romance,50,0.0,3.78,0.7426,0.3713,0.5198,0.2228,1725,1430,2602,1172
2060,BASEketball (1998),Comedy,125,0.4416,3.196,0.3007,0.3712,0.343,0.3993,1726,2141,1920,415
6663,"Pink Panther Strikes Again, The (1976)",Comedy|Crime,66,0.1547,3.5985,0.5869,0.3708,0.4573,0.2844,1727,1692,2370,678
3598,Hamlet (2000),Crime|Drama|Romance|Thriller,77,0.2338,3.4935,0.5072,0.3705,0.4252,0.3159,1728,1814,2229,501
506,Orlando (1992),Drama|Fantasy|Romance,60,0.1061,3.65,0.6343,0.3702,0.4759,0.2646,1729,1618,2453,835
106489,"Hobbit: The Desolation of Smaug, The (2013)",Adventure|Fantasy|IMAX,72,0.1955,3.5486,0.5446,0.3701,0.4399,0.3003,1730,1764,2306,576
5171,"Time Machine, The (2002)",Action|Adventure|Sci-Fi,182,0.5766,2.9121,0.1629,0.3697,0.287,0.4525,1731,2363,1716,647
1499,Anaconda (1997),Action|Adventure|Thriller,287,0.7238,2.1202,0.0157,0.3697,0.2281,0.5114,1731,2547,1480,1067
5508,24 Hour Party People (2002),Comedy|Drama|Musical,69,0.1748,3.5725,0.5643,0.3696,0.4475,0.2917,1732,1728,2338,610
3968,Bedazzled (2000),Comedy,199,0.6067,2.8342,0.1318,0.3693,0.2743,0.4642,1733,2401,1656,745
6890,Elephant (2003),Drama,86,0.2869,3.4186,0.4513,0.3691,0.402,0.3362,1734,1894,2156,422
3258,Death Becomes Her (1992),Comedy|Fantasy,164,0.5417,2.9848,0.1952,0.3685,0.2992,0.4378,1735,2324,1774,589
2072,"'burbs, The (1989)",Comedy,158,0.527,3.0253,0.21,0.3685,0.3051,0.4319,1736,2295,1796,559
2794,European Vacation (aka National Lampoon's European Vacation) (1985),Adventure|Comedy|Romance,153,0.5135,3.0523,0.2225,0.368,0.3098,0.4262,1737,2276,1817,539
1388,Jaws 2 (1978),Horror|Thriller,236,0.6642,2.5869,0.0716,0.3679,0.2493,0.4864,1738,2484,1567,917
5881,Solaris (2002),Drama|Romance|Sci-Fi,157,0.5239,3.0287,0.2116,0.3677,0.3052,0.4302,1739,2294,1802,555
45210,United 93 (2006),Crime|Drama,77,0.2338,3.487,0.5013,0.3675,0.421,0.3141,1740,1827,2238,498
5572,Barbershop (2002),Comedy,91,0.3136,3.3791,0.4212,0.3674,0.3889,0.3459,1741,1958,2126,385
2889,"Mystery, Alaska (1999)",Children|Comedy,104,0.3707,3.2981,0.3635,0.3671,0.3656,0.3685,1742,2051,2033,309
1379,Young Guns II (1990),Action|Western,161,0.5358,2.9907,0.1981,0.3669,0.2994,0.4345,1743,2322,1787,579
546,Super Mario Bros. (1993),Action|Adventure|Children|Comedy|Fantasy|Sci-Fi,287,0.7238,1.9948,0.0097,0.3668,0.2239,0.5096,1744,2562,1484,1078
7063,"Aguirre: The Wrath of God (Aguirre, der Zorn Gottes) (1972)",Adventure|Drama,50,0.0,3.77,0.7332,0.3666,0.5132,0.22,1745,1467,2610,1143
27790,Millions (2004),Children|Comedy|Crime|Drama|Fantasy,50,0.0,3.77,0.7332,0.3666,0.5132,0.22,1745,1467,2610,1143
1588,George of the Jungle (1997),Children|Comedy,206,0.6199,2.7694,0.1127,0.3663,0.2648,0.4677,1746,2432,1637,795
2184,"Trouble with Harry, The (1955)",Comedy|Mystery,80,0.2558,3.4562,0.4765,0.3661,0.4103,0.322,1747,1867,2211,464
2344,Runaway Train (1985),Action|Adventure|Drama|Thriller,86,0.2869,3.4128,0.4454,0.3661,0.3978,0.3344,1747,1919,2163,416
4232,Spy Kids (2001),Action|Adventure|Children|Comedy,199,0.6067,2.809,0.1243,0.3655,0.269,0.462,1748,2416,1666,750
106916,American Hustle (2013),Crime|Drama,58,0.0873,3.6638,0.6431,0.3652,0.4764,0.254,1749,1616,2487,871
574,Spanking the Monkey (1994),Comedy|Drama,75,0.2197,3.5,0.5107,0.3652,0.4234,0.307,1750,1818,2271,521
4639,America's Sweethearts (2001),Comedy|Romance,204,0.6152,2.7794,0.1149,0.365,0.265,0.4651,1751,2430,1651,779
640,Diabolique (1996),Drama|Thriller,156,0.5217,3.016,0.2075,0.3646,0.3017,0.4274,1752,2311,1814,559
4992,Kate & Leopold (2001),Comedy|Romance,157,0.5239,3.0096,0.205,0.3644,0.3006,0.4282,1753,2317,1810,564
69406,"Proposal, The (2009)",Comedy|Romance,67,0.1626,3.5746,0.5659,0.3642,0.4449,0.2836,1754,1741,2375,634
3825,Coyote Ugly (2000),Comedy|Drama|Romance,208,0.6234,2.7404,0.1045,0.3639,0.2602,0.4677,1755,2448,1638,810
4052,Antitrust (2001),Crime|Drama|Thriller,115,0.4109,3.2217,0.3167,0.3638,0.3449,0.3826,1756,2131,1975,375
2375,"Money Pit, The (1986)",Comedy,174,0.5609,2.9224,0.1664,0.3636,0.2847,0.4425,1757,2377,1749,628
110102,Captain America: The Winter Soldier (2014),Action|Adventure|Sci-Fi|IMAX,69,0.1748,3.558,0.5521,0.3635,0.4389,0.288,1758,1767,2354,596
378,Speechless (1994),Comedy|Romance,129,0.4526,3.1512,0.2743,0.3635,0.3278,0.3991,1758,2194,1921,436
5293,Changing Lanes (2002),Drama|Thriller,119,0.4222,3.2017,0.3035,0.3628,0.3391,0.3866,1759,2156,1961,397
1483,Crash (1996),Drama|Thriller,150,0.5091,3.0433,0.2166,0.3628,0.3043,0.4213,1759,2297,1843,538
6548,Bad Boys II (2003),Action|Comedy|Crime|Thriller,148,0.5035,3.0507,0.2219,0.3627,0.3064,0.419,1760,2290,1852,530
917,"Little Princess, The (1939)",Children|Drama,62,0.1227,3.6129,0.6017,0.3622,0.458,0.2664,1761,1689,2441,752
94864,Prometheus (2012),Action|Horror|Sci-Fi|IMAX,86,0.2869,3.4012,0.4372,0.3621,0.3921,0.332,1762,1942,2176,414
3249,"Hand That Rocks the Cradle, The (1992)",Drama|Thriller,136,0.4743,3.1103,0.2498,0.3621,0.3172,0.4069,1762,2251,1888,489
2719,"Haunting, The (1999)",Horror|Thriller,241,0.6711,2.4876,0.053,0.3621,0.2384,0.4857,1762,2522,1573,949
5308,Three Men and a Baby (1987),Comedy,179,0.5703,2.8939,0.1538,0.3621,0.2788,0.4454,1763,2389,1737,652
5146,Vampire Hunter D: Bloodlust (Banpaia hantâ D) (2000),Animation|Fantasy|Horror|Sci-Fi,73,0.2034,3.5137,0.5204,0.3619,0.4253,0.2985,1764,1813,2316,552
267,Major Payne (1995),Comedy,188,0.5885,2.8404,0.1353,0.3619,0.2712,0.4525,1764,2411,1715,696
65,Bio-Dome (1996),Comedy,253,0.6861,2.3874,0.0377,0.3619,0.2322,0.4916,1764,2531,1551,980
3341,Born Yesterday (1950),Comedy,53,0.0326,3.717,0.6908,0.3617,0.4934,0.2301,1765,1539,2582,1043
57274,[REC] (2007),Drama|Horror|Thriller,53,0.0326,3.717,0.6908,0.3617,0.4934,0.2301,1765,1539,2582,1043
82461,Tron: Legacy (2010),Action|Adventure|Sci-Fi|IMAX,82,0.2649,3.4268,0.4583,0.3616,0.4003,0.3229,1766,1904,2210,444
2518,Night Shift (1982),Comedy,100,0.3537,3.305,0.3682,0.361,0.3638,0.3581,1767,2060,2079,312
190,Safe (1995),Thriller,54,0.0452,3.7037,0.6761,0.3606,0.4868,0.2345,1768,1564,2569,1005
851,Basquiat (1996),Drama,95,0.3311,3.3368,0.3901,0.3606,0.3724,0.3488,1768,2023,2117,349
6156,Shanghai Knights (2003),Action|Adventure|Comedy,124,0.4382,3.1653,0.2828,0.3605,0.3294,0.3916,1769,2187,1941,418
4366,Atlantis: The Lost Empire (2001),Adventure|Animation|Children|Fantasy,114,0.4065,3.2193,0.3142,0.3603,0.3419,0.3788,1770,2145,1993,375
3480,Lucas (1986),Drama|Romance,64,0.1387,3.5937,0.5816,0.3602,0.4487,0.2716,1771,1724,2416,692
694,"Substitute, The (1996)",Action|Crime|Drama,145,0.4959,3.0552,0.2238,0.3599,0.3054,0.4143,1772,2293,1865,521
6591,"Magdalene Sisters, The (2002)",Drama,55,0.0549,3.6909,0.6645,0.3597,0.4816,0.2378,1773,1588,2556,968
2929,Reds (1981),Drama|Romance,74,0.2122,3.4932,0.5069,0.3595,0.4185,0.3006,1774,1836,2303,529
3040,Meatballs (1979),Comedy,108,0.3845,3.2407,0.3318,0.3581,0.3476,0.3687,1775,2120,2032,345
1327,"Amityville Horror, The (1979)",Drama|Horror|Mystery|Thriller,150,0.5091,3.0133,0.2068,0.358,0.2975,0.4184,1776,2325,1856,549
3932,"Invisible Man, The (1933)",Horror|Sci-Fi,67,0.1626,3.5597,0.553,0.3578,0.4359,0.2797,1777,1778,2392,615
3185,Snow Falling on Cedars (1999),Drama,103,0.365,3.2767,0.3506,0.3578,0.3549,0.3607,1778,2093,2063,315
1051,Trees Lounge (1996),Drama,78,0.2423,3.4487,0.473,0.3577,0.4038,0.3115,1779,1886,2251,472
2015,"Absent-Minded Professor, The (1961)",Children|Comedy|Fantasy,113,0.4024,3.2168,0.3129,0.3577,0.3398,0.3755,1779,2155,2007,376
3998,Proof of Life (2000),Drama,130,0.4561,3.1192,0.2583,0.3572,0.3176,0.3967,1780,2250,1929,470
39381,"Proposition, The (2005)",Crime|Drama|Western,54,0.0452,3.6944,0.6685,0.3569,0.4815,0.2322,1781,1589,2576,987
1422,Murder at 1600 (1997),Crime|Drama|Mystery|Thriller,144,0.4931,3.0486,0.2203,0.3567,0.3022,0.4113,1782,2306,1877,524
2986,RoboCop 2 (1990),Action|Crime|Sci-Fi|Thriller,240,0.6695,2.4333,0.0433,0.3564,0.2312,0.4816,1783,2538,1587,951
8633,"Last Starfighter, The (1984)",Action|Adventure|Comedy|Sci-Fi,75,0.2197,3.4733,0.4915,0.3556,0.41,0.3013,1784,1868,2300,516
464,Hard Target (1993),Action|Adventure|Crime|Thriller,159,0.5308,2.9528,0.1805,0.3556,0.2856,0.4257,1784,2372,1821,588
59501,"Chronicles of Narnia: Prince Caspian, The (2008)",Adventure|Children|Fantasy,79,0.2495,3.4304,0.4614,0.3555,0.3978,0.3131,1785,1918,2242,457
42,Dead Presidents (1995),Action|Crime|Drama,123,0.4341,3.1545,0.2768,0.3555,0.324,0.3869,1785,2223,1960,438
2443,Playing by Heart (1998),Drama|Romance,67,0.1626,3.5522,0.548,0.3553,0.4324,0.2782,1786,1788,2398,612
3274,Single White Female (1992),Drama|Thriller,142,0.489,3.0493,0.2213,0.3551,0.3016,0.4087,1787,2312,1883,525
60756,Step Brothers (2008),Comedy,68,0.1692,3.5441,0.5405,0.3548,0.4291,0.2806,1788,1805,2387,599
3204,"Boys from Brazil, The (1978)",Action|Mystery|Thriller,77,0.2338,3.4545,0.4755,0.3547,0.403,0.3063,1789,1889,2273,484
1342,Candyman (1992),Horror|Thriller,182,0.5766,2.8352,0.1328,0.3547,0.2659,0.4434,1789,2426,1746,680
1556,Speed 2: Cruise Control (1997),Action|Romance|Thriller,268,0.705,1.8526,0.0044,0.3547,0.2146,0.4948,1789,2592,1536,1056
1753,Half Baked (1998),Comedy,120,0.4244,3.1667,0.2837,0.354,0.3259,0.3822,1790,2209,1979,419
6503,Charlie's Angels: Full Throttle (2003),Action|Adventure|Comedy|Crime|Thriller,207,0.6221,2.6715,0.086,0.354,0.2468,0.4613,1790,2491,1671,820
3576,"Hidden, The (1987)",Action|Horror|Sci-Fi,64,0.1387,3.5781,0.5691,0.3539,0.44,0.2678,1791,1763,2434,671
105844,12 Years a Slave (2013),Drama,52,0.0229,3.7115,0.6842,0.3536,0.4858,0.2213,1792,1567,2607,1040
6093,"Last Unicorn, The (1982)",Animation|Children|Fantasy,52,0.0229,3.7115,0.6842,0.3536,0.4858,0.2213,1792,1567,2607,1040
1014,Pollyanna (1960),Children|Comedy|Drama,90,0.3076,3.35,0.3992,0.3534,0.3718,0.3351,1793,2028,2159,366
2159,Henry: Portrait of a Serial Killer (1986),Crime|Horror|Thriller,86,0.2869,3.3779,0.419,0.353,0.3794,0.3265,1794,1994,2195,401
2287,Them! (1954),Horror|Sci-Fi|Thriller,88,0.2954,3.3636,0.4102,0.3528,0.3758,0.3298,1795,2013,2186,391
2171,Next Stop Wonderland (1998),Comedy|Drama|Romance,57,0.0785,3.6404,0.6268,0.3526,0.4623,0.243,1796,1668,2538,870
374,Richie Rich (1994),Children|Comedy,235,0.6626,2.417,0.0417,0.3522,0.228,0.4763,1797,2548,1607,941
1689,"Man Who Knew Too Little, The (1997)",Comedy|Crime|Thriller,109,0.3886,3.2202,0.3154,0.352,0.3374,0.3666,1798,2165,2041,367
8937,Friday Night Lights (2004),Action|Drama,69,0.1748,3.529,0.5289,0.3519,0.4227,0.281,1799,1820,2386,587
122,Boomerang (1992),Comedy|Romance,185,0.5829,2.7973,0.1205,0.3517,0.2592,0.4442,1800,2451,1743,708
3786,But I'm a Cheerleader (1999),Comedy,89,0.3007,3.3539,0.4024,0.3515,0.3719,0.3312,1801,2027,2179,378
3981,Red Planet (2000),Action|Sci-Fi|Thriller,168,0.5499,2.8929,0.1532,0.3515,0.2722,0.4309,1801,2407,1798,609
1366,"Crucible, The (1996)",Drama,100,0.3537,3.275,0.349,0.3514,0.3504,0.3523,1802,2109,2102,307
419,"Beverly Hillbillies, The (1993)",Comedy,234,0.6616,2.3974,0.0395,0.3506,0.2262,0.475,1803,2555,1611,944
5449,Mr. Deeds (2002),Comedy|Romance,178,0.5694,2.8315,0.1306,0.35,0.2622,0.4377,1804,2439,1775,664
358,Higher Learning (1995),Drama,106,0.3792,3.2264,0.3198,0.3495,0.3376,0.3614,1805,2164,2060,359
1827,"Big One, The (1997)",Comedy|Documentary,51,0.0107,3.7157,0.6883,0.3495,0.485,0.214,1806,1570,2636,1066
79357,Mr. Nobody (2009),Drama|Fantasy|Romance|Sci-Fi,50,0.0,3.73,0.6987,0.3493,0.4891,0.2096,1807,1555,2651,1096
5785,Jackass: The Movie (2002),Action|Comedy|Documentary,151,0.511,2.9702,0.1868,0.3489,0.284,0.4137,1808,2380,1867,572
5051,Italian for Beginners (Italiensk for begyndere) (2000),Comedy|Drama|Romance,56,0.0675,3.6429,0.6299,0.3487,0.4612,0.2362,1809,1674,2564,890
53953,1408 (2007),Drama|Horror|Thriller,120,0.4244,3.15,0.2731,0.3487,0.3185,0.379,1810,2246,1991,436
111759,Edge of Tomorrow (2014),Action|Sci-Fi|IMAX,66,0.1547,3.5455,0.5411,0.3479,0.4252,0.2707,1811,1814,2422,611
3682,Magnum Force (1973),Action|Crime|Drama|Thriller,69,0.1748,3.5145,0.521,0.3479,0.4172,0.2787,1811,1839,2395,584
31804,Night Watch (Nochnoy dozor) (2004),Action|Fantasy|Horror|Mystery|Sci-Fi|Thriller,63,0.1309,3.5714,0.5637,0.3473,0.4339,0.2607,1812,1784,2464,680
2097,Something Wicked This Way Comes (1983),Children|Drama|Fantasy|Mystery|Thriller,76,0.2272,3.4408,0.4674,0.3473,0.3953,0.2993,1812,1927,2312,500
62374,Body of Lies (2008),Action|Drama|Thriller,60,0.1061,3.6,0.5882,0.3471,0.4436,0.2507,1813,1748,2506,758
51080,Breach (2007),Drama|Thriller,64,0.1387,3.5625,0.5556,0.3471,0.4305,0.2638,1813,1797,2454,657
1021,Angels in the Outfield (1994),Children|Comedy,186,0.5844,2.7608,0.1099,0.3471,0.2522,0.4421,1813,2475,1753,722
56145,"Mist, The (2007)",Horror|Sci-Fi,93,0.322,3.3118,0.3719,0.347,0.357,0.337,1814,2085,2154,340
2253,Toys (1992),Comedy|Fantasy,202,0.6124,2.646,0.0816,0.347,0.2408,0.4531,1815,2514,1711,803
4039,Annie (1982),Children|Musical,125,0.4416,3.112,0.252,0.3468,0.3089,0.3847,1816,2282,1965,466
4553,They Live (1988),Action|Sci-Fi|Thriller,73,0.2034,3.4726,0.49,0.3467,0.404,0.2894,1817,1884,2347,530
3179,Angela's Ashes (1999),Drama,69,0.1748,3.5072,0.5166,0.3457,0.4141,0.2774,1818,1850,2400,582
1130,"Howling, The (1980)",Horror|Mystery,103,0.365,3.233,0.3264,0.3457,0.338,0.3535,1818,2161,2098,343
421,Black Beauty (1994),Adventure|Children|Drama,82,0.2649,3.3841,0.425,0.3449,0.377,0.3129,1819,2011,2244,425
5222,Kissing Jessica Stein (2001),Comedy|Romance,88,0.2954,3.3409,0.3933,0.3443,0.3639,0.3247,1820,2059,2203,383
1794,Love and Death on Long Island (1997),Comedy|Drama,58,0.0873,3.6121,0.6011,0.3442,0.4469,0.2414,1821,1731,2545,814
6785,Seven Brides for Seven Brothers (1954),Comedy|Musical|Romance|Western,51,0.0107,3.7059,0.6773,0.344,0.4773,0.2107,1822,1612,2649,1037
6617,Open Range (2003),Western,56,0.0675,3.6339,0.6202,0.3438,0.4544,0.2333,1823,1707,2571,864
12,Dracula: Dead and Loving It (1995),Comedy|Horror,192,0.596,2.6875,0.091,0.3435,0.2425,0.4445,1824,2506,1739,767
4291,Nine to Five (a.k.a. 9 to 5) (1980),Comedy|Crime,97,0.3409,3.268,0.3459,0.3434,0.3444,0.3424,1825,2136,2133,311
2178,Frenzy (1972),Thriller,55,0.0549,3.6455,0.6312,0.3431,0.4583,0.2278,1826,1685,2591,906
347,Bitter Moon (1992),Drama|Film-Noir|Romance,73,0.2034,3.4658,0.4827,0.3431,0.3989,0.2872,1826,1911,2358,532
542,Son in Law (1993),Comedy|Drama|Romance,171,0.5562,2.8275,0.1293,0.3427,0.2574,0.4281,1827,2457,1811,646
4994,"Majestic, The (2001)",Comedy|Drama|Romance,102,0.361,3.2304,0.3236,0.3423,0.3348,0.3497,1828,2174,2113,346
1425,Fierce Creatures (1997),Comedy,126,0.4454,3.0833,0.2382,0.3418,0.3004,0.3832,1829,2319,1973,490
1920,Small Soldiers (1998),Animation|Children|Fantasy|War,184,0.58,2.7364,0.103,0.3415,0.2461,0.4369,1830,2494,1778,716
839,"Crow: City of Angels, The (1996)",Action|Thriller,184,0.58,2.731,0.1017,0.3409,0.2452,0.4365,1831,2498,1781,717
3142,U2: Rattle and Hum (1988),Documentary|Musical,64,0.1387,3.5469,0.5424,0.3406,0.4213,0.2598,1832,1825,2467,642
7004,Kindergarten Cop (1990),Action|Comedy|Crime|Thriller,162,0.5383,2.858,0.1428,0.3406,0.2615,0.4196,1832,2441,1849,609
42718,District 13 (Banlieue 13) (2004),Action|Crime|Sci-Fi,52,0.0229,3.6827,0.6579,0.3404,0.4674,0.2134,1833,1648,2641,993
1603,Mimic (1997),Horror|Sci-Fi|Thriller,162,0.5383,2.8549,0.1419,0.3401,0.2608,0.4194,1834,2445,1850,611
3478,"Bamba, La (1987)",Drama,110,0.3917,3.1727,0.2872,0.3395,0.3185,0.3604,1835,2245,2065,410
7137,"Cooler, The (2003)",Comedy|Drama|Romance,74,0.2122,3.4392,0.4664,0.3393,0.3901,0.2884,1836,1953,2349,513
761,"Phantom, The (1996)",Action|Adventure,176,0.565,2.7727,0.1136,0.3393,0.249,0.4296,1836,2486,1804,682
3999,Vertical Limit (2000),Action|Adventure,153,0.5135,2.915,0.1642,0.3388,0.269,0.4087,1837,2417,1882,580
328,Tales from the Crypt Presents: Demon Knight (1995),Horror|Thriller,123,0.4341,3.0976,0.2436,0.3388,0.3007,0.3769,1838,2315,2002,477
3896,"Way of the Gun, The (2000)",Crime|Thriller,78,0.2423,3.3974,0.4347,0.3385,0.377,0.3,1839,2010,2308,469
5108,John Q (2002),Crime|Drama|Thriller,79,0.2495,3.3861,0.4269,0.3382,0.3737,0.3027,1840,2019,2291,451
452,Widows' Peak (1994),Drama,70,0.1808,3.4786,0.4953,0.338,0.4009,0.2751,1841,1900,2407,566
352,Crooklyn (1994),Comedy|Drama,74,0.2122,3.4324,0.463,0.3376,0.3877,0.2874,1842,1967,2357,515
3712,Soapdish (1991),Comedy,77,0.2338,3.4091,0.441,0.3374,0.3788,0.296,1843,1996,2322,479
4005,"Living Daylights, The (1987)",Action|Adventure|Thriller,104,0.3707,3.2019,0.3041,0.3374,0.3241,0.3507,1843,2222,2109,379
3466,Heart and Souls (1993),Comedy|Fantasy,63,0.1309,3.5476,0.5436,0.3373,0.4198,0.2547,1844,1832,2485,653
5955,Antwone Fisher (2002),Drama,57,0.0785,3.6053,0.5957,0.3371,0.4406,0.2336,1845,1759,2570,811
3146,Deuce Bigalow: Male Gigolo (1999),Comedy,189,0.5904,2.6587,0.0838,0.3371,0.2358,0.4384,1845,2528,1771,757
53121,Shrek the Third (2007),Adventure|Animation|Children|Comedy|Fantasy,113,0.4024,3.146,0.2718,0.3371,0.311,0.3632,1846,2272,2054,426
1064,Aladdin and the King of Thieves (1996),Animation|Children|Comedy|Fantasy|Musical|Romance,146,0.4981,2.9418,0.1758,0.3369,0.2725,0.4014,1847,2406,1916,559
8581,Pirates of Silicon Valley (1999),Documentary|Drama,56,0.0675,3.6161,0.6045,0.336,0.4434,0.2286,1848,1750,2588,838
5463,Reign of Fire (2002),Action|Adventure|Fantasy,151,0.511,2.904,0.1594,0.3352,0.2649,0.4055,1849,2431,1897,582
4,Waiting to Exhale (1995),Comedy|Drama|Romance,131,0.4589,3.0267,0.2106,0.3347,0.2851,0.3844,1850,2375,1967,525
366,"Wes Craven's New Nightmare (Nightmare on Elm Street Part 7: Freddy's Finale, A) (1994)",Drama|Horror|Mystery|Thriller,131,0.4589,3.0267,0.2106,0.3347,0.2851,0.3844,1850,2375,1967,525
3153,"7th Voyage of Sinbad, The (1958)",Action|Adventure|Fantasy,70,0.1808,3.4714,0.4884,0.3346,0.3961,0.2731,1851,1924,2411,560
45668,"Lake House, The (2006)",Drama|Fantasy|Romance,67,0.1626,3.4925,0.5063,0.3344,0.4032,0.2657,1852,1888,2444,592
4809,Silkwood (1983),Drama,55,0.0549,3.6273,0.6133,0.3341,0.4458,0.2224,1853,1738,2604,866
1010,"Love Bug, The (1969)",Children|Comedy,134,0.4683,2.9963,0.1996,0.334,0.2802,0.3877,1854,2386,1955,532
5025,Orange County (2002),Comedy,115,0.4109,3.1174,0.2567,0.3338,0.303,0.3646,1855,2304,2048,449
519,RoboCop 3 (1993),Action|Crime|Drama|Sci-Fi|Thriller,225,0.6472,2.1822,0.0201,0.3336,0.2082,0.4591,1856,2609,1680,929
79293,Salt (2010),Action|Thriller,77,0.2338,3.3961,0.4328,0.3333,0.3731,0.2935,1857,2022,2334,477
1083,"Great Race, The (1965)",Comedy|Musical,75,0.2197,3.4133,0.447,0.3333,0.3788,0.2879,1858,1997,2355,497
8810,AVP: Alien vs. Predator (2004),Action|Horror|Sci-Fi|Thriller,198,0.6051,2.5455,0.0606,0.3329,0.2239,0.4418,1859,2561,1754,807
5540,Clash of the Titans (1981),Action|Adventure|Fantasy|Romance,80,0.2558,3.3625,0.4093,0.3325,0.3632,0.3019,1860,2063,2297,437
2269,Indecent Proposal (1993),Drama|Romance,156,0.5217,2.859,0.1434,0.3325,0.2569,0.4082,1860,2460,1884,600
2808,Universal Soldier (1992),Action|Sci-Fi,191,0.5935,2.5838,0.0709,0.3322,0.2277,0.4368,1861,2551,1779,772
2596,SLC Punk! (1998),Comedy|Drama,68,0.1692,3.4779,0.495,0.3321,0.3972,0.2669,1862,1920,2437,575
6564,Lara Croft Tomb Raider: The Cradle of Life (2003),Action|Adventure|Comedy|Romance|Thriller,154,0.5169,2.8734,0.1469,0.3319,0.2579,0.4059,1863,2455,1893,592
4621,Look Who's Talking (1989),Comedy|Romance,179,0.5703,2.7039,0.0935,0.3319,0.2366,0.4273,1863,2525,1815,710
737,Barb Wire (1996),Action|Sci-Fi,225,0.6472,2.1311,0.0163,0.3318,0.2056,0.4579,1864,2616,1686,930
3011,"They Shoot Horses, Don't They? (1969)",Drama,57,0.0785,3.5965,0.5847,0.3316,0.4329,0.2304,1865,1785,2581,796
67734,Adventureland (2009),Comedy|Drama,69,0.1748,3.471,0.4878,0.3313,0.3939,0.2687,1866,1933,2432,566
7173,Along Came Polly (2004),Comedy|Romance,129,0.4526,3.0233,0.2094,0.331,0.2823,0.3796,1867,2382,1989,515
3581,Human Traffic (1999),Comedy,53,0.0326,3.6415,0.6287,0.3307,0.4499,0.2115,1868,1721,2647,926
2432,Stepmom (1998),Drama,88,0.2954,3.3011,0.366,0.3307,0.3448,0.3165,1869,2133,2225,356
6383,"2 Fast 2 Furious (Fast and the Furious 2, The) (2003)",Action|Crime|Thriller,198,0.6051,2.5101,0.0559,0.3305,0.2207,0.4404,1870,2571,1762,809
4558,Twins (1988),Comedy,161,0.5358,2.8106,0.1249,0.3304,0.2482,0.4125,1871,2488,1869,619
305,Ready to Wear (Pret-A-Porter) (1994),Comedy,186,0.5844,2.6102,0.0763,0.3304,0.2287,0.432,1871,2546,1795,751
2553,Village of the Damned (1960),Horror|Sci-Fi|Thriller,73,0.2034,3.4247,0.457,0.3302,0.3809,0.2795,1872,1988,2393,521
2436,Tea with Mussolini (1999),Comedy|Drama|War,62,0.1227,3.5403,0.5374,0.33,0.413,0.2471,1873,1854,2522,668
415,Another Stakeout (1993),Comedy|Thriller,165,0.5439,2.7818,0.1158,0.3299,0.2443,0.4155,1874,2500,1863,637
1658,"Life Less Ordinary, A (1997)",Romance|Thriller,100,0.3537,3.205,0.3051,0.3294,0.3197,0.3391,1875,2240,2145,365
2551,Dead Ringers (1988),Drama|Horror|Thriller,82,0.2649,3.3415,0.3936,0.3293,0.355,0.3035,1876,2092,2289,413
5364,Unfaithful (2002),Drama|Thriller,96,0.3362,3.2292,0.322,0.3291,0.3263,0.3319,1877,2206,2177,329
30816,"Phantom of the Opera, The (2004)",Drama|Musical|Romance,70,0.1808,3.4571,0.4768,0.3288,0.388,0.2696,1878,1964,2427,549
3270,"Cutting Edge, The (1992)",Comedy|Drama|Romance,68,0.1692,3.4706,0.4871,0.3282,0.3917,0.2646,1879,1946,2453,574
68791,Terminator Salvation (2009),Action|Adventure|Sci-Fi|Thriller,99,0.3503,3.2071,0.3057,0.328,0.3191,0.3369,1880,2243,2155,363
3219,Pacific Heights (1990),Mystery|Thriller,101,0.3559,3.1931,0.2994,0.3277,0.3164,0.339,1881,2254,2146,373
1769,"Replacement Killers, The (1998)",Action|Crime|Thriller,122,0.4306,3.0574,0.2247,0.3277,0.2865,0.3689,1881,2367,2031,486
7367,"Ladykillers, The (2004)",Comedy|Crime,110,0.3917,3.1273,0.2633,0.3275,0.3019,0.3532,1882,2309,2101,427
8596,Revenge of the Pink Panther (1978),Comedy|Crime,55,0.0549,3.6091,0.5995,0.3272,0.4361,0.2183,1883,1777,2617,840
7481,Enemy Mine (1985),Adventure|Drama|Sci-Fi,61,0.1161,3.541,0.538,0.3271,0.4114,0.2427,1884,1861,2541,680
423,Blown Away (1994),Action|Thriller,120,0.4244,3.0667,0.2288,0.3266,0.2875,0.3657,1885,2360,2045,475
4681,"War of the Roses, The (1989)",Comedy|Drama,113,0.4024,3.1106,0.2505,0.3264,0.296,0.3568,1886,2329,2086,443
54190,Across the Universe (2007),Drama|Fantasy|Musical|Romance,74,0.2122,3.4054,0.4401,0.3261,0.3717,0.2805,1887,2029,2388,501
205,Unstrung Heroes (1995),Comedy|Drama,75,0.2197,3.3933,0.4316,0.3256,0.368,0.2833,1888,2041,2377,489
1888,Hope Floats (1998),Comedy|Drama|Romance,157,0.5239,2.8217,0.1274,0.3256,0.2464,0.4049,1888,2493,1901,605
55267,Dan in Real Life (2007),Comedy|Drama|Romance,72,0.1955,3.4236,0.4554,0.3255,0.3775,0.2735,1889,2005,2410,521
2338,I Still Know What You Did Last Summer (1998),Horror|Mystery|Thriller,218,0.64,2.0092,0.0107,0.3253,0.1995,0.4512,1890,2633,1719,914
7154,Mona Lisa Smile (2003),Drama|Romance,103,0.365,3.1699,0.2853,0.3252,0.3092,0.3411,1891,2279,2139,388
2088,Popeye (1980),Adventure|Comedy|Musical,175,0.5631,2.6743,0.0869,0.325,0.2298,0.4202,1892,2544,1847,697
2247,Married to the Mob (1988),Comedy,109,0.3886,3.1239,0.2611,0.3249,0.2994,0.3503,1893,2323,2110,430
4066,I'm Gonna Git You Sucka (1988),Action|Comedy,66,0.1547,3.4773,0.4944,0.3245,0.3925,0.2566,1894,1940,2479,585
51084,Music and Lyrics (2007),Comedy|Romance,77,0.2338,3.3701,0.4146,0.3242,0.3604,0.2881,1895,2072,2353,458
63072,"Road, The (2009)",Adventure|Drama|Thriller,63,0.1309,3.5079,0.5169,0.3239,0.4011,0.2467,1896,1897,2524,628
1353,"Mirror Has Two Faces, The (1996)",Comedy|Drama|Romance,113,0.4024,3.1018,0.2451,0.3238,0.2923,0.3552,1897,2341,2094,444
27317,Audition (Ôdishon) (1999),Drama|Horror|Mystery|Romance|Thriller,62,0.1227,3.5242,0.5245,0.3236,0.404,0.2433,1898,1885,2536,651
7460,Coffee and Cigarettes (2003),Comedy|Drama,79,0.2495,3.3481,0.3974,0.3234,0.353,0.2939,1899,2101,2331,432
39446,Saw II (2005),Horror|Thriller,126,0.4454,3.004,0.2015,0.3234,0.2747,0.3722,1899,2398,2016,499
1727,"Horse Whisperer, The (1998)",Drama|Romance,116,0.4137,3.0733,0.2329,0.3233,0.2871,0.3594,1900,2362,2073,462
7155,Calendar Girls (2003),Comedy,70,0.1808,3.4357,0.4652,0.323,0.3798,0.2661,1901,1992,2442,541
50685,Waitress (2007),Comedy|Drama|Romance,54,0.0452,3.6111,0.6004,0.3228,0.4339,0.2118,1902,1784,2646,862
2676,Instinct (1999),Drama|Thriller,94,0.3271,3.2234,0.3186,0.3228,0.3211,0.3245,1903,2233,2207,330
2389,Psycho (1998),Crime|Horror|Thriller,158,0.527,2.7911,0.1186,0.3228,0.2411,0.4045,1903,2511,1906,608
2476,Heartbreak Ridge (1986),Action|War,92,0.3176,3.2337,0.3271,0.3223,0.3242,0.3205,1904,2221,2217,317
4799,"It's a Mad, Mad, Mad, Mad World (1963)",Comedy,71,0.1899,3.4225,0.4542,0.322,0.3749,0.2692,1905,2015,2428,523
7046,"Witches of Eastwick, The (1987)",Comedy|Fantasy|Horror|Thriller,90,0.3076,3.25,0.3358,0.3217,0.3274,0.3161,1906,2197,2228,322
680,"Alphaville (Alphaville, une étrange aventure de Lemmy Caution) (1965)",Drama|Mystery|Romance|Sci-Fi|Thriller,55,0.0549,3.6,0.5882,0.3216,0.4282,0.2149,1907,1807,2631,824
1702,Flubber (1997),Children|Comedy|Fantasy,188,0.5885,2.4947,0.0546,0.3216,0.2148,0.4283,1907,2591,1809,782
4218,River's Edge (1986),Crime|Drama,53,0.0326,3.6226,0.6099,0.3212,0.4367,0.2058,1908,1774,2662,888
6370,"Spanish Apartment, The (L'auberge espagnole) (2002)",Comedy|Drama|Romance,53,0.0326,3.6226,0.6099,0.3212,0.4367,0.2058,1908,1774,2662,888
42738,Underworld: Evolution (2006),Action|Fantasy|Horror,93,0.322,3.2258,0.3192,0.3206,0.3201,0.3212,1909,2238,2215,329
5668,White Oleander (2002),Drama,58,0.0873,3.5603,0.5537,0.3205,0.4137,0.2272,1910,1851,2593,742
1515,Volcano (1997),Action|Drama|Thriller,184,0.58,2.5462,0.0609,0.3205,0.2166,0.4243,1911,2583,1830,753
234,Exit to Eden (1994),Comedy,164,0.5417,2.7195,0.0986,0.3202,0.2315,0.4088,1912,2536,1881,655
2053,"Honey, I Blew Up the Kid (1992)",Children|Comedy|Sci-Fi,210,0.6259,2.1,0.0138,0.3198,0.1974,0.4422,1913,2638,1751,887
427,Boxing Helena (1993),Drama|Mystery|Romance|Thriller,177,0.5675,2.5876,0.0719,0.3197,0.2206,0.4188,1914,2572,1854,718
7570,Octopussy (1983),Action|Adventure|Thriller,71,0.1899,3.4155,0.4492,0.3195,0.3714,0.2677,1915,2031,2435,520
43936,16 Blocks (2006),Crime|Thriller,80,0.2558,3.325,0.3832,0.3195,0.345,0.294,1915,2130,2329,414
3950,Tigerland (2000),Drama,64,0.1387,3.4844,0.4997,0.3192,0.3914,0.247,1916,1948,2523,607
3032,"Omega Man, The (1971)",Action|Drama|Sci-Fi|Thriller,78,0.2423,3.3462,0.3955,0.3189,0.3495,0.2883,1917,2116,2352,435
8169,*batteries not included (1987),Children|Comedy|Fantasy|Sci-Fi,88,0.2954,3.2614,0.3415,0.3184,0.3277,0.3092,1918,2196,2259,341
5009,Ali (2001),Drama,99,0.3503,3.1717,0.2866,0.3184,0.3057,0.3312,1918,2292,2180,374
6367,Down with Love (2003),Comedy|Romance,95,0.3311,3.2053,0.3054,0.3183,0.3131,0.3234,1919,2266,2208,347
30,Shanghai Triad (Yao a yao yao dao waipo qiao) (1995),Crime|Drama,54,0.0452,3.6019,0.5904,0.3178,0.4268,0.2088,1920,1811,2654,843
1484,"Daytrippers, The (1996)",Comedy|Drama|Mystery|Romance,51,0.0107,3.6373,0.624,0.3173,0.44,0.1947,1921,1762,2689,927
2099,Song of the South (1946),Adventure|Animation|Children|Musical,65,0.1478,3.4692,0.4865,0.3172,0.3849,0.2494,1922,1972,2511,589
6887,Radio (2003),Drama,50,0.0,3.65,0.6343,0.3172,0.444,0.1903,1923,1745,2700,955
2660,"Thing from Another World, The (1951)",Horror|Sci-Fi,50,0.0,3.65,0.6343,0.3172,0.444,0.1903,1923,1745,2700,955
5066,"Walk to Remember, A (2002)",Drama|Romance,77,0.2338,3.3506,0.3999,0.3169,0.3501,0.2836,1924,2112,2373,449
4814,Don't Say a Word (2001),Thriller,85,0.2831,3.2765,0.3503,0.3167,0.3301,0.3033,1925,2185,2290,365
2316,Practical Magic (1998),Drama|Fantasy|Mystery|Romance,135,0.4711,2.9111,0.162,0.3165,0.2547,0.3784,1926,2468,1994,542
4090,"Brave Little Toaster, The (1987)",Animation|Children,64,0.1387,3.4766,0.4937,0.3162,0.3872,0.2452,1927,1969,2531,604
48783,Flags of Our Fathers (2006),Drama|War,60,0.1061,3.525,0.5254,0.3158,0.3996,0.2319,1928,1907,2577,670
575,"Little Rascals, The (1994)",Children|Comedy,139,0.4812,2.8849,0.1503,0.3158,0.2496,0.3819,1928,2483,1980,555
5421,"Dangerous Lives of Altar Boys, The (2002)",Drama,56,0.0675,3.5714,0.5637,0.3156,0.4148,0.2164,1929,1848,2623,775
5016,"Shipping News, The (2001)",Drama,71,0.1899,3.4085,0.4407,0.3153,0.3654,0.2651,1930,2054,2448,518
6595,S.W.A.T. (2003),Action|Thriller,131,0.4589,2.9313,0.1707,0.3148,0.2572,0.3724,1931,2459,2015,528
3593,Battlefield Earth (2000),Action|Sci-Fi,212,0.6293,1.6156,0.0003,0.3148,0.189,0.4406,1931,2668,1761,907
259,Kiss of Death (1995),Crime|Drama|Thriller,105,0.3754,3.1143,0.2539,0.3147,0.2904,0.339,1932,2347,2147,415
3194,"Way We Were, The (1973)",Drama|Romance,62,0.1227,3.4919,0.5056,0.3142,0.3908,0.2376,1933,1951,2558,625
50601,Bridge to Terabithia (2007),Adventure|Children|Fantasy,57,0.0785,3.5526,0.5487,0.3136,0.4076,0.2195,1934,1873,2612,739
3028,"Taming of the Shrew, The (1967)",Comedy,52,0.0229,3.6154,0.6039,0.3134,0.4296,0.1972,1935,1802,2684,882
782,"Fan, The (1996)",Drama|Thriller,133,0.4661,2.906,0.1607,0.3134,0.2523,0.3745,1935,2474,2011,539
68554,Angels & Demons (2009),Crime|Drama|Mystery|Thriller,83,0.2706,3.2831,0.355,0.3128,0.3297,0.2959,1936,2186,2323,387
405,Highlander III: The Sorcerer (a.k.a. Highlander: The Final Dimension) (1994),Action|Fantasy,189,0.5904,2.3704,0.0345,0.3125,0.2013,0.4236,1937,2630,1833,797
36527,Proof (2005),Drama,51,0.0107,3.6275,0.6136,0.3121,0.4327,0.1916,1938,1786,2697,911
8965,"Polar Express, The (2004)",Adventure|Animation|Children|Fantasy|IMAX,65,0.1478,3.4538,0.4752,0.3115,0.377,0.246,1939,2009,2528,589
27,Now and Then (1995),Children|Drama,84,0.2768,3.2679,0.3449,0.3109,0.3245,0.2973,1940,2219,2319,379
4519,"Land Before Time, The (1988)",Adventure|Animation|Children|Fantasy,98,0.3456,3.1531,0.2759,0.3107,0.2968,0.3247,1941,2327,2204,386
3554,Love and Basketball (2000),Drama|Romance,59,0.0948,3.5254,0.5261,0.3104,0.3967,0.2242,1942,1921,2599,678
3615,Dinosaur (2000),Adventure|Animation|Children,104,0.3707,3.1106,0.2502,0.3104,0.2863,0.3345,1942,2370,2162,428
15,Cutthroat Island (1995),Action|Adventure|Romance,156,0.5217,2.7212,0.0989,0.3103,0.2257,0.3948,1943,2558,1933,625
502,"Next Karate Kid, The (1994)",Action|Children|Romance,184,0.58,2.4022,0.0405,0.3103,0.2024,0.4182,1944,2628,1857,771
2106,Swing Kids (1993),Drama|War,80,0.2558,3.3,0.3644,0.3101,0.3318,0.2884,1945,2180,2350,405
46970,Talladega Nights: The Ballad of Ricky Bobby (2006),Action|Comedy,112,0.3992,3.0491,0.221,0.3101,0.2745,0.3458,1945,2399,2127,454
47518,Accepted (2006),Comedy,67,0.1626,3.4254,0.4573,0.3099,0.3689,0.251,1946,2036,2504,558
1665,Bean (1997),Comedy,164,0.5417,2.625,0.0782,0.3099,0.2172,0.4027,1946,2582,1912,670
2262,About Last Night... (1986),Comedy|Drama|Romance,118,0.4181,3.0042,0.2018,0.3099,0.2667,0.3532,1947,2425,2101,478
609,Homeward Bound II: Lost in San Francisco (1996),Adventure|Children,121,0.4284,2.9793,0.1915,0.3099,0.2626,0.3573,1947,2437,2084,490
8861,Resident Evil: Apocalypse (2004),Action|Horror|Sci-Fi|Thriller,129,0.4526,2.9225,0.1667,0.3096,0.2524,0.3668,1948,2473,2040,525
4677,Turner & Hooch (1989),Comedy|Crime,130,0.4561,2.9115,0.1623,0.3092,0.2504,0.3679,1949,2481,2036,532
1390,My Fellow Americans (1996),Comedy,82,0.2649,3.2805,0.3531,0.309,0.3266,0.2914,1950,2203,2340,390
2713,Lake Placid (1999),Horror|Thriller,170,0.5546,2.55,0.0628,0.3087,0.2103,0.4071,1951,2602,1887,715
2822,Medicine Man (1992),Adventure|Romance,109,0.3886,3.0642,0.2282,0.3084,0.2763,0.3405,1952,2394,2141,442
8640,King Arthur (2004),Action|Adventure|Drama|War,103,0.365,3.1117,0.2514,0.3082,0.2855,0.3309,1953,2374,2182,421
37386,Aeon Flux (2005),Action|Sci-Fi,127,0.4473,2.9252,0.1679,0.3076,0.2517,0.3635,1954,2476,2050,522
36401,"Brothers Grimm, The (2005)",Comedy|Fantasy|Horror|Thriller,101,0.3559,3.1188,0.258,0.307,0.2874,0.3266,1955,2361,2194,406
6586,American Wedding (American Pie 3) (2003),Comedy,127,0.4473,2.9213,0.166,0.3067,0.2504,0.3629,1956,2481,2055,525
1363,"Preacher's Wife, The (1996)",Drama,92,0.3176,3.1848,0.2954,0.3065,0.302,0.311,1957,2307,2254,350
2560,Ravenous (1999),Horror|Thriller,80,0.2558,3.2875,0.3569,0.3063,0.3266,0.2861,1958,2205,2364,406
2367,King Kong (1976),Adventure|Fantasy|Romance|Sci-Fi|Thriller,124,0.4382,2.9395,0.1745,0.3063,0.2536,0.3591,1958,2470,2074,512
804,She's the One (1996),Comedy|Romance,118,0.4181,2.9831,0.194,0.306,0.2612,0.3508,1959,2442,2108,483
4936,Fame (1980),Drama|Musical,79,0.2495,3.2975,0.3622,0.3059,0.3284,0.2833,1960,2192,2376,416
2404,Rambo III (1988),Action|Adventure|Thriller|War,173,0.5581,2.4884,0.0534,0.3057,0.2048,0.4067,1961,2619,1890,729
2720,Inspector Gadget (1999),Action|Adventure|Children|Comedy,191,0.5935,2.1466,0.0176,0.3056,0.1904,0.4207,1962,2663,1845,818
1381,Grease 2 (1982),Comedy|Musical|Romance,197,0.6039,1.8883,0.006,0.3049,0.1853,0.4245,1963,2684,1828,856
27788,"Jacket, The (2005)",Drama|Mystery|Sci-Fi|Thriller,61,0.1161,3.4754,0.4931,0.3046,0.38,0.2292,1964,1991,2585,621
1833,Mercury Rising (1998),Action|Drama|Thriller,114,0.4065,3.0044,0.2021,0.3043,0.2634,0.3452,1965,2435,2130,470
2240,My Bodyguard (1980),Drama,75,0.2197,3.3333,0.3883,0.304,0.3377,0.2703,1966,2162,2424,458
3169,"Falcon and the Snowman, The (1985)",Drama|Thriller,73,0.2034,3.3562,0.4043,0.3038,0.344,0.2637,1967,2138,2455,488
65130,Revolutionary Road (2008),Drama|Romance,52,0.0229,3.5962,0.5841,0.3035,0.4158,0.1913,1968,1844,2699,855
7247,Chitty Chitty Bang Bang (1968),Adventure|Children|Comedy|Fantasy|Musical,79,0.2495,3.2848,0.3562,0.3029,0.3242,0.2815,1969,2221,2383,414
2772,Detroit Rock City (1999),Comedy,107,0.3836,3.0514,0.2222,0.3029,0.2706,0.3352,1969,2412,2158,443
34338,"Aristocrats, The (2005)",Comedy|Documentary,67,0.1626,3.4104,0.4426,0.3026,0.3586,0.2466,1970,2077,2526,556
2950,"Blue Lagoon, The (1980)",Adventure|Drama|Romance,173,0.5581,2.4624,0.0468,0.3024,0.2002,0.4047,1971,2632,1905,727
1359,Jingle All the Way (1996),Children|Comedy,167,0.5483,2.518,0.0565,0.3024,0.204,0.4008,1972,2622,1919,703
52458,Disturbia (2007),Drama|Thriller,60,0.1061,3.4833,0.4984,0.3023,0.3807,0.2238,1973,1989,2601,628
2457,Running Scared (1986),Action|Comedy,75,0.2197,3.3267,0.3845,0.3021,0.3351,0.2691,1974,2172,2429,455
3404,Titanic (1953),Action|Drama,74,0.2122,3.3378,0.3914,0.3018,0.3376,0.2659,1975,2164,2443,468
3614,Honeymoon in Vegas (1992),Comedy|Romance,108,0.3845,3.0463,0.2188,0.3016,0.2685,0.3348,1976,2419,2161,443
6764,"Rundown, The (2003)",Action|Adventure|Comedy,71,0.1899,3.3662,0.4127,0.3013,0.3459,0.2567,1977,2127,2478,501
2188,54 (1998),Drama,137,0.4768,2.8139,0.1259,0.3013,0.2311,0.3715,1977,2539,2020,562
4333,Throw Momma from the Train (1987),Comedy|Crime,127,0.4473,2.8976,0.1547,0.301,0.2425,0.3595,1978,2507,2072,529
78469,"A-Team, The (2010)",Action|Comedy|Thriller,56,0.0675,3.5357,0.5342,0.3008,0.3942,0.2075,1979,1932,2657,725
47997,Idiocracy (2006),Adventure|Comedy|Sci-Fi|Thriller,84,0.2768,3.2321,0.3249,0.3008,0.3105,0.2912,1980,2273,2341,361
4815,Hearts in Atlantis (2001),Drama,62,0.1227,3.4597,0.4787,0.3007,0.3719,0.2295,1981,2026,2584,603
4478,Biloxi Blues (1988),Comedy|Drama,63,0.1309,3.4444,0.4699,0.3004,0.3682,0.2326,1982,2040,2573,591
7123,Naked Lunch (1991),Drama|Fantasy|Mystery|Sci-Fi,70,0.1808,3.3786,0.42,0.3004,0.3482,0.2525,1982,2118,2495,513
798,Daylight (1996),Action|Adventure|Drama|Thriller,144,0.4931,2.7535,0.1073,0.3002,0.2231,0.3774,1983,2565,1999,582
544,Striking Distance (1993),Action|Crime,117,0.4153,2.9615,0.1839,0.2996,0.2533,0.3459,1984,2472,2126,488
2802,Tequila Sunrise (1988),Action|Drama|Romance|Thriller,97,0.3409,3.1186,0.2574,0.2991,0.2824,0.3158,1985,2381,2230,396
5970,My Girl (1991),Comedy|Drama|Romance,96,0.3362,3.125,0.2618,0.299,0.2841,0.3138,1986,2379,2240,393
5882,Treasure Planet (2002),Adventure|Animation|Children|Sci-Fi|IMAX,77,0.2338,3.2987,0.3638,0.2988,0.3248,0.2728,1987,2217,2413,426
1465,Rosewood (1997),Action|Drama,63,0.1309,3.4365,0.4658,0.2983,0.3653,0.2314,1988,2055,2579,591
3167,Carnal Knowledge (1971),Comedy|Drama,55,0.0549,3.5455,0.5411,0.298,0.3953,0.2008,1989,1928,2674,746
2643,Superman IV: The Quest for Peace (1987),Action|Adventure|Sci-Fi,187,0.5873,1.9439,0.0072,0.2972,0.1812,0.4132,1990,2700,1868,832
69951,"Imaginarium of Doctor Parnassus, The (2009)",Drama|Fantasy,61,0.1161,3.459,0.4777,0.2969,0.3692,0.2246,1991,2035,2598,607
2877,Tommy (1975),Drama|Musical,104,0.3707,3.0529,0.2228,0.2968,0.2672,0.3263,1992,2422,2196,430
548,Terminal Velocity (1994),Action|Mystery|Thriller,128,0.4498,2.8594,0.1438,0.2968,0.2356,0.358,1992,2529,2080,537
45672,Click (2006),Adventure|Comedy|Drama|Fantasy|Romance,98,0.3456,3.1071,0.2476,0.2966,0.277,0.3162,1993,2391,2227,398
242,Farinelli: il castrato (1994),Drama|Musical,62,0.1227,3.4435,0.4696,0.2961,0.3655,0.2268,1994,2052,2594,600
54999,Shoot 'Em Up (2007),Action|Comedy|Crime,66,0.1547,3.4015,0.4375,0.2961,0.3527,0.2396,1994,2102,2551,557
8,Tom and Huck (1995),Adventure|Children,75,0.2197,3.3133,0.3726,0.2961,0.3267,0.2656,1995,2202,2445,450
489,Made in America (1993),Comedy,141,0.4862,2.7411,0.1048,0.2955,0.2192,0.3718,1996,2575,2018,579
354,Cobb (1994),Drama,63,0.1309,3.4286,0.4598,0.2954,0.3611,0.2296,1997,2066,2583,586
56949,27 Dresses (2008),Comedy|Romance,96,0.3362,3.1146,0.2546,0.2954,0.279,0.3117,1998,2388,2250,390
1399,Marvin's Room (1996),Drama,69,0.1748,3.3696,0.4143,0.2946,0.3425,0.2467,1999,2143,2525,526
2836,Outside Providence (1999),Comedy,83,0.2706,3.2229,0.3183,0.2944,0.304,0.2849,2000,2299,2368,368
7827,Cypher (2002),Action|Sci-Fi|Thriller,50,0.0,3.6,0.5882,0.2941,0.4117,0.1765,2001,1859,2741,882
1162,"Ruling Class, The (1972)",Comedy|Drama,50,0.0,3.6,0.5882,0.2941,0.4117,0.1765,2001,1859,2741,882
2468,Jumpin' Jack Flash (1986),Action|Comedy|Romance|Thriller,148,0.5035,2.6588,0.0841,0.2938,0.2099,0.3777,2002,2605,1997,608
2422,"Karate Kid, Part III, The (1989)",Action|Adventure|Children|Drama,180,0.5722,2.1194,0.0154,0.2938,0.1824,0.4051,2002,2693,1900,793
8493,Memphis Belle (1990),Action|Drama|War,59,0.0948,3.4746,0.4925,0.2936,0.3732,0.2141,2003,2021,2634,631
688,Operation Dumbo Drop (1995),Action|Adventure|Comedy|War,137,0.4768,2.7628,0.1105,0.2936,0.2204,0.3669,2003,2573,2039,570
2387,Very Bad Things (1998),Comedy|Crime,116,0.4137,2.9353,0.1726,0.2932,0.2449,0.3414,2004,2499,2137,495
2450,Howard the Duck (1986),Adventure|Comedy|Sci-Fi,180,0.5722,2.0972,0.0132,0.2927,0.1809,0.4045,2005,2702,1906,796
3251,Agnes of God (1985),Drama|Mystery,71,0.1899,3.3451,0.3952,0.2925,0.3336,0.2515,2006,2176,2503,497
68,French Twist (Gazon maudit) (1995),Comedy|Romance,61,0.1161,3.4426,0.468,0.2921,0.3624,0.2217,2007,2064,2606,599
74545,"Ghost Writer, The (2010)",Drama|Mystery|Thriller,53,0.0326,3.5566,0.5512,0.2919,0.3956,0.1882,2008,1926,2706,780
2325,Orgazmo (1997),Comedy,72,0.1955,3.3333,0.3883,0.2919,0.3304,0.2534,2008,2184,2491,483
340,"War, The (1994)",Adventure|Drama|War,73,0.2034,3.3219,0.3804,0.2919,0.3273,0.2565,2008,2198,2480,472
155,Beyond Rangoon (1995),Adventure|Drama|War,57,0.0785,3.4912,0.505,0.2917,0.3771,0.2064,2009,2008,2660,652
61729,Ghost Town (2008),Comedy|Fantasy|Romance,57,0.0785,3.4912,0.505,0.2917,0.3771,0.2064,2009,2008,2660,652
5265,Death to Smoochy (2002),Comedy|Crime|Drama,98,0.3456,3.0816,0.2367,0.2911,0.2693,0.3129,2010,2415,2245,405
2372,Fletch Lives (1989),Comedy,98,0.3456,3.0816,0.2367,0.2911,0.2693,0.3129,2010,2415,2245,405
635,"Family Thing, A (1996)",Comedy|Drama,52,0.0229,3.5673,0.5587,0.2908,0.398,0.1836,2011,1917,2719,802
4388,Scary Movie 2 (2001),Comedy,167,0.5483,2.3593,0.0333,0.2908,0.1878,0.3938,2011,2671,1936,735
33437,Unleashed (Danny the Dog) (2005),Action|Crime|Drama|Thriller,75,0.2197,3.2933,0.3603,0.29,0.3181,0.2619,2012,2249,2461,449
1431,Beverly Hills Ninja (1997),Action|Comedy,158,0.527,2.4842,0.0527,0.2899,0.195,0.3847,2013,2646,1966,680
4056,"Pledge, The (2001)",Crime|Drama|Mystery|Thriller,72,0.1955,3.3264,0.3839,0.2897,0.3274,0.252,2014,2197,2499,485
2379,Police Academy 2: Their First Assignment (1985),Comedy|Crime,160,0.5333,2.4594,0.0461,0.2897,0.1923,0.3871,2014,2656,1959,697
1126,Drop Dead Fred (1991),Comedy|Fantasy,155,0.5191,2.5419,0.0599,0.2895,0.1977,0.3814,2015,2637,1981,656
72,Kicking and Screaming (1995),Comedy|Drama,67,0.1626,3.3731,0.4162,0.2894,0.3401,0.2387,2016,2152,2554,538
3525,Bachelor Party (1984),Comedy,94,0.3271,3.1117,0.2517,0.2894,0.2743,0.3045,2016,2400,2284,384
1904,Henry Fool (1997),Comedy|Drama,50,0.0,3.59,0.5778,0.2889,0.4045,0.1734,2017,1883,2753,870
3099,Shampoo (1975),Comedy|Drama|Romance,73,0.2034,3.3151,0.3745,0.2889,0.3231,0.2547,2017,2226,2485,468
58025,Jumper (2008),Action|Adventure|Drama|Sci-Fi|Thriller,91,0.3136,3.1319,0.2643,0.2889,0.2791,0.2988,2018,2387,2315,369
1054,Get on the Bus (1996),Drama,53,0.0326,3.5472,0.543,0.2878,0.3899,0.1858,2019,1954,2714,760
2077,"Journey of Natty Gann, The (1985)",Adventure|Children,66,0.1547,3.3788,0.4206,0.2877,0.3408,0.2345,2020,2148,2568,548
84944,Rango (2011),Action|Adventure|Animation|Children|Comedy|Western,52,0.0229,3.5577,0.5518,0.2874,0.3931,0.1816,2021,1938,2724,786
177,Lord of Illusions (1995),Horror,108,0.3845,2.9769,0.1902,0.2874,0.2485,0.3262,2021,2487,2197,466
56171,"Golden Compass, The (2007)",Adventure|Children|Fantasy,93,0.322,3.1129,0.2527,0.2874,0.2735,0.3012,2022,2403,2301,381
818,"Very Brady Sequel, A (1996)",Comedy,154,0.5169,2.5195,0.0568,0.2869,0.1949,0.3789,2023,2648,1992,656
49274,Happy Feet (2006),Adventure|Animation|Children|Comedy|IMAX,89,0.3007,3.1461,0.2721,0.2864,0.2807,0.2921,2024,2385,2337,361
4091,Can't Buy Me Love (1987),Comedy|Romance,71,0.1899,3.3239,0.3826,0.2863,0.3248,0.2477,2025,2218,2516,491
4220,"Longest Yard, The (1974)",Comedy,75,0.2197,3.28,0.3528,0.2863,0.3129,0.2596,2025,2268,2469,444
89904,"Artist, The (2011)",Drama|Romance,56,0.0675,3.4911,0.5047,0.2861,0.3735,0.1987,2026,2020,2681,661
32031,Robots (2005),Adventure|Animation|Children|Comedy|Fantasy|Sci-Fi|IMAX,84,0.2768,3.1845,0.2947,0.2858,0.2894,0.2822,2027,2353,2380,353
4974,Not Another Teen Movie (2001),Comedy,123,0.4341,2.8455,0.1365,0.2853,0.2258,0.3448,2028,2557,2131,529
2052,Hocus Pocus (1993),Children|Comedy|Fantasy|Horror,108,0.3845,2.9676,0.1855,0.285,0.2452,0.3248,2029,2498,2202,469
87869,Horrible Bosses (2011),Comedy|Crime,60,0.1061,3.4333,0.4636,0.2848,0.3563,0.2133,2030,2087,2642,612
3316,Reindeer Games (2000),Action|Thriller,129,0.4526,2.7868,0.1171,0.2848,0.2177,0.3519,2030,2580,2104,550
5151,40 Days and 40 Nights (2002),Comedy|Romance,132,0.4636,2.7424,0.1055,0.2845,0.2129,0.3562,2031,2599,2089,568
8985,Blade: Trinity (2004),Action|Fantasy|Horror|Thriller,100,0.3537,3.04,0.2153,0.2845,0.2568,0.3122,2032,2461,2247,429
2709,Muppets From Space (1999),Children|Comedy,93,0.322,3.1022,0.2458,0.2839,0.2686,0.2992,2033,2418,2313,385
7649,Babylon 5: In the Beginning (1998),Adventure|Sci-Fi,52,0.0229,3.5481,0.5443,0.2836,0.3879,0.1793,2034,1965,2731,766
2034,"Black Hole, The (1979)",Children|Sci-Fi,125,0.4416,2.812,0.1252,0.2834,0.2202,0.3467,2035,2574,2122,539
3979,Little Nicky (2000),Comedy,154,0.5169,2.474,0.0496,0.2833,0.1898,0.3767,2036,2664,2004,660
2320,Apt Pupil (1998),Drama|Thriller,89,0.3007,3.1348,0.2655,0.2831,0.2761,0.2901,2037,2396,2344,359
2412,Rocky V (1990),Action|Drama,165,0.5439,2.203,0.022,0.283,0.1786,0.3874,2038,2707,1957,750
2280,Clay Pigeons (1998),Crime,55,0.0549,3.5,0.5107,0.2828,0.3739,0.1917,2039,2017,2696,679
2102,Steamboat Willie (1928),Animation|Children|Comedy|Musical,65,0.1478,3.3769,0.4175,0.2826,0.3366,0.2287,2040,2167,2587,547
13,Balto (1995),Adventure|Animation|Children,77,0.2338,3.2403,0.3315,0.2826,0.3022,0.2631,2040,2306,2457,417
3483,"Road to El Dorado, The (2000)",Animation|Children,103,0.365,3.0,0.2003,0.2826,0.2497,0.3156,2040,2482,2231,442
2048,"Great Mouse Detective, The (1986)",Action|Animation|Children|Crime,80,0.2558,3.2125,0.3092,0.2825,0.2932,0.2718,2041,2340,2415,374
2827,"Astronaut's Wife, The (1999)",Horror|Sci-Fi|Thriller,149,0.5066,2.5235,0.0578,0.2822,0.1924,0.3719,2042,2655,2017,638
1346,Cat People (1982),Drama|Fantasy|Horror,98,0.3456,3.0459,0.2185,0.282,0.2566,0.3074,2043,2462,2268,419
6765,Under the Tuscan Sun (2003),Comedy|Drama|Romance,70,0.1808,3.3214,0.3795,0.2801,0.3199,0.2404,2044,2239,2549,505
39444,"Weather Man, The (2005)",Comedy|Drama,70,0.1808,3.3214,0.3795,0.2801,0.3199,0.2404,2044,2239,2549,505
2252,Hero (1992),Comedy|Drama,87,0.2928,3.1379,0.2674,0.2801,0.275,0.2852,2044,2397,2366,353
157,Canadian Bacon (1995),Comedy|War,131,0.4589,2.7252,0.1001,0.2795,0.2078,0.3513,2045,2610,2105,565
2995,House on Haunted Hill (1999),Horror|Thriller,148,0.5035,2.5068,0.0552,0.2793,0.1897,0.369,2046,2665,2030,635
1991,Child's Play (1988),Horror|Thriller,129,0.4526,2.7442,0.1058,0.2792,0.2098,0.3486,2047,2606,2118,559
1840,He Got Game (1998),Drama,71,0.1899,3.3028,0.3666,0.2782,0.3136,0.2429,2048,2265,2539,491
169,Free Willy 2: The Adventure Home (1995),Adventure|Children|Drama,157,0.5239,2.3471,0.032,0.2779,0.1796,0.3763,2049,2705,2005,700
4357,How to Marry a Millionaire (1953),Comedy|Drama|Romance,51,0.0107,3.549,0.5449,0.2778,0.3846,0.1709,2050,1973,2762,789
2290,Stardust Memories (1980),Comedy|Drama,51,0.0107,3.549,0.5449,0.2778,0.3846,0.1709,2050,1973,2762,789
30820,"Woodsman, The (2004)",Drama,51,0.0107,3.549,0.5449,0.2778,0.3846,0.1709,2050,1973,2762,789
2860,Blue Streak (1999),Comedy,101,0.3559,2.995,0.199,0.2775,0.2461,0.3089,2051,2494,2262,443
8907,Shark Tale (2004),Animation|Children|Comedy,114,0.4065,2.8772,0.1478,0.2772,0.2254,0.3289,2052,2559,2190,507
7164,Peter Pan (2003),Action|Adventure|Children|Fantasy,61,0.1161,3.4016,0.4379,0.277,0.3413,0.2126,2053,2146,2644,591
2530,Beneath the Planet of the Apes (1970),Action|Sci-Fi,112,0.3992,2.8973,0.1544,0.2768,0.2279,0.3258,2054,2549,2198,495
2517,Christine (1983),Horror,103,0.365,2.9709,0.188,0.2765,0.2411,0.3119,2055,2512,2248,457
1924,Plan 9 from Outer Space (1959),Horror|Sci-Fi,138,0.4793,2.5942,0.0738,0.2765,0.1954,0.3576,2055,2643,2082,588
3444,Bloodsport (1988),Action,83,0.2706,3.1627,0.2812,0.2759,0.278,0.2738,2056,2390,2408,352
4713,Altered States (1980),Drama|Sci-Fi,68,0.1692,3.3235,0.382,0.2756,0.3181,0.233,2057,2248,2572,515
62081,Eagle Eye (2008),Action|Crime|Thriller|IMAX,68,0.1692,3.3235,0.382,0.2756,0.3181,0.233,2057,2248,2572,515
365,Little Buddha (1993),Drama,91,0.3136,3.0824,0.2376,0.2756,0.2604,0.2908,2057,2447,2342,390
1461,Vegas Vacation (National Lampoon's Las Vegas Vacation) (1997),Comedy,128,0.4498,2.7305,0.1014,0.2756,0.2059,0.3453,2057,2613,2129,556
2014,Freaky Friday (1977),Children|Comedy|Fantasy,102,0.361,2.9755,0.1899,0.2754,0.2412,0.3096,2058,2510,2257,452
86833,Bridesmaids (2011),Comedy,53,0.0326,3.5094,0.5179,0.2753,0.3723,0.1782,2059,2024,2735,711
6213,Tears of the Sun (2003),Action|Drama|Thriller,79,0.2495,3.1962,0.301,0.2753,0.2856,0.265,2059,2373,2450,391
2123,All Dogs Go to Heaven (1989),Animation|Children|Comedy|Drama|Fantasy,118,0.4181,2.8347,0.1325,0.2753,0.2181,0.3324,2059,2577,2174,518
4487,Cocktail (1988),Drama|Romance,122,0.4306,2.7951,0.1196,0.2751,0.2129,0.3373,2060,2599,2152,539
2142,"American Tail: Fievel Goes West, An (1991)",Adventure|Animation|Children|Musical|Western,104,0.3707,2.9471,0.178,0.2743,0.2358,0.3129,2061,2528,2246,467
69526,Transformers: Revenge of the Fallen (2009),Action|Adventure|Sci-Fi|IMAX,102,0.361,2.9706,0.1871,0.274,0.2392,0.3088,2062,2519,2263,457
3566,"Big Kahuna, The (2000)",Comedy|Drama,73,0.2034,3.2671,0.344,0.2737,0.3018,0.2456,2063,2310,2529,466
3688,Porky's (1982),Comedy,120,0.4244,2.8042,0.123,0.2737,0.2134,0.334,2063,2596,2165,533
2361,Pink Flamingos (1972),Comedy,75,0.2197,3.2333,0.3267,0.2732,0.2946,0.2518,2064,2334,2501,437
8969,Bridget Jones: The Edge of Reason (2004),Comedy|Drama|Romance,100,0.3537,2.98,0.1921,0.2729,0.2406,0.3052,2065,2515,2280,450
90746,"Adventures of Tintin, The (2011)",Action|Animation|Mystery|IMAX,55,0.0549,3.4727,0.4906,0.2728,0.3599,0.1856,2066,2074,2715,649
1034,Freeway (1996),Comedy|Crime|Drama|Thriller,70,0.1808,3.3,0.3644,0.2726,0.3093,0.2359,2067,2278,2565,498
886,Bulletproof (1996),Action|Comedy|Crime,77,0.2338,3.2143,0.3107,0.2723,0.2877,0.2569,2068,2358,2477,409
1836,"Last Days of Disco, The (1998)",Comedy|Drama,77,0.2338,3.2143,0.3107,0.2723,0.2877,0.2569,2068,2358,2477,409
60126,Get Smart (2008),Action|Comedy,83,0.2706,3.1506,0.2737,0.2721,0.2728,0.2715,2069,2404,2418,349
4564,Always (1989),Drama|Fantasy|Romance,59,0.0948,3.4153,0.4485,0.2717,0.3424,0.2009,2070,2144,2671,601
49822,"Good Shepherd, The (2006)",Drama|Thriller,59,0.0948,3.4153,0.4485,0.2717,0.3424,0.2009,2070,2144,2671,601
2135,Doctor Dolittle (1967),Adventure|Children|Musical,97,0.3409,3.0052,0.2024,0.2717,0.244,0.2993,2070,2501,2311,431
6952,Gothika (2003),Horror|Thriller,105,0.3754,2.9238,0.1676,0.2715,0.2299,0.3131,2071,2542,2243,471
3145,Cradle Will Rock (1999),Drama,63,0.1309,3.3651,0.4112,0.271,0.3271,0.215,2072,2199,2630,558
5313,"Scorpion King, The (2002)",Action|Adventure|Fantasy,131,0.4589,2.6527,0.0825,0.2707,0.1954,0.346,2073,2641,2125,568
92,Mary Reilly (1996),Drama|Horror|Thriller,119,0.4222,2.7941,0.119,0.2706,0.2099,0.3312,2074,2605,2178,531
1970,"Nightmare on Elm Street 3: Dream Warriors, A (1987)",Horror|Thriller,119,0.4222,2.7941,0.119,0.2706,0.2099,0.3312,2074,2605,2178,531
4345,"Anniversary Party, The (2001)",Drama,51,0.0107,3.5294,0.5301,0.2704,0.3743,0.1665,2075,2016,2776,760
523,Ruby in Paradise (1993),Drama,51,0.0107,3.5294,0.5301,0.2704,0.3743,0.1665,2075,2016,2776,760
879,"Relic, The (1997)",Horror|Thriller,118,0.4181,2.8008,0.1212,0.2696,0.2102,0.329,2076,2603,2189,527
62155,Nick and Norah's Infinite Playlist (2008),Comedy|Drama|Romance,56,0.0675,3.4464,0.4711,0.2693,0.35,0.1886,2077,2113,2705,628
2322,Soldier (1998),Action|Sci-Fi|War,98,0.3456,2.9796,0.1918,0.2687,0.2379,0.2994,2078,2523,2310,445
1016,"Shaggy Dog, The (1959)",Children|Comedy,89,0.3007,3.0787,0.2357,0.2682,0.2552,0.2812,2079,2466,2384,387
45880,Marie Antoinette (2006),Drama|Romance,55,0.0549,3.4636,0.4812,0.268,0.3533,0.1828,2080,2099,2721,641
2875,Sommersby (1993),Drama|Mystery|Romance,108,0.3845,2.8843,0.15,0.2673,0.2204,0.3142,2081,2573,2237,492
2093,Return to Oz (1985),Adventure|Children|Fantasy,102,0.361,2.9363,0.1733,0.2671,0.2296,0.3046,2082,2545,2283,463
55830,Be Kind Rewind (2008),Comedy,70,0.1808,3.2786,0.3525,0.2666,0.301,0.2323,2083,2314,2575,492
3484,"Skulls, The (2000)",Thriller,120,0.4244,2.7583,0.1086,0.2665,0.2033,0.3296,2084,2625,2187,541
3770,Dreamscape (1984),Horror|Sci-Fi|Thriller,71,0.1899,3.2606,0.3412,0.2655,0.2958,0.2353,2085,2330,2567,482
1660,Eve's Bayou (1997),Drama,60,0.1061,3.3833,0.4244,0.2652,0.3289,0.2016,2086,2190,2670,584
469,"House of the Spirits, The (1993)",Drama|Romance,82,0.2649,3.1341,0.2652,0.2651,0.2651,0.265,2087,2429,2449,362
2153,"Avengers, The (1998)",Action|Adventure,148,0.5035,2.2703,0.0264,0.2649,0.1695,0.3603,2088,2723,2066,657
7007,"Last Boy Scout, The (1991)",Action|Comedy|Crime|Drama|Thriller,61,0.1161,3.3689,0.4137,0.2649,0.3244,0.2054,2089,2220,2663,574
71745,Where the Wild Things Are (2009),Adventure|Children|Drama|Fantasy|IMAX,61,0.1161,3.3689,0.4137,0.2649,0.3244,0.2054,2089,2220,2663,574
2136,"Nutty Professor, The (1963)",Comedy|Sci-Fi,124,0.4382,2.6855,0.0901,0.2641,0.1945,0.3337,2090,2649,2168,559
32596,Sahara (2005),Action|Adventure|Comedy,76,0.2272,3.1908,0.2979,0.2626,0.2767,0.2484,2091,2392,2514,423
842,Tales from the Crypt Presents: Bordello of Blood (1996),Comedy|Horror,108,0.3845,2.8519,0.14,0.2622,0.2133,0.3111,2092,2597,2253,505
36519,Transporter 2 (2005),Action|Crime|Thriller,77,0.2338,3.1753,0.2891,0.2615,0.2725,0.2504,2093,2405,2508,415
4941,Flash Gordon (1980),Action|Adventure|Sci-Fi,92,0.3176,3.0109,0.2053,0.2615,0.239,0.2839,2093,2520,2372,427
2042,D2: The Mighty Ducks (1994),Children|Comedy,132,0.4636,2.5379,0.0593,0.2615,0.1806,0.3423,2093,2703,2134,610
53550,Rescue Dawn (2006),Action|Adventure|Drama|War,50,0.0,3.52,0.5226,0.2613,0.3658,0.1568,2094,2049,2802,753
3987,Bounce (2000),Drama|Romance,103,0.365,2.8981,0.1551,0.26,0.218,0.302,2095,2578,2295,483
3248,Sister Act 2: Back in the Habit (1993),Comedy,128,0.4498,2.5703,0.0681,0.2589,0.1826,0.3353,2096,2691,2157,595
4387,Kiss of the Dragon (2001),Action,65,0.1478,3.3077,0.3691,0.2585,0.3027,0.2142,2097,2305,2633,536
51412,Next (2007),Action|Sci-Fi|Thriller,68,0.1692,3.2721,0.3478,0.2585,0.2942,0.2228,2097,2337,2603,506
3729,Shaft (1971),Action|Crime|Drama|Thriller,58,0.0873,3.3879,0.4281,0.2577,0.3259,0.1895,2098,2210,2703,605
3784,"Kid, The (2000)",Comedy|Fantasy,86,0.2869,3.064,0.2279,0.2574,0.2456,0.2692,2099,2496,2428,397
55805,Before the Devil Knows You're Dead (2007),Crime|Drama|Thriller,55,0.0549,3.4273,0.4595,0.2572,0.3381,0.1763,2100,2159,2744,644
41716,"Matador, The (2005)",Comedy|Drama|Thriller,60,0.1061,3.3583,0.4062,0.2561,0.3161,0.1961,2101,2256,2687,586
5941,Drumline (2002),Comedy|Drama|Musical|Romance,66,0.1547,3.2879,0.3575,0.2561,0.2967,0.2156,2101,2328,2627,526
332,Village of the Damned (1995),Horror|Sci-Fi,115,0.4109,2.7304,0.1011,0.256,0.194,0.3179,2102,2650,2219,548
2279,Urban Legend (1998),Horror|Thriller,122,0.4306,2.6393,0.0807,0.2556,0.1857,0.3256,2103,2678,2200,575
6645,THX 1138 (1971),Action|Adventure|Drama|Sci-Fi,56,0.0675,3.4107,0.4432,0.2553,0.3305,0.1802,2104,2183,2728,624
63,Don't Be a Menace to South Central While Drinking Your Juice in the Hood (1996),Comedy|Crime,104,0.3707,2.851,0.139,0.2549,0.2085,0.3012,2105,2608,2302,503
2793,"American Werewolf in Paris, An (1997)",Comedy|Horror|Romance|Thriller,106,0.3792,2.8302,0.1299,0.2546,0.2047,0.3044,2106,2620,2285,514
511,"Program, The (1993)",Action|Drama,79,0.2495,3.1203,0.2593,0.2544,0.2563,0.2524,2107,2463,2496,389
1003,Extreme Measures (1996),Drama|Thriller,80,0.2558,3.1125,0.2524,0.2541,0.2534,0.2548,2108,2471,2484,376
1875,Clockwatchers (1997),Comedy,51,0.0107,3.4804,0.4975,0.2541,0.3514,0.1567,2109,2107,2803,696
2249,My Blue Heaven (1990),Comedy,88,0.2954,3.0284,0.2112,0.2533,0.2365,0.2701,2110,2526,2425,416
55282,30 Days of Night (2007),Horror|Thriller,76,0.2272,3.1579,0.2784,0.2528,0.2631,0.2426,2111,2436,2542,431
3243,Encino Man (1992),Comedy,120,0.4244,2.6458,0.0813,0.2528,0.1842,0.3214,2112,2688,2213,576
71156,"Men Who Stare at Goats, The (2009)",Action|Comedy|Drama,60,0.1061,3.35,0.3992,0.2527,0.3113,0.194,2113,2271,2692,579
1498,Inventing the Abbotts (1997),Drama|Romance,62,0.1227,3.3226,0.3814,0.252,0.3038,0.2003,2114,2300,2675,561
206,Unzipped (1995),Documentary,50,0.0,3.49,0.5031,0.2516,0.3522,0.1509,2115,2105,2814,709
3528,"Prince of Tides, The (1991)",Drama|Romance,83,0.2706,3.0723,0.2323,0.2514,0.2438,0.2591,2116,2502,2470,386
2381,Police Academy 4: Citizens on Patrol (1987),Comedy|Crime,142,0.489,2.0915,0.0129,0.2509,0.1557,0.3462,2117,2760,2124,643
71264,Cloudy with a Chance of Meatballs (2009),Animation|Children|Fantasy|IMAX,53,0.0326,3.4434,0.4689,0.2508,0.338,0.1635,2118,2160,2788,670
2331,Living Out Loud (1998),Comedy|Drama|Romance,53,0.0326,3.4434,0.4689,0.2508,0.338,0.1635,2118,2160,2788,670
1760,Spice World (1997),Comedy,146,0.4981,1.7877,0.0025,0.2503,0.1512,0.3494,2119,2774,2114,660
52245,Blades of Glory (2007),Comedy|Romance,87,0.2928,3.0115,0.2056,0.2492,0.2318,0.2667,2120,2534,2438,414
6322,Confidence (2003),Crime|Thriller,51,0.0107,3.4706,0.4871,0.2489,0.3442,0.1536,2121,2137,2807,686
86880,Pirates of the Caribbean: On Stranger Tides (2011),Action|Adventure|Fantasy|IMAX,68,0.1692,3.2353,0.3286,0.2489,0.2808,0.217,2121,2384,2620,499
2558,Forces of Nature (1999),Comedy|Romance,112,0.3992,2.7187,0.0982,0.2487,0.1885,0.3089,2122,2669,2261,547
2497,Message in a Bottle (1999),Romance,90,0.3076,2.9722,0.1886,0.2481,0.2243,0.2719,2123,2560,2414,437
1006,"Chamber, The (1996)",Drama,75,0.2197,3.1533,0.2762,0.248,0.2593,0.2367,2124,2450,2562,438
3439,Teenage Mutant Ninja Turtles II: The Secret of the Ooze (1991),Action|Children|Fantasy,113,0.4024,2.6991,0.0929,0.2476,0.1858,0.3095,2125,2677,2258,552
69640,Public Enemies (2009),Crime|Drama|Thriller,65,0.1478,3.2692,0.3465,0.2472,0.2869,0.2074,2126,2365,2658,532
1772,Blues Brothers 2000 (1998),Action|Comedy|Musical,128,0.4498,2.4375,0.0443,0.247,0.1659,0.3281,2127,2733,2192,606
8373,"Stepford Wives, The (2004)",Comedy|Fantasy|Thriller,105,0.3754,2.7905,0.1183,0.2469,0.1954,0.2983,2128,2642,2317,514
700,Angus (1995),Comedy,64,0.1387,3.2812,0.354,0.2464,0.2895,0.2033,2129,2352,2666,537
2524,"Towering Inferno, The (1974)",Action|Adventure|Drama|Thriller,93,0.322,2.9301,0.1704,0.2462,0.2159,0.2766,2130,2586,2402,456
2453,"Boy Who Could Fly, The (1986)",Drama|Fantasy,63,0.1309,3.2937,0.3606,0.2458,0.2917,0.1998,2131,2344,2676,545
346,Backbeat (1993),Drama|Musical,70,0.1808,3.2143,0.3107,0.2458,0.2718,0.2198,2131,2408,2611,480
270,Love Affair (1994),Drama|Romance,70,0.1808,3.2143,0.3107,0.2458,0.2718,0.2198,2131,2408,2611,480
72378,2012 (2009),Action|Drama|Sci-Fi|Thriller,110,0.3917,2.7182,0.0979,0.2448,0.1861,0.3036,2132,2676,2287,544
425,Blue Sky (1994),Drama|Romance,53,0.0326,3.4245,0.4564,0.2445,0.3293,0.1598,2133,2188,2795,662
53464,Fantastic Four: Rise of the Silver Surfer (2007),Action|Adventure|Sci-Fi,99,0.3503,2.8485,0.1378,0.244,0.2015,0.2865,2134,2629,2363,495
4149,Saving Silverman (Evil Woman) (2001),Comedy|Romance,95,0.3311,2.9,0.1566,0.2439,0.209,0.2788,2135,2607,2394,472
369,Mrs. Parker and the Vicious Circle (1994),Drama,59,0.0948,3.339,0.3923,0.2436,0.3031,0.1841,2136,2303,2718,582
181,Mighty Morphin Power Rangers: The Movie (1995),Action|Children,139,0.4812,1.8849,0.0056,0.2434,0.1483,0.3385,2137,2781,2148,644
1397,Bastard Out of Carolina (1996),Drama,50,0.0,3.47,0.4868,0.2434,0.3408,0.146,2138,2150,2825,687
461,Go Fish (1994),Drama|Romance,52,0.0229,3.4327,0.4633,0.2431,0.3312,0.155,2139,2182,2805,666
1191,Madonna: Truth or Dare (1991),Documentary|Musical,96,0.3362,2.8802,0.1488,0.2425,0.205,0.2799,2140,2618,2391,478
4887,"One, The (2001)",Action|Sci-Fi|Thriller,96,0.3362,2.8802,0.1488,0.2425,0.205,0.2799,2140,2618,2391,478
631,All Dogs Go to Heaven 2 (1996),Adventure|Animation|Children|Fantasy|Musical|Romance,102,0.361,2.8088,0.124,0.2425,0.1951,0.2899,2140,2645,2345,505
1713,Mouse Hunt (1997),Children|Comedy,103,0.365,2.7961,0.1199,0.2425,0.1934,0.2915,2141,2653,2339,512
2181,Marnie (1964),Drama|Mystery|Romance|Thriller,55,0.0549,3.3909,0.4294,0.2422,0.317,0.1673,2142,2252,2774,632
4167,15 Minutes (2001),Thriller,90,0.3076,2.9444,0.1767,0.2422,0.216,0.2683,2142,2585,2433,443
1866,"Big Hit, The (1998)",Action|Comedy|Crime,78,0.2423,3.0897,0.2411,0.2417,0.2414,0.2419,2143,2509,2543,400
4159,3000 Miles to Graceland (2001),Action|Thriller,84,0.2768,3.0119,0.2062,0.2415,0.2274,0.2556,2144,2553,2483,409
2380,Police Academy 3: Back in Training (1986),Comedy|Crime,134,0.4683,2.1007,0.0144,0.2414,0.1506,0.3321,2145,2776,2175,631
2639,Mommie Dearest (1981),Drama,60,0.1061,3.3167,0.3763,0.2412,0.2953,0.1872,2146,2331,2711,565
828,"Adventures of Pinocchio, The (1996)",Adventure|Children,78,0.2423,3.0833,0.2382,0.2403,0.2395,0.2411,2147,2518,2547,400
55232,Resident Evil: Extinction (2007),Action|Horror|Sci-Fi|Thriller,70,0.1808,3.1929,0.2991,0.24,0.2636,0.2163,2148,2434,2624,476
3036,"Quest for Fire (Guerre du feu, La) (1981)",Adventure|Drama,68,0.1692,3.2132,0.3098,0.2395,0.2676,0.2114,2149,2421,2648,499
36525,Just Like Heaven (2005),Comedy|Fantasy|Romance,57,0.0785,3.3509,0.4002,0.2393,0.3037,0.175,2150,2302,2747,597
1487,Selena (1997),Drama|Musical,75,0.2197,3.12,0.2589,0.2393,0.2472,0.2315,2150,2490,2578,428
80219,Machete (2010),Action|Adventure|Comedy|Crime|Thriller,52,0.0229,3.4231,0.4548,0.2389,0.3252,0.1525,2151,2214,2810,659
58103,Vantage Point (2008),Action|Drama|Thriller,62,0.1227,3.2823,0.3547,0.2387,0.2851,0.1923,2152,2375,2694,542
360,I Love Trouble (1994),Action|Comedy,110,0.3917,2.6682,0.0851,0.2384,0.1771,0.2997,2153,2711,2309,558
5943,Maid in Manhattan (2002),Comedy|Romance,106,0.3792,2.717,0.0973,0.2382,0.1819,0.2946,2154,2696,2327,542
445,Fatal Instinct (1993),Comedy,87,0.2928,2.9598,0.1836,0.2382,0.2164,0.2601,2155,2584,2465,429
2122,Children of the Corn (1984),Horror|Thriller,114,0.4065,2.5658,0.0672,0.2368,0.169,0.3047,2156,2725,2282,569
4079,Amazon Women on the Moon (1987),Comedy|Sci-Fi,51,0.0107,3.4314,0.4623,0.2365,0.3268,0.1462,2157,2200,2823,666
3501,Murphy's Romance (1985),Comedy|Romance,51,0.0107,3.4314,0.4623,0.2365,0.3268,0.1462,2157,2200,2823,666
422,Blink (1994),Thriller,74,0.2122,3.1216,0.2599,0.236,0.2456,0.2265,2158,2496,2596,438
66203,He's Just Not That Into You (2009),Comedy|Drama|Romance,70,0.1808,3.1786,0.291,0.2359,0.2579,0.2138,2159,2455,2637,478
7573,Never Say Never Again (1983),Action|Adventure|Thriller,55,0.0549,3.3727,0.4159,0.2354,0.3076,0.1632,2160,2287,2790,630
2356,Celebrity (1998),Comedy,72,0.1955,3.1528,0.2753,0.2354,0.2513,0.2195,2161,2479,2613,452
8880,Mask (1985),Drama,72,0.1955,3.1528,0.2753,0.2354,0.2513,0.2195,2161,2479,2613,452
52975,Hairspray (2007),Comedy|Drama|Musical,66,0.1547,3.2197,0.3148,0.2348,0.2668,0.2028,2162,2424,2667,505
62999,Madagascar: Escape 2 Africa (2008),Action|Adventure|Animation|Children|Comedy|IMAX,59,0.0948,3.3136,0.3732,0.234,0.2897,0.1783,2163,2351,2734,571
1821,"Object of My Affection, The (1998)",Comedy|Romance,85,0.2831,2.9647,0.1849,0.234,0.2143,0.2536,2163,2594,2489,431
2531,Battle for the Planet of the Apes (1973),Action|Sci-Fi,105,0.3754,2.6952,0.0923,0.2338,0.1772,0.2905,2164,2710,2343,546
78105,Prince of Persia: The Sands of Time (2010),Action|Adventure|Fantasy|Romance|IMAX,54,0.0452,3.3796,0.4218,0.2335,0.3089,0.1582,2165,2283,2798,633
1113,"Associate, The (1996)",Comedy,53,0.0326,3.3962,0.4331,0.2329,0.313,0.1528,2166,2267,2809,643
3529,"Postman Always Rings Twice, The (1981)",Crime|Thriller,53,0.0326,3.3962,0.4331,0.2329,0.313,0.1528,2166,2267,2809,643
3646,Big Momma's House (2000),Comedy,117,0.4153,2.4744,0.0499,0.2326,0.1595,0.3056,2167,2748,2277,581
2606,Idle Hands (1999),Comedy|Horror,102,0.361,2.7402,0.1042,0.2326,0.1812,0.2839,2168,2701,2372,533
174,Jury Duty (1995),Comedy,113,0.4024,2.5487,0.0625,0.2324,0.1644,0.3004,2169,2738,2305,569
6664,Commando (1985),Action|Adventure,80,0.2558,3.0187,0.2087,0.2323,0.2228,0.2417,2170,2566,2544,396
2120,Needful Things (1993),Drama|Horror,81,0.2611,3.0062,0.2034,0.2323,0.2207,0.2438,2170,2570,2534,400
4725,Session 9 (2001),Horror|Thriller,51,0.0107,3.4216,0.4535,0.2321,0.3207,0.1435,2171,2236,2830,659
2846,"Adventures of Milo and Otis, The (Koneko monogatari) (1986)",Adventure|Children|Comedy|Drama,73,0.2034,3.1233,0.2608,0.2321,0.2436,0.2206,2171,2503,2609,438
711,Flipper (1996),Adventure|Children,101,0.3559,2.7574,0.1083,0.2321,0.1826,0.2816,2171,2692,2382,521
3821,Nutty Professor II: The Klumps (2000),Comedy,121,0.4284,2.3719,0.0352,0.2318,0.1531,0.3105,2172,2772,2255,600
5247,Smokey and the Bandit (1977),Action|Comedy,66,0.1547,3.2121,0.3085,0.2316,0.2624,0.2009,2173,2438,2672,499
2506,"Other Sister, The (1999)",Comedy|Drama|Romance,69,0.1748,3.1739,0.2881,0.2315,0.2541,0.2088,2174,2469,2653,479
4396,"Cannonball Run, The (1981)",Action|Comedy,89,0.3007,2.9101,0.1616,0.2312,0.2034,0.259,2175,2624,2471,449
2961,"Story of Us, The (1999)",Comedy|Drama,95,0.3311,2.8316,0.1309,0.231,0.191,0.2711,2176,2658,2421,482
76077,Hot Tub Time Machine (2010),Comedy|Sci-Fi,62,0.1227,3.2581,0.339,0.2309,0.2741,0.1876,2177,2402,2708,531
57528,Rambo (Rambo 4) (2008),Action|Drama|Thriller|War,62,0.1227,3.2581,0.339,0.2309,0.2741,0.1876,2177,2402,2708,531
2613,Night of the Comet (1984),Comedy|Horror|Sci-Fi,82,0.2649,2.9878,0.1968,0.2309,0.2172,0.2445,2177,2582,2533,405
66,Lawnmower Man 2: Beyond Cyberspace (1996),Action|Sci-Fi|Thriller,126,0.4454,2.127,0.016,0.2307,0.1448,0.3166,2178,2793,2224,615
7045,"Witches, The (1990)",Children|Fantasy,53,0.0326,3.3868,0.4275,0.2301,0.309,0.1511,2179,2281,2813,634
6888,Scary Movie 3 (2003),Comedy|Horror,118,0.4181,2.428,0.0421,0.2301,0.1549,0.3053,2180,2765,2279,585
37727,Flightplan (2005),Action|Drama|Thriller,79,0.2495,3.0253,0.21,0.2298,0.2218,0.2377,2181,2568,2557,387
1848,"Borrowers, The (1997)",Adventure|Children|Comedy|Fantasy,84,0.2768,2.9583,0.1827,0.2298,0.2109,0.2486,2181,2601,2513,420
1593,Picture Perfect (1997),Comedy|Romance,88,0.2954,2.9148,0.1638,0.2296,0.2033,0.2559,2182,2626,2482,444
3841,Air America (1990),Action|Comedy,98,0.3456,2.7653,0.1114,0.2285,0.1817,0.2753,2183,2698,2406,515
38798,In Her Shoes (2005),Comedy|Drama,66,0.1547,3.197,0.3016,0.2282,0.2576,0.1988,2184,2456,2680,496
132,Jade (1995),Thriller,104,0.3707,2.6683,0.0854,0.228,0.171,0.2851,2185,2719,2367,534
48322,Jackass Number Two (2006),Comedy|Documentary,56,0.0675,3.3304,0.3876,0.2276,0.2916,0.1635,2186,2345,2789,603
71530,Surrogates (2009),Action|Sci-Fi|Thriller,60,0.1061,3.275,0.349,0.2276,0.2761,0.179,2186,2395,2733,547
4587,Earth Girls Are Easy (1988),Comedy|Musical|Sci-Fi,97,0.3409,2.7732,0.1142,0.2276,0.1822,0.2729,2186,2695,2412,509
2408,Cocoon: The Return (1988),Comedy|Sci-Fi,114,0.4065,2.4693,0.0477,0.2271,0.1553,0.2988,2187,2763,2314,576
3426,Jungle Fever (1991),Drama|Romance,57,0.0785,3.3158,0.3754,0.2269,0.2863,0.1675,2188,2370,2773,585
5312,Murder by Numbers (2002),Crime|Thriller,72,0.1955,3.1181,0.2571,0.2263,0.2386,0.214,2189,2521,2635,446
1128,"Fog, The (1980)",Horror,76,0.2272,3.0592,0.2254,0.2263,0.2259,0.2267,2189,2556,2595,406
6058,Final Destination 2 (2003),Horror|Thriller,84,0.2768,2.9405,0.1751,0.226,0.2056,0.2463,2190,2615,2527,425
6743,Jungle Book (1942),Adventure|Fantasy,51,0.0107,3.402,0.4382,0.2244,0.3099,0.1389,2191,2274,2838,647
801,Harriet the Spy (1996),Children|Comedy,88,0.2954,2.892,0.1529,0.2241,0.1956,0.2526,2192,2640,2494,448
2328,Vampires (1998),Horror|Western,78,0.2423,3.0064,0.2037,0.223,0.2153,0.2307,2193,2588,2580,395
5303,Joe Versus the Volcano (1990),Comedy|Romance,89,0.3007,2.8652,0.1444,0.2225,0.1913,0.2538,2194,2657,2488,463
5900,Analyze That (2002),Comedy|Crime,101,0.3559,2.6832,0.0891,0.2225,0.1692,0.2759,2194,2724,2404,530
2382,Police Academy 5: Assignment: Miami Beach (1988),Comedy|Crime,123,0.4341,2.0244,0.011,0.2225,0.1379,0.3072,2194,2817,2270,623
8947,"Grudge, The (2004)",Horror|Mystery|Thriller,93,0.322,2.8011,0.1215,0.2218,0.1816,0.2619,2195,2699,2462,504
1969,"Nightmare on Elm Street 2: Freddy's Revenge, A (1985)",Horror,114,0.4065,2.3772,0.0361,0.2213,0.1472,0.2954,2196,2787,2324,591
187,Party Girl (1995),Comedy,50,0.0,3.41,0.4422,0.2211,0.3096,0.1327,2197,2277,2845,648
4951,Lord of the Flies (1990),Adventure|Drama|Thriller,59,0.0948,3.2712,0.3475,0.2211,0.2717,0.1706,2197,2409,2764,567
650,Moll Flanders (1996),Drama,60,0.1061,3.25,0.3358,0.221,0.2669,0.175,2198,2423,2746,548
5139,"Bad News Bears, The (1976)",Comedy,60,0.1061,3.2417,0.3333,0.2197,0.2652,0.1743,2199,2428,2749,550
4488,Colors (1988),Action|Crime|Drama,53,0.0326,3.3585,0.4065,0.2196,0.2943,0.1448,2200,2336,2827,627
4733,"Curse of the Jade Scorpion, The (2001)",Comedy,61,0.1161,3.2295,0.323,0.2196,0.2609,0.1782,2201,2444,2736,535
2261,One Crazy Summer (1986),Comedy,64,0.1387,3.1953,0.2997,0.2192,0.2514,0.187,2202,2478,2712,510
5040,Conan the Destroyer (1984),Action|Adventure|Fantasy,87,0.2928,2.8678,0.1453,0.2191,0.1896,0.2486,2203,2666,2513,463
1629,"MatchMaker, The (1997)",Comedy|Romance,62,0.1227,3.2177,0.3136,0.2181,0.2563,0.18,2204,2464,2729,525
2532,Conquest of the Planet of the Apes (1972),Action|Sci-Fi,96,0.3362,2.724,0.0998,0.218,0.1707,0.2653,2205,2721,2447,516
51709,"Host, The (Gwoemul) (2006)",Comedy|Drama|Horror|Sci-Fi|Thriller,52,0.0229,3.3654,0.4118,0.2174,0.2951,0.1396,2206,2332,2836,630
41573,"Family Stone, The (2005)",Comedy|Drama|Romance,51,0.0107,3.3824,0.424,0.2174,0.3,0.1347,2207,2320,2843,636
4372,Crazy/Beautiful (2001),Drama|Romance,70,0.1808,3.1143,0.2539,0.2174,0.232,0.2027,2207,2532,2668,461
2121,Cujo (1983),Horror|Thriller,89,0.3007,2.8371,0.1337,0.2172,0.1838,0.2506,2208,2690,2507,482
2107,Halloween H20: 20 Years Later (Halloween 7: The Revenge of Laurie Strode) (1998),Horror|Thriller,111,0.3955,2.3919,0.0383,0.2169,0.1454,0.2883,2209,2791,2351,582
4247,Joe Dirt (2001),Adventure|Comedy|Mystery|Romance,103,0.365,2.5728,0.0687,0.2169,0.1576,0.2761,2210,2753,2403,543
1707,Home Alone 3 (1997),Children|Comedy,122,0.4306,1.8115,0.0031,0.2169,0.1314,0.3024,2210,2827,2293,617
2296,"Night at the Roxbury, A (1998)",Comedy,105,0.3754,2.5238,0.0581,0.2167,0.1533,0.2802,2211,2771,2390,560
3707,9 1/2 Weeks (Nine 1/2 Weeks) (1986),Drama|Romance,67,0.1626,3.1418,0.2693,0.2159,0.2373,0.1946,2212,2524,2690,478
5479,K-19: The Widowmaker (2002),Action|Adventure|Drama|Thriller,67,0.1626,3.1418,0.2693,0.2159,0.2373,0.1946,2212,2524,2690,478
4010,Brewster's Millions (1985),Comedy,74,0.2122,3.0473,0.2197,0.2159,0.2175,0.2144,2212,2581,2632,420
2337,Velvet Goldmine (1998),Drama,69,0.1748,3.1159,0.2558,0.2153,0.2315,0.1991,2213,2537,2678,465
3197,"Presidio, The (1988)",Action|Crime|Romance|Thriller,62,0.1227,3.2097,0.3067,0.2147,0.2515,0.1779,2214,2477,2738,524
5666,"Rules of Attraction, The (2002)",Comedy|Drama|Romance|Thriller,62,0.1227,3.2097,0.3067,0.2147,0.2515,0.1779,2214,2477,2738,524
4673,Tango & Cash (1989),Action|Comedy|Crime|Thriller,98,0.3456,2.6582,0.0835,0.2145,0.1621,0.2669,2215,2742,2436,527
1043,To Gillian on Her 37th Birthday (1996),Drama|Romance,70,0.1808,3.1071,0.2476,0.2142,0.2276,0.2008,2216,2552,2673,457
2033,"Black Cauldron, The (1985)",Adventure|Animation|Children|Fantasy,74,0.2122,3.0405,0.2159,0.2141,0.2148,0.2133,2217,2590,2643,426
3388,Harry and the Hendersons (1987),Children|Comedy,96,0.3362,2.6927,0.0917,0.2139,0.165,0.2628,2218,2735,2458,517
5452,Look Who's Talking Now (1993),Children|Comedy|Romance,117,0.4153,2.0256,0.0113,0.2133,0.1325,0.2941,2219,2826,2328,607
6550,Johnny English (2003),Action|Comedy|Thriller,85,0.2831,2.8588,0.1431,0.2131,0.1851,0.2411,2220,2686,2546,466
1018,That Darn Cat! (1965),Children|Comedy|Mystery,67,0.1626,3.1194,0.2586,0.2106,0.2298,0.1914,2221,2543,2698,477
416,Bad Girls (1994),Western,92,0.3176,2.7391,0.1036,0.2106,0.1678,0.2534,2221,2728,2490,507
1897,High Art (1998),Drama|Romance,51,0.0107,3.3627,0.4099,0.2103,0.2901,0.1304,2222,2348,2852,630
1005,D3: The Mighty Ducks (1996),Children|Comedy,106,0.3792,2.4151,0.0414,0.2103,0.1427,0.2778,2222,2800,2399,578
2151,"Gods Must Be Crazy II, The (1989)",Comedy,76,0.2272,2.9803,0.1927,0.21,0.2031,0.2169,2223,2627,2622,404
271,Losing Isaiah (1995),Drama,58,0.0873,3.2414,0.3324,0.2098,0.2589,0.1608,2224,2453,2793,569
32598,Fever Pitch (2005),Comedy|Romance,53,0.0326,3.3302,0.387,0.2098,0.2807,0.139,2225,2385,2837,612
2165,Your Friends and Neighbors (1998),Comedy|Drama,53,0.0326,3.3302,0.387,0.2098,0.2807,0.139,2225,2385,2837,612
6184,"Man Who Fell to Earth, The (1976)",Drama|Sci-Fi,60,0.1061,3.2167,0.3126,0.2094,0.2507,0.168,2226,2480,2770,544
258,"Kid in King Arthur's Court, A (1995)",Adventure|Children|Comedy|Fantasy|Romance,94,0.3271,2.6862,0.0904,0.2087,0.1614,0.2561,2227,2743,2481,516
6966,Darkman (1990),Action|Crime|Fantasy|Sci-Fi|Thriller,64,0.1387,3.1562,0.2781,0.2084,0.2363,0.1805,2228,2527,2727,499
6264,"Core, The (2003)",Action|Drama|Sci-Fi|Thriller,92,0.3176,2.7228,0.0992,0.2084,0.1647,0.2521,2229,2737,2497,508
4228,Heartbreakers (2001),Comedy|Crime|Romance,73,0.2034,3.0342,0.2131,0.2083,0.2102,0.2063,2230,2604,2661,431
4867,Riding in Cars with Boys (2001),Comedy|Drama,70,0.1808,3.0786,0.2354,0.2081,0.219,0.1972,2231,2576,2685,454
4744,Jeepers Creepers (2001),Horror,99,0.3503,2.5606,0.0656,0.2079,0.151,0.2649,2232,2775,2451,543
1726,"Postman, The (1997)",Action|Adventure|Drama|Sci-Fi,90,0.3076,2.7556,0.1077,0.2076,0.1676,0.2476,2233,2729,2517,496
2043,Darby O'Gill and the Little People (1959),Adventure|Children|Fantasy,61,0.1161,3.1885,0.2972,0.2067,0.2429,0.1705,2234,2505,2766,532
64,Two if by Sea (1996),Comedy|Romance,85,0.2831,2.8294,0.1296,0.2064,0.1757,0.2371,2235,2713,2560,478
6263,Basic (2003),Drama|Thriller|War,56,0.0675,3.2679,0.3449,0.2062,0.2617,0.1507,2236,2440,2815,579
2263,"Seventh Sign, The (1988)",Drama|Fantasy|Thriller,80,0.2558,2.9,0.1566,0.2062,0.1864,0.2261,2236,2675,2597,439
2383,Police Academy 6: City Under Siege (1989),Comedy|Crime,113,0.4024,1.9956,0.01,0.2062,0.1277,0.2847,2236,2839,2369,603
3705,Bird on a Wire (1990),Action|Comedy|Romance,93,0.322,2.6828,0.0888,0.2054,0.1588,0.2521,2237,2751,2498,514
5419,Scooby-Doo (2002),Adventure|Children|Comedy|Fantasy|Mystery,104,0.3707,2.3942,0.0389,0.2048,0.1384,0.2712,2238,2815,2420,577
742,Thinner (1996),Horror|Thriller,91,0.3136,2.7088,0.0954,0.2045,0.1609,0.2481,2239,2745,2515,506
1389,Jaws 3-D (1983),Action|Horror,113,0.4024,1.9381,0.0066,0.2045,0.1253,0.2836,2239,2842,2374,603
5524,Blue Crush (2002),Adventure|Drama|Romance,76,0.2272,2.9539,0.1814,0.2043,0.1952,0.2135,2240,2644,2640,404
68135,17 Again (2009),Comedy|Drama,66,0.1547,3.1136,0.2533,0.204,0.2237,0.1843,2241,2563,2717,476
4155,Sweet November (2001),Drama|Romance,73,0.2034,3.0068,0.204,0.2037,0.2038,0.2036,2242,2623,2665,423
4821,Joy Ride (2001),Adventure|Thriller,56,0.0675,3.2589,0.3396,0.2035,0.258,0.1491,2243,2454,2818,575
6294,Bulletproof Monk (2003),Action|Adventure|Sci-Fi,77,0.2338,2.9351,0.1723,0.2031,0.1908,0.2154,2244,2660,2628,416
2162,"NeverEnding Story II: The Next Chapter, The (1990)",Adventure|Children|Fantasy,100,0.3537,2.48,0.0521,0.2029,0.1426,0.2632,2245,2803,2456,558
704,"Quest, The (1996)",Action|Adventure,82,0.2649,2.8537,0.1406,0.2028,0.1779,0.2276,2246,2708,2592,462
313,"Swan Princess, The (1994)",Animation|Children,63,0.1309,3.1508,0.274,0.2024,0.2311,0.1738,2247,2540,2751,504
4368,Dr. Dolittle 2 (2001),Comedy,97,0.3409,2.5515,0.0631,0.202,0.1464,0.2575,2248,2788,2474,540
4040,Don't Tell Mom the Babysitter's Dead (1991),Comedy,97,0.3409,2.5464,0.0612,0.201,0.1451,0.257,2249,2792,2476,543
55995,Beowulf (2007),Action|Adventure|Animation|Fantasy|IMAX,78,0.2423,2.9038,0.1591,0.2007,0.1841,0.2174,2250,2689,2619,439
612,"Pallbearer, The (1996)",Comedy,83,0.2706,2.8253,0.1287,0.1996,0.1712,0.228,2251,2717,2590,466
2771,Brokedown Palace (1999),Drama,79,0.2495,2.8797,0.1485,0.199,0.1788,0.2192,2252,2706,2614,454
8977,Alexander (2004),Action|Adventure|Drama|War,89,0.3007,2.7079,0.0951,0.1979,0.1568,0.239,2253,2758,2552,505
63992,Twilight (2008),Drama|Fantasy|Romance|Thriller,93,0.322,2.5914,0.0734,0.1977,0.148,0.2475,2254,2783,2520,529
829,Joe's Apartment (1996),Comedy|Fantasy|Musical,96,0.3362,2.5365,0.0587,0.1974,0.1419,0.2529,2255,2805,2492,550
4386,Cats & Dogs (2001),Children|Comedy,95,0.3311,2.5526,0.0634,0.1973,0.1437,0.2508,2256,2796,2505,540
78,"Crossing Guard, The (1995)",Action|Crime|Drama|Thriller,63,0.1309,3.127,0.263,0.197,0.2234,0.1705,2257,2564,2765,508
2084,Newsies (1992),Children|Musical,56,0.0675,3.2321,0.3249,0.1962,0.2476,0.1447,2258,2489,2828,570
1474,Jungle2Jungle (a.k.a. Jungle 2 Jungle) (1997),Children|Comedy,91,0.3136,2.6264,0.0788,0.1962,0.1492,0.2431,2258,2778,2537,520
4132,Mannequin (1987),Comedy|Romance,92,0.3176,2.5978,0.0747,0.1962,0.1476,0.2448,2258,2785,2532,527
2456,"Fly II, The (1989)",Horror|Sci-Fi,102,0.361,2.3431,0.0314,0.1962,0.1303,0.2621,2258,2832,2460,574
33834,Land of the Dead (2005),Action|Horror|Thriller,54,0.0452,3.2685,0.3462,0.1957,0.2559,0.1355,2259,2465,2842,583
569,Little Big League (1994),Comedy|Drama,79,0.2495,2.8544,0.1409,0.1952,0.1735,0.2169,2260,2715,2621,455
8866,Wimbledon (2004),Comedy|Romance,60,0.1061,3.1667,0.2837,0.1949,0.2304,0.1594,2261,2541,2796,535
1971,"Nightmare on Elm Street 4: The Dream Master, A (1988)",Horror|Thriller,102,0.361,2.3137,0.0289,0.1949,0.1285,0.2613,2261,2836,2463,575
3997,Dungeons & Dragons (2000),Adventure|Fantasy,107,0.3836,1.9019,0.0063,0.1949,0.1195,0.2704,2261,2856,2423,595
6535,"Legally Blonde 2: Red, White & Blonde (2003)",Comedy,94,0.3271,2.5479,0.0621,0.1946,0.1416,0.2476,2262,2806,2518,544
2092,"Return of Jafar, The (1994)",Adventure|Animation|Children|Fantasy|Musical|Romance,97,0.3409,2.4691,0.0474,0.1941,0.1354,0.2528,2263,2818,2493,555
1007,"Apple Dumpling Gang, The (1975)",Children|Comedy|Western,83,0.2706,2.7892,0.1174,0.194,0.1633,0.2246,2264,2740,2598,476
93,Vampire in Brooklyn (1995),Comedy|Horror|Romance,98,0.3456,2.4286,0.0424,0.194,0.1333,0.2546,2264,2825,2486,561
5415,Divine Secrets of the Ya-Ya Sisterhood (2002),Comedy|Drama,74,0.2122,2.9392,0.1742,0.1932,0.1856,0.2008,2265,2680,2674,415
4572,Black Rain (1989),Action|Crime|Drama,59,0.0948,3.178,0.2903,0.1926,0.2317,0.1535,2266,2535,2808,542
4757,Rock Star (2001),Comedy|Drama|Musical,66,0.1547,3.0682,0.2298,0.1922,0.2073,0.1772,2267,2611,2740,473
1983,Halloween II (1981),Horror,91,0.3136,2.5824,0.0703,0.1919,0.1433,0.2406,2268,2798,2548,530
3268,Stop! Or My Mom Will Shoot (1992),Action|Comedy,106,0.3792,1.8302,0.0035,0.1913,0.1162,0.2664,2269,2862,2440,593
58293,"10,000 BC (2008)",Adventure|Romance|Thriller,93,0.322,2.543,0.0603,0.1911,0.1388,0.2435,2270,2814,2535,544
891,Halloween: The Curse of Michael Myers (Halloween 6: The Curse of Michael Myers) (1995),Horror|Thriller,95,0.3311,2.4789,0.0512,0.1911,0.1352,0.2471,2270,2819,2521,549
3004,"Bachelor, The (1999)",Comedy|Romance,90,0.3076,2.5944,0.0741,0.1908,0.1441,0.2375,2271,2795,2559,524
42011,Fun with Dick and Jane (2005),Comedy|Crime,71,0.1899,2.9789,0.1911,0.1905,0.1908,0.1903,2272,2661,2701,429
1752,Hard Rain (1998),Action|Crime|Thriller,88,0.2954,2.6705,0.0857,0.1905,0.1486,0.2325,2272,2779,2574,507
2148,House (1986),Comedy|Fantasy|Horror,66,0.1547,3.0606,0.226,0.1904,0.2046,0.1761,2273,2621,2745,472
6238,Green Card (1990),Comedy|Drama|Romance,73,0.2034,2.9452,0.1773,0.1904,0.1852,0.1956,2273,2685,2688,415
5159,Ferngully: The Last Rainforest (1992),Animation|Children|Comedy|Musical,58,0.0873,3.181,0.2928,0.1901,0.2312,0.1489,2274,2538,2819,545
1862,Species II (1998),Horror|Sci-Fi,103,0.365,2.1068,0.0151,0.1901,0.1201,0.26,2274,2854,2466,580
2829,"Muse, The (1999)",Comedy,83,0.2706,2.759,0.1089,0.1897,0.1574,0.2221,2275,2754,2605,479
2561,True Crime (1999),Crime|Thriller,65,0.1478,3.0692,0.2307,0.1893,0.2058,0.1727,2276,2614,2754,478
2520,Airport (1970),Drama,72,0.1955,2.9583,0.1827,0.1891,0.1865,0.1917,2277,2674,2695,418
3308,"Flamingo Kid, The (1984)",Comedy|Drama,51,0.0107,3.3039,0.3669,0.1888,0.26,0.1175,2278,2449,2877,599
2815,Iron Eagle (1986),Action|War,84,0.2768,2.7262,0.1004,0.1886,0.1534,0.2239,2279,2770,2600,491
4285,Frankie and Johnny (1991),Comedy|Romance,54,0.0452,3.2407,0.3318,0.1885,0.2458,0.1312,2280,2495,2849,569
4474,Beaches (1988),Comedy|Drama|Musical,69,0.1748,3.0,0.2003,0.1875,0.1926,0.1825,2281,2654,2722,441
3594,Center Stage (2000),Drama|Musical,64,0.1387,3.0781,0.2351,0.1869,0.2062,0.1676,2282,2612,2772,490
4205,Mermaids (1990),Comedy|Drama|Romance,66,0.1547,3.0455,0.2178,0.1863,0.1989,0.1737,2283,2634,2752,469
3177,Next Friday (2000),Comedy,82,0.2649,2.75,0.1067,0.1858,0.1542,0.2175,2284,2769,2618,485
35957,Red Eye (2005),Horror|Thriller,61,0.1161,3.1148,0.2549,0.1855,0.2132,0.1578,2285,2598,2799,514
1762,Deep Rising (1998),Action|Horror|Sci-Fi,80,0.2558,2.7812,0.1152,0.1855,0.1574,0.2136,2285,2755,2638,470
48877,Saw III (2006),Crime|Horror|Thriller,80,0.2558,2.7812,0.1152,0.1855,0.1574,0.2136,2285,2755,2638,470
2504,200 Cigarettes (1999),Comedy|Drama,81,0.2611,2.7593,0.1092,0.1852,0.1548,0.2156,2286,2766,2627,480
102,Mr. Wrong (1996),Comedy,96,0.3362,2.3646,0.0339,0.185,0.1246,0.2455,2287,2845,2530,558
4234,"Tailor of Panama, The (2001)",Drama|Thriller,72,0.1955,2.9375,0.1739,0.1847,0.1804,0.189,2288,2704,2704,416
34532,"Skeleton Key, The (2005)",Drama|Horror|Mystery|Thriller,54,0.0452,3.2315,0.3239,0.1846,0.2403,0.1288,2289,2516,2855,566
3649,American Gigolo (1980),Drama,66,0.1547,3.0379,0.2141,0.1844,0.1963,0.1725,2290,2639,2755,465
691,Mrs. Winterbourne (1996),Comedy|Romance,60,0.1061,3.125,0.2618,0.1839,0.2151,0.1528,2291,2589,2809,518
2163,Attack of the Killer Tomatoes! (1978),Comedy|Horror,95,0.3311,2.3789,0.0367,0.1839,0.125,0.2428,2291,2844,2540,553
79695,"Expendables, The (2010)",Action|Adventure|Thriller,66,0.1547,3.0303,0.2122,0.1835,0.1949,0.172,2292,2647,2757,465
3879,"Art of War, The (2000)",Action|Thriller,75,0.2197,2.8733,0.1466,0.1831,0.1685,0.1978,2293,2726,2683,433
191,"Scarlet Letter, The (1995)",Drama|Romance,84,0.2768,2.6845,0.0895,0.1831,0.1457,0.2206,2293,2789,2609,496
1858,Mr. Nice Guy (Yat goh ho yan) (1997),Action|Comedy,59,0.0948,3.1441,0.2706,0.1827,0.2178,0.1475,2294,2579,2822,528
1681,Mortal Kombat: Annihilation (1997),Action|Adventure|Fantasy,101,0.3559,1.9901,0.0091,0.1825,0.1132,0.2519,2295,2866,2500,571
6889,Brother Bear (2003),Adventure|Animation|Children,50,0.0,3.3,0.3644,0.1822,0.2551,0.1093,2296,2467,2888,592
3208,Loaded Weapon 1 (National Lampoon's Loaded Weapon 1) (1993),Action|Comedy,79,0.2495,2.7785,0.1146,0.182,0.1551,0.209,2297,2764,2652,467
6810,Sleeping with the Enemy (1991),Drama|Thriller,56,0.0675,3.1875,0.2966,0.182,0.2279,0.1362,2298,2550,2841,543
55,Georgia (1995),Drama,52,0.0229,3.2596,0.3406,0.1817,0.2453,0.1182,2299,2497,2873,574
6250,Dreamcatcher (2003),Drama|Horror|Sci-Fi|Thriller,81,0.2611,2.7346,0.1023,0.1817,0.15,0.2135,2299,2777,2639,478
1453,"Beautician and the Beast, The (1997)",Comedy|Romance,94,0.3271,2.3777,0.0364,0.1817,0.1236,0.2399,2299,2848,2550,549
512,"Puppet Masters, The (1994)",Horror|Sci-Fi,64,0.1387,3.0547,0.2235,0.1811,0.1981,0.1642,2300,2636,2784,484
7101,Doc Hollywood (1991),Comedy|Romance,59,0.0948,3.1356,0.2659,0.1803,0.2145,0.1461,2301,2593,2824,523
60397,Mamma Mia! (2008),Comedy|Musical|Romance,59,0.0948,3.1356,0.2659,0.1803,0.2145,0.1461,2301,2593,2824,523
103042,Man of Steel (2013),Action|Adventure|Fantasy|Sci-Fi|IMAX,59,0.0948,3.1356,0.2659,0.1803,0.2145,0.1461,2301,2593,2824,523
4340,"Animal, The (2001)",Comedy,94,0.3271,2.3511,0.033,0.18,0.1212,0.2388,2302,2851,2553,549
2668,Swamp Thing (1982),Horror|Sci-Fi,84,0.2768,2.6488,0.0822,0.1795,0.1406,0.2185,2303,2810,2616,507
833,High School High (1996),Comedy,67,0.1626,2.9851,0.1955,0.1791,0.1857,0.1725,2304,2679,2756,452
1024,"Three Caballeros, The (1945)",Animation|Children|Musical,68,0.1692,2.9706,0.1871,0.1781,0.1817,0.1745,2305,2697,2748,443
611,Hellraiser: Bloodline (1996),Action|Horror|Sci-Fi,86,0.2869,2.5698,0.0678,0.1773,0.1335,0.2212,2306,2823,2608,517
1432,Metro (1997),Action|Comedy|Crime|Drama|Thriller,75,0.2197,2.84,0.1347,0.1772,0.1602,0.1942,2307,2746,2691,439
5401,Undercover Brother (2002),Comedy,73,0.2034,2.8836,0.1497,0.1766,0.1658,0.1873,2308,2734,2709,426
437,Cops and Robbersons (1994),Comedy,82,0.2649,2.6768,0.0882,0.1766,0.1412,0.2119,2308,2808,2645,500
5039,Dragonslayer (1981),Action|Adventure|Fantasy,53,0.0326,3.2264,0.3198,0.1762,0.2337,0.1188,2309,2530,2871,562
5047,Kung Pow: Enter the Fist (2002),Action|Comedy,73,0.2034,2.8699,0.146,0.1747,0.1632,0.1862,2310,2741,2713,431
2166,Return to Paradise (1998),Crime|Drama|Romance|Thriller,51,0.0107,3.2549,0.3384,0.1745,0.2401,0.109,2311,2517,2890,579
7380,Ella Enchanted (2004),Comedy|Fantasy|Romance,55,0.0549,3.1818,0.2932,0.174,0.2217,0.1264,2312,2569,2858,546
4876,Thirteen Ghosts (a.k.a. Thir13en Ghosts) (2001),Horror|Thriller,86,0.2869,2.5407,0.0596,0.1733,0.1278,0.2187,2313,2838,2615,525
67197,Knowing (2009),Action|Drama|Mystery|Sci-Fi|Thriller,60,0.1061,3.0833,0.2382,0.1722,0.1986,0.1457,2314,2635,2826,512
45501,"Break-Up, The (2006)",Comedy|Drama|Romance,71,0.1899,2.8944,0.1541,0.172,0.1648,0.1792,2315,2736,2732,421
37720,"Exorcism of Emily Rose, The (2005)",Crime|Drama|Horror|Thriller,56,0.0675,3.1518,0.2746,0.1711,0.2125,0.1296,2316,2600,2854,538
3708,Firestarter (1984),Horror|Thriller,66,0.1547,2.9697,0.1861,0.1704,0.1767,0.1642,2317,2712,2784,467
5027,Another 48 Hrs. (1990),Action|Comedy|Crime|Drama|Thriller,66,0.1547,2.9621,0.1842,0.1695,0.1754,0.1636,2318,2714,2787,469
50794,Smokin' Aces (2006),Action|Crime|Drama|Thriller,62,0.1227,3.0403,0.2156,0.1692,0.1878,0.1506,2319,2672,2816,497
5530,Simone (S1m0ne) (2002),Comedy|Drama|Fantasy|Sci-Fi,63,0.1309,3.0159,0.2072,0.169,0.1843,0.1538,2320,2687,2806,486
5621,"Tuxedo, The (2002)",Action|Comedy,86,0.2869,2.4709,0.0483,0.1676,0.1199,0.2153,2321,2855,2629,534
3515,Me Myself I (2000),Comedy|Romance,71,0.1899,2.8662,0.1447,0.1673,0.1583,0.1763,2322,2752,2743,430
2907,Superstar (1999),Comedy,83,0.2706,2.5542,0.064,0.1673,0.126,0.2086,2323,2840,2656,517
479,Judgment Night (1993),Action|Crime|Thriller,72,0.1955,2.8472,0.1368,0.1662,0.1545,0.1779,2324,2767,2737,443
2789,Damien: Omen II (1978),Horror,57,0.0785,3.114,0.2536,0.166,0.2011,0.131,2325,2631,2850,525
2374,Gung Ho (1986),Comedy|Drama,70,0.1808,2.8857,0.1507,0.1657,0.1597,0.1718,2326,2747,2758,432
3930,"Creature from the Black Lagoon, The (1954)",Adventure|Horror|Sci-Fi,50,0.0,3.24,0.3311,0.1656,0.2318,0.0993,2327,2533,2911,584
3519,Force 10 from Navarone (1978),Action|Drama|War,52,0.0229,3.2115,0.3079,0.1654,0.2224,0.1084,2328,2567,2891,563
47044,Miami Vice (2006),Action|Crime|Drama|Thriller,62,0.1227,3.0161,0.2078,0.1653,0.1823,0.1482,2329,2694,2821,492
5667,Tuck Everlasting (2002),Drama|Fantasy,51,0.0107,3.2255,0.3189,0.1648,0.2264,0.1031,2330,2554,2905,575
558,"Pagemaster, The (1994)",Action|Adventure|Animation|Children|Fantasy,79,0.2495,2.6329,0.0794,0.1645,0.1304,0.1985,2331,2830,2682,499
7439,"Punisher, The (2004)",Action|Crime|Thriller,65,0.1478,2.9538,0.1808,0.1643,0.1709,0.1577,2332,2720,2800,468
393,Street Fighter (1994),Action|Adventure|Fantasy,94,0.3271,1.6862,0.0006,0.1638,0.0986,0.2291,2333,2892,2586,559
1995,Poltergeist II: The Other Side (1986),Horror|Thriller,88,0.2954,2.3466,0.0317,0.1635,0.1108,0.2163,2334,2871,2625,537
3865,"Original Kings of Comedy, The (2000)",Comedy|Documentary,53,0.0326,3.1792,0.2916,0.1621,0.2139,0.1103,2335,2595,2885,550
6266,What a Girl Wants (2003),Comedy|Drama|Romance,58,0.0873,3.0776,0.2348,0.161,0.1905,0.1315,2336,2662,2847,511
37382,Domino (2005),Crime|Drama|Thriller,57,0.0785,3.0965,0.2433,0.1609,0.1938,0.1279,2337,2652,2856,519
5296,"Sweetest Thing, The (2002)",Comedy|Romance,79,0.2495,2.5886,0.0722,0.1609,0.1254,0.1963,2337,2841,2686,504
695,True Crime (1996),Mystery|Thriller,52,0.0229,3.1923,0.2985,0.1607,0.2158,0.1056,2338,2587,2897,559
3616,Loser (2000),Comedy|Romance,76,0.2272,2.7039,0.0938,0.1605,0.1339,0.1872,2339,2821,2710,482
2392,Jack Frost (1998),Children|Comedy|Drama,82,0.2649,2.5122,0.0562,0.1605,0.1188,0.2023,2339,2857,2669,518
5220,Showtime (2002),Action|Comedy,69,0.1748,2.8696,0.1456,0.1602,0.1544,0.1661,2340,2768,2778,438
4275,Krull (1983),Action|Adventure|Fantasy|Sci-Fi,74,0.2122,2.7568,0.108,0.1601,0.1392,0.1809,2341,2813,2726,472
51077,Ghost Rider (2007),Action|Fantasy|Thriller,84,0.2768,2.4286,0.0424,0.1596,0.1127,0.2065,2342,2867,2659,525
5309,Three Men and a Little Lady (1990),Comedy|Romance,85,0.2831,2.3706,0.0348,0.159,0.1093,0.2086,2343,2874,2655,531
1783,Palmetto (1998),Crime|Drama|Mystery|Romance|Thriller,69,0.1748,2.8551,0.1422,0.1585,0.152,0.165,2344,2773,2780,436
1975,Friday the 13th Part 2 (1981),Horror,84,0.2768,2.3929,0.0386,0.1577,0.1101,0.2054,2345,2872,2664,527
51086,"Number 23, The (2007)",Drama|Mystery|Thriller,70,0.1808,2.8357,0.1331,0.1569,0.1474,0.1665,2346,2786,2777,440
3440,Teenage Mutant Ninja Turtles III (1993),Action|Adventure|Children|Comedy|Fantasy,86,0.2869,2.2616,0.0261,0.1565,0.1043,0.2086,2347,2882,2655,535
48982,Flushed Away (2006),Animation|Comedy,53,0.0326,3.1604,0.2797,0.1562,0.2056,0.1067,2348,2617,2895,547
5420,Windtalkers (2002),Action|Drama|War,75,0.2197,2.6933,0.092,0.1558,0.1303,0.1814,2349,2831,2725,482
2574,"Out-of-Towners, The (1999)",Comedy,78,0.2423,2.5705,0.0684,0.1554,0.1206,0.1901,2350,2853,2702,503
2373,Red Sonja (1985),Action|Adventure|Fantasy,82,0.2649,2.4512,0.0452,0.1551,0.1111,0.199,2351,2870,2679,519
53993,Evan Almighty (2007),Comedy|Fantasy,65,0.1478,2.9077,0.161,0.1544,0.1571,0.1518,2352,2756,2811,459
810,Kazaam (1996),Children|Comedy|Fantasy,90,0.3076,1.7611,0.0013,0.1544,0.0932,0.2157,2352,2901,2626,549
7161,Cheaper by the Dozen (2003),Children|Comedy,70,0.1808,2.8214,0.1271,0.154,0.1432,0.1647,2353,2799,2782,446
4267,One Night at McCool's (2001),Comedy,59,0.0948,3.0339,0.2128,0.1538,0.1774,0.1302,2354,2709,2853,499
1011,Herbie Rides Again (1974),Adventure|Children|Comedy,76,0.2272,2.6382,0.0804,0.1538,0.1244,0.1832,2354,2846,2720,492
2549,Wing Commander (1999),Action|Sci-Fi,88,0.2954,2.0795,0.0122,0.1538,0.0972,0.2104,2354,2896,2650,542
2796,Funny Farm (1988),Comedy,70,0.1808,2.8071,0.1237,0.1522,0.1408,0.1637,2355,2809,2786,454
5107,Hart's War (2002),Drama|War,55,0.0549,3.1091,0.2492,0.1521,0.1909,0.1132,2356,2659,2883,527
46965,Snakes on a Plane (2006),Action|Comedy|Horror|Thriller,69,0.1748,2.8261,0.129,0.1519,0.1427,0.1611,2357,2801,2792,444
3051,Anywhere But Here (1999),Comedy|Drama,56,0.0675,3.0804,0.236,0.1518,0.1855,0.118,2358,2682,2874,516
4305,Angel Eyes (2001),Romance|Thriller,68,0.1692,2.8382,0.134,0.1516,0.1446,0.1586,2359,2794,2797,438
697,Feeling Minnesota (1996),Drama|Romance,60,0.1061,2.9833,0.1943,0.1502,0.1678,0.1325,2360,2727,2846,486
2906,Random Hearts (1999),Drama|Romance,80,0.2558,2.4375,0.0443,0.15,0.1077,0.1923,2361,2876,2693,515
3991,102 Dalmatians (2000),Children|Comedy,83,0.2706,2.2892,0.0279,0.1492,0.1007,0.1978,2362,2887,2683,525
4745,O (2001),Drama,54,0.0452,3.1111,0.2508,0.148,0.1891,0.1069,2363,2667,2894,531
86911,"Hangover Part II, The (2011)",Comedy,55,0.0549,3.0818,0.2373,0.1461,0.1826,0.1096,2364,2692,2887,523
459,"Getaway, The (1994)",Action|Adventure|Crime|Drama|Romance|Thriller,62,0.1227,2.9274,0.1695,0.1461,0.1555,0.1368,2364,2762,2840,476
278,Miami Rhapsody (1995),Comedy,62,0.1227,2.9274,0.1695,0.1461,0.1555,0.1368,2364,2762,2840,476
2787,Cat's Eye (1985),Horror,57,0.0785,3.0351,0.2134,0.146,0.1729,0.119,2365,2716,2870,505
2195,Dirty Work (1998),Comedy,57,0.0785,3.0351,0.2134,0.146,0.1729,0.119,2365,2716,2870,505
42723,Hostel (2005),Horror,73,0.2034,2.6781,0.0885,0.146,0.123,0.1689,2365,2850,2767,485
87520,Transformers: Dark of the Moon (2011),Action|Adventure|Sci-Fi|War|IMAX,54,0.0452,3.1019,0.2454,0.1453,0.1854,0.1053,2366,2683,2900,534
64497,"Day the Earth Stood Still, The (2008)",Drama|Sci-Fi|Thriller|IMAX,64,0.1387,2.8906,0.1519,0.1453,0.148,0.1427,2366,2784,2831,465
725,"Great White Hype, The (1996)",Comedy,64,0.1387,2.8906,0.1519,0.1453,0.148,0.1427,2366,2784,2831,465
4255,Freddy Got Fingered (2001),Comedy,85,0.2831,1.8824,0.0053,0.1442,0.0887,0.1998,2367,2914,2677,547
179,Mad Love (1995),Drama|Romance,74,0.2122,2.6014,0.0753,0.1438,0.1164,0.1711,2368,2861,2761,493
1503,8 Heads in a Duffel Bag (1997),Comedy,74,0.2122,2.5946,0.0744,0.1433,0.1157,0.1708,2369,2863,2763,494
312,Stuart Saves His Family (1995),Comedy,71,0.1899,2.7113,0.0964,0.1431,0.1244,0.1618,2370,2847,2791,477
49651,Rocky Balboa (2006),Action|Drama,53,0.0326,3.1132,0.253,0.1428,0.1869,0.0987,2371,2673,2912,541
2091,Return from Witch Mountain (1978),Children|Sci-Fi,67,0.1626,2.7985,0.1208,0.1417,0.1334,0.1501,2372,2824,2817,452
55768,Bee Movie (2007),Animation|Comedy,51,0.0107,3.1471,0.2724,0.1416,0.1939,0.0892,2373,2651,2927,554
330,Tales from the Hood (1995),Action|Crime|Horror,64,0.1387,2.8594,0.1438,0.1412,0.1422,0.1402,2374,2804,2835,461
6880,"Texas Chainsaw Massacre, The (2003)",Horror,77,0.2338,2.4545,0.0458,0.1398,0.1022,0.1774,2375,2885,2739,510
835,Foxfire (1996),Drama,53,0.0326,3.1038,0.2464,0.1395,0.1823,0.0968,2376,2694,2917,541
43560,Nanny McPhee (2005),Children|Comedy|Fantasy,52,0.0229,3.1154,0.2552,0.139,0.1855,0.0926,2377,2681,2923,546
8860,Cellular (2004),Action|Crime|Drama|Mystery|Thriller,58,0.0873,2.9741,0.1896,0.1384,0.1589,0.118,2378,2750,2875,497
429,Cabin Boy (1994),Comedy,77,0.2338,2.4286,0.0424,0.1381,0.0998,0.1764,2379,2889,2742,510
2429,Mighty Joe Young (1998),Action|Adventure|Drama|Fantasy|Thriller,65,0.1478,2.8231,0.1277,0.1378,0.1338,0.1418,2380,2822,2834,454
3754,"Adventures of Rocky and Bullwinkle, The (2000)",Adventure|Animation|Children|Comedy|Fantasy,80,0.2558,2.1562,0.0182,0.137,0.0895,0.1845,2381,2909,2716,528
656,Eddie (1996),Comedy,62,0.1227,2.8871,0.1513,0.137,0.1427,0.1313,2382,2802,2848,466
1972,"Nightmare on Elm Street 5: The Dream Child, A (1989)",Horror,82,0.2649,1.9817,0.0085,0.1367,0.0854,0.188,2383,2923,2707,540
45081,Silent Hill (2006),Fantasy|Horror|Thriller,55,0.0549,3.0455,0.2178,0.1364,0.169,0.1038,2384,2725,2904,520
4248,Josie and the Pussycats (2001),Comedy,72,0.1955,2.6111,0.0766,0.1361,0.1123,0.1599,2385,2868,2794,483
7362,Taking Lives (2004),Crime|Drama|Thriller,50,0.0,3.14,0.2687,0.1343,0.1881,0.0806,2386,2670,2947,561
3802,Freejack (1992),Action|Sci-Fi,75,0.2197,2.4733,0.049,0.1343,0.1002,0.1685,2386,2888,2768,502
4254,Crocodile Dundee in Los Angeles (2001),Comedy|Drama,77,0.2338,2.3701,0.0342,0.134,0.0941,0.1739,2387,2900,2750,513
2978,Three to Tango (1999),Comedy|Romance,57,0.0785,2.9737,0.1893,0.1339,0.156,0.1117,2388,2759,2884,496
606,Candyman: Farewell to the Flesh (1995),Fantasy|Horror,74,0.2122,2.4932,0.0543,0.1332,0.1017,0.1648,2389,2886,2781,497
1976,Friday the 13th Part 3: 3D (1982),Horror,79,0.2495,2.1329,0.0166,0.1331,0.0865,0.1797,2390,2921,2730,531
2546,"Deep End of the Ocean, The (1999)",Drama,56,0.0675,2.9911,0.1984,0.1329,0.1591,0.1067,2391,2749,2895,504
3054,Pokémon: The First Movie (1998),Adventure|Animation|Children|Fantasy|Sci-Fi,80,0.2558,1.9875,0.0088,0.1323,0.0829,0.1817,2392,2930,2723,538
433,Clean Slate (1994),Comedy,54,0.0452,3.0463,0.2188,0.132,0.1667,0.0973,2393,2731,2916,523
5128,Queen of the Damned (2002),Fantasy|Horror,74,0.2122,2.4797,0.0515,0.1318,0.0997,0.164,2394,2890,2785,496
1004,"Glimmer Man, The (1996)",Action|Thriller,67,0.1626,2.7239,0.0995,0.131,0.1184,0.1437,2395,2858,2829,463
45730,Lady in the Water (2006),Drama|Fantasy|Mystery,58,0.0873,2.9397,0.1748,0.131,0.1486,0.1135,2396,2780,2881,485
68952,Drag Me to Hell (2009),Comedy|Horror,53,0.0326,3.066,0.2285,0.1306,0.1697,0.0914,2397,2722,2924,527
3430,Death Wish (1974),Action|Crime|Drama,56,0.0675,2.9821,0.1933,0.1304,0.1556,0.1052,2398,2761,2901,503
3824,Autumn in New York (2000),Drama|Romance,77,0.2338,2.2727,0.0267,0.1303,0.0888,0.1717,2399,2912,2759,513
2798,Problem Child (1990),Children|Comedy,78,0.2423,2.1474,0.0179,0.1301,0.0852,0.175,2400,2924,2747,524
2448,Virus (1999),Horror|Sci-Fi,77,0.2338,2.2532,0.0251,0.1295,0.0877,0.1712,2401,2917,2760,516
4133,Masters of the Universe (1987),Action|Adventure|Fantasy|Sci-Fi,76,0.2272,2.3421,0.0308,0.129,0.0897,0.1683,2402,2908,2769,506
2259,Blame It on Rio (1984),Comedy|Romance,62,0.1227,2.8387,0.1343,0.1285,0.1309,0.1262,2403,2828,2859,456
40339,Chicken Little (2005),Action|Adventure|Animation|Children|Comedy|Sci-Fi,53,0.0326,3.0566,0.2241,0.1284,0.1667,0.0901,2404,2732,2926,522
2119,Maximum Overdrive (1986),Horror,76,0.2272,2.3158,0.0292,0.1282,0.0886,0.1678,2405,2915,2771,510
5784,Ghost Ship (2002),Horror,75,0.2197,2.3733,0.0358,0.1277,0.091,0.1645,2406,2904,2783,498
5478,Eight Legged Freaks (2002),Action|Comedy|Horror|Sci-Fi,76,0.2272,2.2763,0.027,0.1271,0.0871,0.1672,2407,2920,2775,513
31420,Assault on Precinct 13 (2005),Action|Crime|Drama|Thriller,52,0.0229,3.0673,0.2291,0.126,0.1673,0.0848,2408,2730,2938,530
2615,My Science Project (1985),Adventure|Sci-Fi,53,0.0326,3.0472,0.2194,0.126,0.1634,0.0887,2408,2739,2928,520
1973,"Freddy's Dead: The Final Nightmare (Nightmare on Elm Street Part 6: Freddy's Dead, A) (1991)",Horror,76,0.2272,2.2237,0.0232,0.1252,0.0844,0.166,2409,2927,2779,518
7701,Look Who's Talking Too (1990),Comedy|Romance,77,0.2338,2.0584,0.0119,0.1229,0.0785,0.1673,2410,2939,2774,529
453,For Love or Money (1993),Comedy|Romance,50,0.0,3.1,0.2445,0.1223,0.1712,0.0734,2411,2718,2959,548
274,Man of the House (1995),Comedy,57,0.0785,2.9211,0.1657,0.1221,0.1395,0.1046,2412,2811,2903,491
113,Before and After (1996),Drama|Mystery,52,0.0229,3.0481,0.22,0.1215,0.1609,0.082,2413,2744,2945,532
1806,Paulie (1998),Adventure|Children|Comedy,61,0.1161,2.8197,0.1268,0.1215,0.1236,0.1193,2413,2848,2869,456
33836,Bewitched (2005),Comedy|Fantasy|Romance,69,0.1748,2.5652,0.0669,0.1208,0.0992,0.1424,2414,2891,2832,477
4544,Short Circuit 2 (1988),Comedy|Sci-Fi,73,0.2034,2.3904,0.038,0.1207,0.0876,0.1538,2415,2919,2806,504
6615,Freddy vs. Jason (2003),Action|Horror|Thriller,74,0.2122,2.2905,0.0282,0.1202,0.0834,0.157,2416,2928,2801,512
3864,Godzilla 2000 (Gojira ni-sen mireniamu) (1999),Action|Adventure|Sci-Fi,69,0.1748,2.558,0.065,0.1199,0.0979,0.1419,2417,2894,2833,477
118,If Lucy Fell (1996),Comedy|Romance,56,0.0675,2.9286,0.1701,0.1188,0.1393,0.0983,2418,2812,2914,496
59900,You Don't Mess with the Zohan (2008),Comedy,52,0.0229,3.0385,0.2144,0.1186,0.1569,0.0804,2419,2757,2949,530
5804,"Santa Clause 2, The (2002)",Children|Comedy|Fantasy|Romance,59,0.0948,2.8559,0.1425,0.1186,0.1282,0.1091,2419,2837,2889,470
2154,How Stella Got Her Groove Back (1998),Drama|Romance,57,0.0785,2.9035,0.1585,0.1185,0.1345,0.1025,2420,2820,2907,487
4231,Someone Like You (2001),Comedy|Romance,55,0.0549,2.9545,0.1817,0.1183,0.1437,0.093,2421,2797,2922,501
2266,"Butcher's Wife, The (1991)",Comedy|Romance,58,0.0873,2.8793,0.1481,0.1177,0.1299,0.1055,2422,2833,2898,476
473,In the Army Now (1994),Comedy|War,72,0.1955,2.3958,0.0392,0.1174,0.0861,0.1487,2423,2922,2820,499
2806,Teaching Mrs. Tingle (1999),Comedy|Thriller,73,0.2034,2.3425,0.0311,0.1172,0.0828,0.1517,2424,2931,2812,507
4699,Original Sin (2001),Drama|Romance|Thriller,54,0.0452,2.9722,0.1886,0.1169,0.1456,0.0882,2425,2790,2931,506
809,Fled (1996),Action|Adventure,63,0.1309,2.7302,0.1008,0.1158,0.1098,0.1218,2426,2873,2863,447
5796,Casino Royale (1967),Action|Adventure|Comedy,53,0.0326,2.9906,0.1977,0.1152,0.1482,0.0822,2427,2782,2944,517
2315,Bride of Chucky (Child's Play 4) (1998),Comedy|Horror|Thriller,74,0.2122,2.1419,0.0169,0.1146,0.0755,0.1536,2428,2944,2807,516
2399,Santa Claus: The Movie (1985),Adventure|Children|Fantasy,56,0.0675,2.9018,0.1579,0.1127,0.1308,0.0946,2429,2829,2919,490
45666,Nacho Libre (2006),Comedy,63,0.1309,2.7063,0.0945,0.1127,0.1054,0.12,2429,2881,2867,452
3564,"Flintstones in Viva Rock Vegas, The (2000)",Children|Comedy,75,0.2197,1.8667,0.0047,0.1122,0.0692,0.1552,2430,2949,2804,519
4719,Osmosis Jones (2001),Action|Animation|Comedy|Crime|Drama|Romance|Thriller,63,0.1309,2.6984,0.0926,0.1117,0.1041,0.1194,2431,2883,2868,452
6006,Just Married (2003),Comedy|Romance,61,0.1161,2.7459,0.1064,0.1113,0.1093,0.1132,2432,2874,2883,451
444,Even Cowgirls Get the Blues (1993),Comedy|Romance,70,0.1808,2.4143,0.0411,0.111,0.083,0.1389,2433,2929,2839,496
3238,Eye of the Beholder (1999),Thriller,67,0.1626,2.5224,0.0571,0.1099,0.0888,0.1309,2434,2913,2851,479
4031,All the Pretty Horses (2000),Drama|Romance|Western,55,0.0549,2.9091,0.1613,0.1081,0.1294,0.0868,2435,2834,2933,498
49649,Eragon (2006),Action|Adventure|Fantasy,65,0.1478,2.5692,0.0675,0.1077,0.0916,0.1237,2436,2903,2861,467
5093,Collateral Damage (2002),Action|Thriller,65,0.1478,2.5615,0.0659,0.1069,0.0905,0.1233,2437,2906,2862,469
2169,Dead Man on Campus (1998),Comedy,57,0.0785,2.8333,0.1312,0.1048,0.1154,0.0943,2438,2865,2920,482
8948,Alfie (2004),Comedy|Drama|Romance,54,0.0452,2.9167,0.1645,0.1048,0.1287,0.081,2439,2835,2946,507
61248,Death Race (2008),Action|Adventure|Sci-Fi|Thriller,51,0.0107,2.9902,0.1974,0.104,0.1414,0.0667,2440,2807,2965,525
3889,Highlander: Endgame (Highlander IV) (2000),Action|Adventure|Fantasy,64,0.1387,2.5781,0.0694,0.104,0.0902,0.1179,2440,2907,2876,467
4153,Down to Earth (2001),Comedy|Fantasy|Romance,59,0.0948,2.7712,0.113,0.1039,0.1075,0.1003,2441,2877,2910,469
504,No Escape (1994),Action|Drama|Sci-Fi,59,0.0948,2.7712,0.113,0.1039,0.1075,0.1003,2441,2877,2910,469
54,"Big Green, The (1995)",Children|Comedy,55,0.0549,2.8909,0.1525,0.1037,0.1233,0.0842,2442,2849,2940,498
55577,Saw IV (2007),Crime|Horror|Thriller,65,0.1478,2.5231,0.0574,0.1026,0.0846,0.1207,2443,2926,2865,483
59725,Sex and the City (2008),Comedy|Romance,56,0.0675,2.8482,0.1375,0.1025,0.1165,0.0885,2444,2860,2929,485
8870,"Forgotten, The (2004)",Drama|Mystery|Sci-Fi|Thriller,55,0.0549,2.8818,0.1494,0.1022,0.1211,0.0833,2445,2852,2943,498
5548,Down and Out in Beverly Hills (1986),Comedy,51,0.0107,2.9804,0.193,0.1019,0.1383,0.0654,2446,2816,2968,522
4030,Dracula 2000 (2000),Horror,61,0.1161,2.6721,0.0863,0.1012,0.0953,0.1072,2447,2897,2892,450
2026,Disturbing Behavior (1998),Horror|Thriller,65,0.1478,2.4769,0.0505,0.0992,0.0797,0.1186,2448,2937,2872,489
436,Color of Night (1994),Drama|Thriller,61,0.1161,2.6475,0.0819,0.099,0.0922,0.1059,2449,2902,2896,453
518,"Road to Wellville, The (1994)",Comedy,64,0.1387,2.5312,0.0584,0.0986,0.0825,0.1146,2450,2933,2880,483
46335,"Fast and the Furious: Tokyo Drift, The (Fast and the Furious 3, The) (2006)",Action|Crime|Drama|Thriller,57,0.0785,2.7895,0.118,0.0982,0.1062,0.0903,2451,2879,2925,474
1445,McHale's Navy (1997),Comedy|War,66,0.1547,2.4091,0.0408,0.0978,0.075,0.1206,2452,2945,2866,493
2147,"Clan of the Cave Bear, The (1986)",Adventure|Drama|Fantasy,65,0.1478,2.4615,0.0465,0.0971,0.0769,0.1174,2453,2941,2878,488
1468,Booty Call (1997),Comedy|Romance,61,0.1161,2.623,0.0778,0.097,0.0893,0.1046,2454,2910,2903,456
1981,Friday the 13th Part VIII: Jason Takes Manhattan (1989),Horror,71,0.1899,1.831,0.0038,0.0968,0.0596,0.1341,2455,2965,2844,510
4990,Jimmy Neutron: Boy Genius (2001),Adventure|Animation|Children|Comedy,56,0.0675,2.8125,0.1255,0.0965,0.1081,0.0849,2456,2875,2937,481
31221,Elektra (2005),Action|Adventure|Crime|Drama,63,0.1309,2.5476,0.0618,0.0964,0.0825,0.1102,2457,2932,2886,475
3918,Hellbound: Hellraiser II (1988),Horror,55,0.0549,2.8455,0.1362,0.0956,0.1118,0.0793,2458,2869,2951,493
126,"NeverEnding Story III, The (1994)",Adventure|Children|Fantasy,68,0.1692,2.1985,0.021,0.0951,0.0655,0.1247,2459,2954,2860,495
255,"Jerky Boys, The (1995)",Comedy,67,0.1626,2.2612,0.0257,0.0942,0.0668,0.1215,2460,2953,2864,493
275,Mixed Nuts (1994),Comedy,60,0.1061,2.6333,0.0797,0.0929,0.0876,0.0982,2461,2918,2915,457
6482,Dumb and Dumberer: When Harry Met Lloyd (2003),Comedy,70,0.1808,1.7643,0.0016,0.0912,0.0553,0.127,2462,2971,2857,509
3764,F/X2 (a.k.a. F/X 2 - The Deadly Art of Illusion) (1991),Action|Crime|Thriller,55,0.0549,2.8091,0.1246,0.0898,0.1037,0.0758,2463,2884,2956,493
639,Girl 6 (1996),Comedy|Drama,50,0.0,2.95,0.1789,0.0895,0.1252,0.0537,2464,2843,2985,521
3324,Drowning Mona (2000),Comedy,60,0.1061,2.5833,0.0706,0.0884,0.0813,0.0954,2465,2935,2918,470
43928,Ultraviolet (2006),Action|Fantasy|Sci-Fi|Thriller,57,0.0785,2.7105,0.096,0.0873,0.0908,0.0837,2466,2905,2942,476
881,First Kid (1996),Children|Comedy,51,0.0107,2.9118,0.1626,0.0866,0.117,0.0562,2467,2859,2981,514
2473,Soul Man (1986),Comedy,64,0.1387,2.3594,0.0336,0.0862,0.0651,0.1072,2468,2956,2893,488
1592,Air Bud (1997),Children|Comedy,66,0.1547,2.1439,0.0173,0.086,0.0585,0.1135,2469,2967,2882,498
8666,Catwoman (2004),Action|Crime|Fantasy,67,0.1626,1.9925,0.0094,0.086,0.0554,0.1166,2470,2970,2879,500
2377,Lifeforce (1985),Horror|Sci-Fi,53,0.0326,2.8491,0.1381,0.0854,0.1065,0.0643,2471,2878,2969,498
2752,Outrageous Fortune (1987),Comedy|Mystery,55,0.0549,2.7818,0.1158,0.0854,0.0976,0.0732,2471,2895,2960,489
1623,Wishmaster (1997),Horror,63,0.1309,2.373,0.0355,0.0832,0.0641,0.1023,2472,2958,2908,486
44972,Scary Movie 4 (2006),Comedy|Horror,64,0.1387,2.2812,0.0273,0.083,0.0607,0.1053,2473,2963,2899,490
32019,Be Cool (2005),Comedy|Crime|Musical,50,0.0,2.92,0.1651,0.0825,0.1156,0.0495,2474,2864,2988,514
54004,I Now Pronounce You Chuck and Larry (2007),Comedy|Romance,50,0.0,2.92,0.1651,0.0825,0.1156,0.0495,2474,2864,2988,514
2038,"Cat from Outer Space, The (1978)",Children|Comedy|Sci-Fi,58,0.0873,2.6207,0.0775,0.0824,0.0804,0.0843,2475,2936,2939,464
6212,Bringing Down the House (2003),Comedy,56,0.0675,2.7143,0.0967,0.0821,0.0879,0.0762,2476,2916,2955,479
3953,Dr. T and the Women (2000),Comedy|Romance,64,0.1387,2.2578,0.0254,0.0821,0.0594,0.1047,2476,2966,2902,490
3387,Who's Harry Crumb? (1989),Comedy|Mystery,59,0.0948,2.5763,0.0691,0.0819,0.0768,0.0871,2477,2942,2932,465
6793,Beethoven (1992),Children|Comedy|Drama,58,0.0873,2.6034,0.0756,0.0815,0.0791,0.0838,2478,2938,2941,463
505,North (1994),Comedy,59,0.0948,2.5593,0.0653,0.08,0.0741,0.0859,2479,2947,2936,468
1979,Friday the 13th Part VI: Jason Lives (1986),Horror,64,0.1387,2.1797,0.0198,0.0793,0.0555,0.103,2480,2969,2906,489
1667,Mad City (1997),Action|Drama,51,0.0107,2.8725,0.1463,0.0785,0.1056,0.0513,2481,2880,2987,506
3973,Book of Shadows: Blair Witch 2 (2000),Crime|Horror|Mystery|Thriller,63,0.1309,2.2143,0.0229,0.0769,0.0553,0.0985,2482,2972,2913,490
1977,Friday the 13th Part IV: The Final Chapter (1984),Horror,64,0.1387,2.1016,0.0148,0.0767,0.0519,0.1015,2483,2978,2909,495
2354,"Rugrats Movie, The (1998)",Animation|Children|Comedy,55,0.0549,2.7,0.0932,0.0741,0.0817,0.0664,2484,2934,2966,482
3394,Blind Date (1987),Comedy|Romance,54,0.0452,2.7315,0.102,0.0736,0.085,0.0622,2485,2925,2972,487
60037,"Happening, The (2008)",Drama|Sci-Fi|Thriller,62,0.1227,2.2419,0.0239,0.0733,0.0535,0.0931,2486,2974,2921,488
2587,Life (1999),Comedy|Crime|Drama,51,0.0107,2.8431,0.1356,0.0731,0.0981,0.0481,2487,2893,2989,502
710,Celtic Pride (1996),Comedy,60,0.1061,2.4,0.0402,0.0731,0.0599,0.0863,2487,2964,2935,477
2882,Jakob the Liar (1999),Drama,51,0.0107,2.8333,0.1312,0.0709,0.095,0.0468,2488,2898,2991,503
747,"Stupids, The (1996)",Comedy,58,0.0873,2.4914,0.054,0.0706,0.064,0.0773,2489,2959,2953,470
45726,"You, Me and Dupree (2006)",Comedy,55,0.0549,2.6545,0.0829,0.0689,0.0745,0.0633,2490,2946,2970,480
39231,Elizabethtown (2005),Comedy|Drama|Romance,50,0.0,2.84,0.1347,0.0673,0.0943,0.0404,2491,2899,2997,506
71379,Paranormal Activity (2009),Horror|Thriller,51,0.0107,2.8039,0.1227,0.0667,0.0891,0.0443,2492,2911,2993,501
3130,Bonfire of the Vanities (1990),Comedy|Crime|Drama,56,0.0675,2.5536,0.0637,0.0656,0.0648,0.0664,2493,2957,2967,474
69784,Brüno (Bruno) (2009),Comedy,55,0.0549,2.6091,0.076,0.0654,0.0696,0.0612,2494,2948,2975,481
2568,"Mod Squad, The (1999)",Action|Crime,62,0.1227,1.9597,0.0078,0.0653,0.0423,0.0883,2495,2986,2930,491
6338,Daddy Day Care (2003),Children|Comedy,53,0.0326,2.717,0.0973,0.065,0.0779,0.052,2496,2940,2986,490
3225,Down to You (2000),Comedy|Romance,55,0.0549,2.5909,0.0728,0.0639,0.0675,0.0603,2497,2951,2977,480
325,National Lampoon's Senior Trip (1995),Comedy,55,0.0549,2.5909,0.0728,0.0639,0.0675,0.0603,2497,2951,2977,480
8531,White Chicks (2004),Action|Comedy|Crime,57,0.0785,2.4737,0.0493,0.0639,0.058,0.0697,2497,2968,2963,471
6996,Highlander II: The Quickening (1991),Action|Sci-Fi,60,0.1061,2.1833,0.0204,0.0632,0.0461,0.0804,2498,2982,2948,484
6166,Dennis the Menace (1993),Comedy,60,0.1061,2.175,0.0195,0.0628,0.0454,0.0801,2499,2983,2950,484
4124,Jaws: The Revenge (1987),Horror|Thriller,62,0.1227,1.7661,0.0019,0.0623,0.0381,0.0865,2500,2993,2934,493
1999,"Exorcist III, The (1990)",Horror,55,0.0549,2.5818,0.0697,0.0623,0.0653,0.0594,2501,2955,2978,477
4207,Navy Seals (1990),Action|Adventure|War,54,0.0452,2.6296,0.0791,0.0621,0.0689,0.0554,2502,2950,2982,480
6707,Cabin Fever (2002),Horror|Thriller,54,0.0452,2.6111,0.0766,0.0609,0.0672,0.0546,2503,2952,2983,480
3955,"Ladies Man, The (2000)",Comedy,55,0.0549,2.5636,0.0665,0.0607,0.0631,0.0584,2504,2961,2979,475
8372,Garfield: The Movie (2004),Animation|Children|Comedy,60,0.1061,2.1,0.0138,0.0599,0.0415,0.0784,2505,2989,2952,484
37380,Doom (2005),Action|Horror|Sci-Fi,59,0.0948,2.2458,0.0242,0.0595,0.0454,0.0736,2506,2984,2958,478
2385,Home Fries (1998),Comedy|Romance,58,0.0873,2.319,0.0295,0.0584,0.0468,0.0699,2507,2979,2962,472
2050,Herbie Goes Bananas (1980),Adventure|Children|Comedy,56,0.0675,2.4732,0.0487,0.0581,0.0543,0.0618,2508,2973,2973,465
3908,Urban Legends: Final Cut (2000),Horror,58,0.0873,2.2931,0.0286,0.0579,0.0462,0.0696,2509,2981,2964,472
1996,Poltergeist III (1988),Horror|Thriller,60,0.1061,1.9417,0.0069,0.0565,0.0367,0.0763,2510,2997,2954,487
3326,What Planet Are You From? (2000),Comedy|Sci-Fi,50,0.0,2.76,0.1095,0.0548,0.0767,0.0329,2511,2943,3006,495
3392,She-Devil (1989),Comedy,59,0.0948,2.0847,0.0126,0.0537,0.0372,0.0701,2512,2995,2961,483
2555,Baby Geniuses (1999),Comedy,60,0.1061,1.575,0.0,0.053,0.0318,0.0743,2513,2999,2957,486
2500,Jawbreaker (1999),Comedy,52,0.0229,2.625,0.0782,0.0505,0.0616,0.0395,2514,2962,2998,484
3063,Poison Ivy (1992),Drama|Thriller,54,0.0452,2.5,0.0549,0.0501,0.052,0.0481,2515,2977,2990,475
1992,Child's Play 2 (1990),Horror|Thriller,57,0.0785,2.2018,0.0213,0.0499,0.0385,0.0613,2516,2992,2974,476
4265,Driven (2001),Action|Thriller,57,0.0785,2.193,0.0207,0.0496,0.038,0.0611,2517,2994,2976,477
2036,Blank Check (1994),Children|Comedy,56,0.0675,2.3214,0.0304,0.049,0.0416,0.0564,2518,2988,2980,470
217,"Babysitter, The (1995)",Drama|Thriller,53,0.0326,2.5472,0.0615,0.0471,0.0529,0.0413,2519,2975,2995,476
5942,"Hot Chick, The (2002)",Comedy,50,0.0,2.69,0.0913,0.0457,0.0639,0.0274,2520,2960,3008,488
2799,Problem Child 2 (1991),Comedy,58,0.0873,1.8362,0.0041,0.0457,0.029,0.0623,2520,3002,2971,482
5504,Spy Kids 2: The Island of Lost Dreams (2002),Adventure|Children,56,0.0675,2.2054,0.0223,0.0449,0.0358,0.0539,2521,2998,2984,477
56801,AVPR: Aliens vs. Predator - Requiem (2007),Action|Horror|Sci-Fi,54,0.0452,2.4352,0.0439,0.0446,0.0443,0.0448,2522,2985,2992,470
87,Dunston Checks In (1996),Children|Comedy,53,0.0326,2.4811,0.0524,0.0425,0.0465,0.0386,2523,2980,3001,478
71,Fair Game (1995),Action,54,0.0452,2.3981,0.0399,0.0425,0.0415,0.0436,2523,2990,2994,471
4563,Young Einstein (1988),Comedy,53,0.0326,2.4528,0.0455,0.0391,0.0417,0.0365,2524,2987,3003,479
2498,My Favorite Martian (1999),Comedy|Sci-Fi,53,0.0326,2.4434,0.0449,0.0388,0.0412,0.0363,2525,2991,3004,479
2306,Holy Man (1998),Comedy,50,0.0,2.6,0.075,0.0375,0.0525,0.0225,2526,2976,3011,485
2548,"Rage: Carrie 2, The (1999)",Horror,54,0.0452,2.25,0.0245,0.0348,0.0307,0.039,2527,3001,2999,474
1863,Major League: Back to the Minors (1998),Comedy,54,0.0452,2.1574,0.0185,0.0319,0.0265,0.0372,2528,3003,3002,475
3689,Porky's II: The Next Day (1983),Comedy,53,0.0326,2.3208,0.0301,0.0314,0.0309,0.0319,2529,3000,3007,478
1978,Friday the 13th Part V: A New Beginning (1985),Horror,55,0.0549,1.9545,0.0075,0.0312,0.0218,0.0407,2530,3007,2996,477
4735,Ghosts of Mars (2001),Horror|Sci-Fi|Thriller,51,0.0107,2.4706,0.048,0.0293,0.0368,0.0219,2531,2996,3012,481
3799,Pokémon the Movie 2000 (2000),Animation|Children,55,0.0549,1.7364,0.0009,0.0279,0.0171,0.0387,2532,3010,3000,478
1980,Friday the 13th Part VII: The New Blood (1988),Horror,54,0.0452,1.8704,0.005,0.0251,0.0171,0.0331,2533,3011,3005,478
3190,Supernova (2000),Adventure|Sci-Fi|Thriller,52,0.0229,2.2115,0.0226,0.0228,0.0227,0.0228,2534,3005,3009,475
3024,Piranha (1978),Horror|Sci-Fi,52,0.0229,2.2019,0.0217,0.0223,0.022,0.0225,2535,3006,3010,475
4899,Black Knight (2001),Adventure|Comedy|Fantasy,50,0.0,2.38,0.037,0.0185,0.0259,0.0111,2536,3004,3018,482
4104,Ernest Goes to Camp (1987),Comedy,52,0.0229,2.0288,0.0116,0.0173,0.015,0.0195,2537,3012,3013,476
4215,Revenge of the Nerds II: Nerds in Paradise (1987),Comedy,51,0.0107,2.2255,0.0235,0.0171,0.0197,0.0145,2538,3009,3016,478
2828,Dudley Do-Right (1999),Children|Comedy,52,0.0229,2.0,0.0104,0.0166,0.0141,0.0191,2539,3013,3014,475
1984,Halloween III: Season of the Witch (1982),Horror,52,0.0229,1.9712,0.0082,0.0155,0.0126,0.0185,2540,3016,3015,476
3299,Hanging Up (2000),Comedy|Drama,50,0.0,2.32,0.0298,0.0149,0.0209,0.0089,2541,3008,3019,478
3877,Supergirl (1984),Action|Adventure|Fantasy,51,0.0107,2.098,0.0135,0.0121,0.0126,0.0115,2542,3015,3017,475
1986,Halloween 5: The Revenge of Michael Myers (1989),Horror,50,0.0,2.17,0.0188,0.0094,0.0132,0.0056,2543,3014,3021,478
2514,Pet Sematary II (1992),Comedy|Horror,50,0.0,2.17,0.0188,0.0094,0.0132,0.0056,2543,3014,3021,478
2816,Iron Eagle II (1988),Action|War,51,0.0107,1.7941,0.0028,0.0067,0.0052,0.0083,2544,3017,3020,476
5106,Crossroads (2002),Comedy|Musical|Romance,50,0.0,1.78,0.0022,0.0011,0.0015,0.0007,2545,3018,3022,477
